#pragma once
#include <Arduino.h>
#include <pgmspace.h>

// Auto-generated 48x48 RGB565 weather icon set (index 0..7)
#define WEATHER48_W 48
#define WEATHER48_H 48

// 0 - Clear
const uint16_t PROGMEM WEATHER48_ICON_0[WEATHER48_W*WEATHER48_H] = {
  0x0000, 0x0000, 0x0000, 0x0000, 0x0000, 0x0000, 0x0000, 0x0000, 0x0000, 0x0000, 0x0000, 0x0000, 
  0x0000, 0x0000, 0x0000, 0x0000, 0x0000, 0x0000, 0x0000, 0x0000, 0x0000, 0x0000, 0x0000, 0x0000, 
  0x0000, 0x0000, 0x0000, 0x0000, 0x0000, 0x0000, 0x0000, 0x0000, 0x0000, 0x0000, 0x0000, 0x0000, 
  0x0000, 0x0000, 0x0000, 0x0000, 0x0000, 0x0000, 0x0000, 0x0000, 0x0000, 0x0000, 0x0000, 0x0000, 
  0x0000, 0x0000, 0x0000, 0x0000, 0x0000, 0x0000, 0x0000, 0x0000, 0x0000, 0x0000, 0x0000, 0x0000, 
  0x0000, 0x0000, 0x0000, 0x0000, 0x0000, 0x0000, 0x0000, 0x0000, 0x0000, 0x0000, 0x0000, 0x0000, 
  0x0000, 0x0000, 0x0000, 0x0000, 0x0000, 0x0000, 0x0000, 0x0000, 0x0000, 0x0000, 0x0000, 0x0000, 
  0x0000, 0x0000, 0x0000, 0x0000, 0x0000, 0x0000, 0x0000, 0x0000, 0x0000, 0x0000, 0x0000, 0x0000, 
  0x0000, 0x0000, 0x0000, 0x0000, 0x0000, 0x0000, 0x0000, 0x0000, 0x0000, 0x0000, 0x0000, 0x0000, 
  0x0000, 0x0000, 0x0000, 0x0000, 0x0000, 0x0000, 0x0000, 0x0000, 0x0000, 0x0000, 0x0000, 0xFEA0, 
  0xFEA0, 0x0000, 0x0000, 0x0000, 0x0000, 0x0000, 0x0000, 0x0000, 0x0000, 0x0000, 0x0000, 0x0000, 
  0x0000, 0x0000, 0x0000, 0x0000, 0x0000, 0x0000, 0x0000, 0x0000, 0x0000, 0x0000, 0x0000, 0x0000, 
  0x0000, 0x0000, 0x0000, 0x0000, 0x0000, 0x0000, 0x0000, 0x0000, 0x0000, 0x0000, 0x0000, 0x0000, 
  0x0000, 0x0000, 0x0000, 0x0000, 0x0000, 0x0000, 0x0000, 0x0000, 0x0000, 0x0000, 0x0000, 0xFEA0, 
  0xFEA0, 0x0000, 0x0000, 0x0000, 0x0000, 0x0000, 0x0000, 0x0000, 0x0000, 0x0000, 0x0000, 0x0000, 
  0x0000, 0x0000, 0x0000, 0x0000, 0x0000, 0x0000, 0x0000, 0x0000, 0x0000, 0x0000, 0x0000, 0x0000, 
  0x0000, 0x0000, 0x0000, 0x0000, 0x0000, 0x0000, 0x0000, 0x0000, 0x0000, 0x0000, 0x0000, 0x0000, 
  0x0000, 0x0000, 0x0000, 0x0000, 0x0000, 0x0000, 0x0000, 0x0000, 0x0000, 0x0000, 0x0000, 0xFEA0, 
  0xFEA0, 0x0000, 0x0000, 0x0000, 0x0000, 0x0000, 0x0000, 0x0000, 0x0000, 0x0000, 0x0000, 0x0000, 
  0x0000, 0x0000, 0x0000, 0x0000, 0x0000, 0x0000, 0x0000, 0x0000, 0x0000, 0x0000, 0x0000, 0x0000, 
  0x0000, 0x0000, 0x0000, 0x0000, 0x0000, 0x0000, 0x0000, 0x0000, 0x0000, 0x0000, 0x0000, 0x0000, 
  0xFEA0, 0xFEA0, 0x0000, 0x0000, 0x0000, 0x0000, 0x0000, 0x0000, 0x0000, 0x0000, 0x0000, 0xFEA0, 
  0xFEA0, 0x0000, 0x0000, 0x0000, 0x0000, 0x0000, 0x0000, 0x0000, 0x0000, 0x0000, 0xFEA0, 0xFEA0, 
  0x0000, 0x0000, 0x0000, 0x0000, 0x0000, 0x0000, 0x0000, 0x0000, 0x0000, 0x0000, 0x0000, 0x0000, 
  0x0000, 0x0000, 0x0000, 0x0000, 0x0000, 0x0000, 0x0000, 0x0000, 0x0000, 0x0000, 0x0000, 0x0000, 
  0x0000, 0xFEA0, 0x0000, 0x0000, 0x0000, 0x0000, 0x0000, 0x0000, 0x0000, 0x0000, 0x0000, 0xFEA0, 
  0xFEA0, 0x0000, 0x0000, 0x0000, 0x0000, 0x0000, 0x0000, 0x0000, 0x0000, 0x0000, 0xFEA0, 0x0000, 
  0x0000, 0x0000, 0x0000, 0x0000, 0x0000, 0x0000, 0x0000, 0x0000, 0x0000, 0x0000, 0x0000, 0x0000, 
  0x0000, 0x0000, 0x0000, 0x0000, 0x0000, 0x0000, 0x0000, 0x0000, 0x0000, 0x0000, 0x0000, 0x0000, 
  0x0000, 0xFEA0, 0xFEA0, 0x0000, 0x0000, 0x0000, 0x0000, 0x0000, 0x0000, 0x0000, 0x0000, 0xFEA0, 
  0xFEA0, 0x0000, 0x0000, 0x0000, 0x0000, 0x0000, 0x0000, 0x0000, 0x0000, 0xFEA0, 0xFEA0, 0x0000, 
  0x0000, 0x0000, 0x0000, 0x0000, 0x0000, 0x0000, 0x0000, 0x0000, 0x0000, 0x0000, 0x0000, 0x0000, 
  0x0000, 0x0000, 0x0000, 0x0000, 0x0000, 0x0000, 0x0000, 0x0000, 0x0000, 0x0000, 0x0000, 0x0000, 
  0x0000, 0x0000, 0xFEA0, 0x0000, 0x0000, 0x0000, 0x0000, 0x0000, 0x0000, 0x0000, 0x0000, 0xFEA0, 
  0xFEA0, 0x0000, 0x0000, 0x0000, 0x0000, 0x0000, 0x0000, 0x0000, 0x0000, 0xFEA0, 0x0000, 0x0000, 
  0x0000, 0x0000, 0x0000, 0x0000, 0x0000, 0x0000, 0x0000, 0x0000, 0x0000, 0x0000, 0x0000, 0x0000, 
  0x0000, 0x0000, 0x0000, 0x0000, 0x0000, 0x0000, 0x0000, 0x0000, 0x0000, 0x0000, 0x0000, 0x0000, 
  0x0000, 0x0000, 0xFEA0, 0xFEA0, 0x0000, 0x0000, 0x0000, 0x0000, 0x0000, 0x0000, 0x0000, 0x0000, 
  0x0000, 0x0000, 0x0000, 0x0000, 0x0000, 0x0000, 0x0000, 0x0000, 0xFEA0, 0xFEA0, 0x0000, 0x0000, 
  0x0000, 0x0000, 0x0000, 0x0000, 0x0000, 0x0000, 0x0000, 0x0000, 0x0000, 0x0000, 0x0000, 0x0000, 
  0x0000, 0x0000, 0x0000, 0x0000, 0x0000, 0x0000, 0x0000, 0x0000, 0x0000, 0x0000, 0x0000, 0x0000, 
  0x0000, 0x0000, 0x0000, 0xFEA0, 0x0000, 0x0000, 0x0000, 0x0000, 0x0000, 0x0000, 0x0000, 0x0000, 
  0x0000, 0x0000, 0x0000, 0x0000, 0x0000, 0x0000, 0x0000, 0x0000, 0xFEA0, 0x0000, 0x0000, 0x0000, 
  0x0000, 0x0000, 0x0000, 0x0000, 0x0000, 0x0000, 0x0000, 0x0000, 0x0000, 0x0000, 0x0000, 0x0000, 
  0x0000, 0x0000, 0x0000, 0x0000, 0x0000, 0x0000, 0x0000, 0x0000, 0x0000, 0x0000, 0x0000, 0x0000, 
  0x0000, 0x0000, 0x0000, 0xFEA0, 0xFEA0, 0x0000, 0x0000, 0x0000, 0x0000, 0x0000, 0x0000, 0x0000, 
  0x0000, 0x0000, 0x0000, 0x0000, 0x0000, 0x0000, 0x0000, 0xFEA0, 0xFEA0, 0x0000, 0x0000, 0x0000, 
  0x0000, 0x0000, 0x0000, 0x0000, 0x0000, 0x0000, 0x0000, 0x0000, 0x0000, 0x0000, 0x0000, 0x0000, 
  0x0000, 0x0000, 0x0000, 0x0000, 0x0000, 0xFEA0, 0x0000, 0x0000, 0x0000, 0x0000, 0x0000, 0x0000, 
  0x0000, 0x0000, 0x0000, 0x0000, 0x0000, 0x0000, 0x0000, 0x0000, 0x0000, 0xFEA0, 0xFEA0, 0xFEA0, 
  0xFEA0, 0xFEA0, 0xFEA0, 0xFEA0, 0x0000, 0x0000, 0x0000, 0x0000, 0x0000, 0x0000, 0x0000, 0x0000, 
  0x0000, 0x0000, 0x0000, 0x0000, 0x0000, 0x0000, 0x0000, 0x0000, 0x0000, 0x0000, 0x0000, 0x0000, 
  0x0000, 0x0000, 0x0000, 0x0000, 0x0000, 0xFEA0, 0xFEA0, 0xFEA0, 0x0000, 0x0000, 0x0000, 0x0000, 
  0x0000, 0x0000, 0x0000, 0x0000, 0x0000, 0x0000, 0x0000, 0xFEA0, 0xFEA0, 0xFEA0, 0xFEA0, 0xFEA0, 
  0xFEA0, 0xFEA0, 0xFEA0, 0xFEA0, 0xFEA0, 0xFEA0, 0x0000, 0x0000, 0x0000, 0x0000, 0x0000, 0x0000, 
  0x0000, 0x0000, 0x0000, 0x0000, 0x0000, 0x0000, 0x0000, 0xFEA0, 0x0000, 0x0000, 0x0000, 0x0000, 
  0x0000, 0x0000, 0x0000, 0x0000, 0x0000, 0x0000, 0x0000, 0xFEA0, 0xFEA0, 0xFEA0, 0x0000, 0x0000, 
  0x0000, 0x0000, 0x0000, 0x0000, 0x0000, 0xFEA0, 0xFEA0, 0xFEA0, 0xFEA0, 0xFEA0, 0xFEA0, 0xFEA0, 
  0xFEA0, 0xFEA0, 0xFEA0, 0xFEA0, 0xFEA0, 0xFEA0, 0xFEA0, 0xFEA0, 0x0000, 0x0000, 0x0000, 0x0000, 
  0x0000, 0x0000, 0x0000, 0x0000, 0x0000, 0xFEA0, 0xFEA0, 0xFEA0, 0x0000, 0x0000, 0x0000, 0x0000, 
  0x0000, 0x0000, 0x0000, 0x0000, 0x0000, 0x0000, 0x0000, 0x0000, 0x0000, 0xFEA0, 0xFEA0, 0xFEA0, 
  0x0000, 0x0000, 0x0000, 0x0000, 0xFEA0, 0xFEA0, 0xFEA0, 0xFEA0, 0xFEA0, 0xFEA0, 0xFEA0, 0xFEA0, 
  0xFEA0, 0xFEA0, 0xFEA0, 0xFEA0, 0xFEA0, 0xFEA0, 0xFEA0, 0xFEA0, 0xFEA0, 0x0000, 0x0000, 0x0000, 
  0x0000, 0x0000, 0x0000, 0xFEA0, 0xFEA0, 0xFEA0, 0x0000, 0x0000, 0x0000, 0x0000, 0x0000, 0x0000, 
  0x0000, 0x0000, 0x0000, 0x0000, 0x0000, 0x0000, 0x0000, 0x0000, 0x0000, 0x0000, 0x0000, 0xFEA0, 
  0x0000, 0x0000, 0x0000, 0xFEA0, 0xFEA0, 0xFEA0, 0xFEA0, 0xFEA0, 0xFEA0, 0xFEA0, 0xFEA0, 0xFEA0, 
  0xFEA0, 0xFEA0, 0xFEA0, 0xFEA0, 0xFEA0, 0xFEA0, 0xFEA0, 0xFEA0, 0xFEA0, 0xFEA0, 0x0000, 0x0000, 
  0x0000, 0xFEA0, 0xFEA0, 0xFEA0, 0x0000, 0x0000, 0x0000, 0x0000, 0x0000, 0x0000, 0x0000, 0x0000, 
  0x0000, 0x0000, 0x0000, 0x0000, 0x0000, 0x0000, 0x0000, 0x0000, 0x0000, 0x0000, 0x0000, 0x0000, 
  0x0000, 0x0000, 0xFEA0, 0xFEA0, 0xFEA0, 0xFEA0, 0xFEA0, 0xFEA0, 0xFEA0, 0xFEA0, 0xFEA0, 0xFEA0, 
  0xFEA0, 0xFEA0, 0xFEA0, 0xFEA0, 0xFEA0, 0xFEA0, 0xFEA0, 0xFEA0, 0xFEA0, 0xFEA0, 0xFEA0, 0x0000, 
  0x0000, 0xFEA0, 0x0000, 0x0000, 0x0000, 0x0000, 0x0000, 0x0000, 0x0000, 0x0000, 0x0000, 0x0000, 
  0x0000, 0x0000, 0x0000, 0x0000, 0x0000, 0x0000, 0x0000, 0x0000, 0x0000, 0x0000, 0x0000, 0x0000, 
  0x0000, 0x0000, 0xFEA0, 0xFEA0, 0xFEA0, 0xFEA0, 0xFEA0, 0xFEA0, 0xFEA0, 0xFEA0, 0xFEA0, 0xFEA0, 
  0xFEA0, 0xFEA0, 0xFEA0, 0xFEA0, 0xFEA0, 0xFEA0, 0xFEA0, 0xFEA0, 0xFEA0, 0xFEA0, 0xFEA0, 0x0000, 
  0x0000, 0x0000, 0x0000, 0x0000, 0x0000, 0x0000, 0x0000, 0x0000, 0x0000, 0x0000, 0x0000, 0x0000, 
  0x0000, 0x0000, 0x0000, 0x0000, 0x0000, 0x0000, 0x0000, 0x0000, 0x0000, 0x0000, 0x0000, 0x0000, 
  0x0000, 0xFEA0, 0xFEA0, 0xFEA0, 0xFEA0, 0xFEA0, 0xFEA0, 0xFEA0, 0xFEA0, 0xFEA0, 0xFEA0, 0xFEA0, 
  0xFEA0, 0xFEA0, 0xFEA0, 0xFEA0, 0xFEA0, 0xFEA0, 0xFEA0, 0xFEA0, 0xFEA0, 0xFEA0, 0xFEA0, 0xFEA0, 
  0x0000, 0x0000, 0x0000, 0x0000, 0x0000, 0x0000, 0x0000, 0x0000, 0x0000, 0x0000, 0x0000, 0x0000, 
  0x0000, 0x0000, 0x0000, 0x0000, 0x0000, 0x0000, 0x0000, 0x0000, 0x0000, 0x0000, 0x0000, 0x0000, 
  0x0000, 0xFEA0, 0xFEA0, 0xFEA0, 0xFEA0, 0xFEA0, 0xFEA0, 0xFEA0, 0xFEA0, 0xFEA0, 0xFEA0, 0xFEA0, 
  0xFEA0, 0xFEA0, 0xFEA0, 0xFEA0, 0xFEA0, 0xFEA0, 0xFEA0, 0xFEA0, 0xFEA0, 0xFEA0, 0xFEA0, 0xFEA0, 
  0x0000, 0x0000, 0x0000, 0x0000, 0x0000, 0x0000, 0x0000, 0x0000, 0x0000, 0x0000, 0x0000, 0x0000, 
  0x0000, 0x0000, 0x0000, 0x0000, 0x0000, 0x0000, 0x0000, 0x0000, 0x0000, 0x0000, 0x0000, 0x0000, 
  0xFEA0, 0xFEA0, 0xFEA0, 0xFEA0, 0xFEA0, 0xFEA0, 0xFEA0, 0xFEA0, 0xFEA0, 0xFEA0, 0xFEA0, 0xFEA0, 
  0xFEA0, 0xFEA0, 0xFEA0, 0xFEA0, 0xFEA0, 0xFEA0, 0xFEA0, 0xFEA0, 0xFEA0, 0xFEA0, 0xFEA0, 0xFEA0, 
  0xFEA0, 0x0000, 0x0000, 0x0000, 0x0000, 0x0000, 0x0000, 0x0000, 0x0000, 0x0000, 0x0000, 0x0000, 
  0x0000, 0x0000, 0x0000, 0x0000, 0x0000, 0x0000, 0x0000, 0x0000, 0x0000, 0x0000, 0x0000, 0x0000, 
  0xFEA0, 0xFEA0, 0xFEA0, 0xFEA0, 0xFEA0, 0xFEA0, 0xFEA0, 0xFEA0, 0xFEA0, 0xFEA0, 0xFEA0, 0xFEA0, 
  0xFEA0, 0xFEA0, 0xFEA0, 0xFEA0, 0xFEA0, 0xFEA0, 0xFEA0, 0xFEA0, 0xFEA0, 0xFEA0, 0xFEA0, 0xFEA0, 
  0xFEA0, 0x0000, 0x0000, 0x0000, 0x0000, 0x0000, 0x0000, 0x0000, 0x0000, 0x0000, 0x0000, 0x0000, 
  0x0000, 0x0000, 0xFEA0, 0xFEA0, 0xFEA0, 0xFEA0, 0xFEA0, 0xFEA0, 0xFEA0, 0x0000, 0x0000, 0x0000, 
  0xFEA0, 0xFEA0, 0xFEA0, 0xFEA0, 0xFEA0, 0xFEA0, 0xFEA0, 0xFEA0, 0xFEA0, 0xFEA0, 0xFEA0, 0xFEA0, 
  0xFEA0, 0xFEA0, 0xFEA0, 0xFEA0, 0xFEA0, 0xFEA0, 0xFEA0, 0xFEA0, 0xFEA0, 0xFEA0, 0xFEA0, 0xFEA0, 
  0xFEA0, 0x0000, 0x0000, 0x0000, 0x0000, 0x0000, 0x0000, 0x0000, 0x0000, 0x0000, 0x0000, 0x0000, 
  0x0000, 0x0000, 0xFEA0, 0xFEA0, 0xFEA0, 0xFEA0, 0xFEA0, 0xFEA0, 0xFEA0, 0x0000, 0x0000, 0x0000, 
  0xFEA0, 0xFEA0, 0xFEA0, 0xFEA0, 0xFEA0, 0xFEA0, 0xFEA0, 0xFEA0, 0xFEA0, 0xFEA0, 0xFEA0, 0xFEA0, 
  0xFEA0, 0xFEA0, 0xFEA0, 0xFEA0, 0xFEA0, 0xFEA0, 0xFEA0, 0xFEA0, 0xFEA0, 0xFEA0, 0xFEA0, 0xFEA0, 
  0xFEA0, 0x0000, 0x0000, 0x0000, 0xFEA0, 0xFEA0, 0xFEA0, 0xFEA0, 0xFEA0, 0xFEA0, 0xFEA0, 0x0000, 
  0x0000, 0x0000, 0x0000, 0x0000, 0x0000, 0x0000, 0x0000, 0x0000, 0x0000, 0x0000, 0x0000, 0x0000, 
  0xFEA0, 0xFEA0, 0xFEA0, 0xFEA0, 0xFEA0, 0xFEA0, 0xFEA0, 0xFEA0, 0xFEA0, 0xFEA0, 0xFEA0, 0xFEA0, 
  0xFEA0, 0xFEA0, 0xFEA0, 0xFEA0, 0xFEA0, 0xFEA0, 0xFEA0, 0xFEA0, 0xFEA0, 0xFEA0, 0xFEA0, 0xFEA0, 
  0xFEA0, 0x0000, 0x0000, 0x0000, 0xFEA0, 0xFEA0, 0xFEA0, 0xFEA0, 0xFEA0, 0xFEA0, 0xFEA0, 0x0000, 
  0x0000, 0x0000, 0x0000, 0x0000, 0x0000, 0x0000, 0x0000, 0x0000, 0x0000, 0x0000, 0x0000, 0x0000, 
  0xFEA0, 0xFEA0, 0xFEA0, 0xFEA0, 0xFEA0, 0xFEA0, 0xFEA0, 0xFEA0, 0xFEA0, 0xFEA0, 0xFEA0, 0xFEA0, 
  0xFEA0, 0xFEA0, 0xFEA0, 0xFEA0, 0xFEA0, 0xFEA0, 0xFEA0, 0xFEA0, 0xFEA0, 0xFEA0, 0xFEA0, 0xFEA0, 
  0xFEA0, 0x0000, 0x0000, 0x0000, 0x0000, 0x0000, 0x0000, 0x0000, 0x0000, 0x0000, 0x0000, 0x0000, 
  0x0000, 0x0000, 0x0000, 0x0000, 0x0000, 0x0000, 0x0000, 0x0000, 0x0000, 0x0000, 0x0000, 0x0000, 
  0xFEA0, 0xFEA0, 0xFEA0, 0xFEA0, 0xFEA0, 0xFEA0, 0xFEA0, 0xFEA0, 0xFEA0, 0xFEA0, 0xFEA0, 0xFEA0, 
  0xFEA0, 0xFEA0, 0xFEA0, 0xFEA0, 0xFEA0, 0xFEA0, 0xFEA0, 0xFEA0, 0xFEA0, 0xFEA0, 0xFEA0, 0xFEA0, 
  0xFEA0, 0x0000, 0x0000, 0x0000, 0x0000, 0x0000, 0x0000, 0x0000, 0x0000, 0x0000, 0x0000, 0x0000, 
  0x0000, 0x0000, 0x0000, 0x0000, 0x0000, 0x0000, 0x0000, 0x0000, 0x0000, 0x0000, 0x0000, 0x0000, 
  0x0000, 0xFEA0, 0xFEA0, 0xFEA0, 0xFEA0, 0xFEA0, 0xFEA0, 0xFEA0, 0xFEA0, 0xFEA0, 0xFEA0, 0xFEA0, 
  0xFEA0, 0xFEA0, 0xFEA0, 0xFEA0, 0xFEA0, 0xFEA0, 0xFEA0, 0xFEA0, 0xFEA0, 0xFEA0, 0xFEA0, 0xFEA0, 
  0x0000, 0x0000, 0x0000, 0x0000, 0x0000, 0x0000, 0x0000, 0x0000, 0x0000, 0x0000, 0x0000, 0x0000, 
  0x0000, 0x0000, 0x0000, 0x0000, 0x0000, 0x0000, 0x0000, 0x0000, 0x0000, 0x0000, 0x0000, 0x0000, 
  0x0000, 0xFEA0, 0xFEA0, 0xFEA0, 0xFEA0, 0xFEA0, 0xFEA0, 0xFEA0, 0xFEA0, 0xFEA0, 0xFEA0, 0xFEA0, 
  0xFEA0, 0xFEA0, 0xFEA0, 0xFEA0, 0xFEA0, 0xFEA0, 0xFEA0, 0xFEA0, 0xFEA0, 0xFEA0, 0xFEA0, 0xFEA0, 
  0x0000, 0x0000, 0x0000, 0x0000, 0x0000, 0x0000, 0x0000, 0x0000, 0x0000, 0x0000, 0x0000, 0x0000, 
  0x0000, 0x0000, 0x0000, 0x0000, 0x0000, 0x0000, 0x0000, 0x0000, 0x0000, 0x0000, 0x0000, 0xFEA0, 
  0x0000, 0x0000, 0xFEA0, 0xFEA0, 0xFEA0, 0xFEA0, 0xFEA0, 0xFEA0, 0xFEA0, 0xFEA0, 0xFEA0, 0xFEA0, 
  0xFEA0, 0xFEA0, 0xFEA0, 0xFEA0, 0xFEA0, 0xFEA0, 0xFEA0, 0xFEA0, 0xFEA0, 0xFEA0, 0xFEA0, 0x0000, 
  0x0000, 0x0000, 0x0000, 0x0000, 0x0000, 0x0000, 0x0000, 0x0000, 0x0000, 0x0000, 0x0000, 0x0000, 
  0x0000, 0x0000, 0x0000, 0x0000, 0x0000, 0x0000, 0x0000, 0x0000, 0x0000, 0xFEA0, 0xFEA0, 0xFEA0, 
  0x0000, 0x0000, 0xFEA0, 0xFEA0, 0xFEA0, 0xFEA0, 0xFEA0, 0xFEA0, 0xFEA0, 0xFEA0, 0xFEA0, 0xFEA0, 
  0xFEA0, 0xFEA0, 0xFEA0, 0xFEA0, 0xFEA0, 0xFEA0, 0xFEA0, 0xFEA0, 0xFEA0, 0xFEA0, 0xFEA0, 0x0000, 
  0x0000, 0xFEA0, 0x0000, 0x0000, 0x0000, 0x0000, 0x0000, 0x0000, 0x0000, 0x0000, 0x0000, 0x0000, 
  0x0000, 0x0000, 0x0000, 0x0000, 0x0000, 0x0000, 0x0000, 0xFEA0, 0xFEA0, 0xFEA0, 0x0000, 0x0000, 
  0x0000, 0x0000, 0x0000, 0xFEA0, 0xFEA0, 0xFEA0, 0xFEA0, 0xFEA0, 0xFEA0, 0xFEA0, 0xFEA0, 0xFEA0, 
  0xFEA0, 0xFEA0, 0xFEA0, 0xFEA0, 0xFEA0, 0xFEA0, 0xFEA0, 0xFEA0, 0xFEA0, 0xFEA0, 0x0000, 0x0000, 
  0x0000, 0xFEA0, 0xFEA0, 0xFEA0, 0x0000, 0x0000, 0x0000, 0x0000, 0x0000, 0x0000, 0x0000, 0x0000, 
  0x0000, 0x0000, 0x0000, 0x0000, 0x0000, 0xFEA0, 0xFEA0, 0xFEA0, 0x0000, 0x0000, 0x0000, 0x0000, 
  0x0000, 0x0000, 0x0000, 0x0000, 0xFEA0, 0xFEA0, 0xFEA0, 0xFEA0, 0xFEA0, 0xFEA0, 0xFEA0, 0xFEA0, 
  0xFEA0, 0xFEA0, 0xFEA0, 0xFEA0, 0xFEA0, 0xFEA0, 0xFEA0, 0xFEA0, 0xFEA0, 0x0000, 0x0000, 0x0000, 
  0x0000, 0x0000, 0x0000, 0xFEA0, 0xFEA0, 0xFEA0, 0x0000, 0x0000, 0x0000, 0x0000, 0x0000, 0x0000, 
  0x0000, 0x0000, 0x0000, 0x0000, 0x0000, 0xFEA0, 0x0000, 0x0000, 0x0000, 0x0000, 0x0000, 0x0000, 
  0x0000, 0x0000, 0x0000, 0x0000, 0x0000, 0xFEA0, 0xFEA0, 0xFEA0, 0xFEA0, 0xFEA0, 0xFEA0, 0xFEA0, 
  0xFEA0, 0xFEA0, 0xFEA0, 0xFEA0, 0xFEA0, 0xFEA0, 0xFEA0, 0xFEA0, 0x0000, 0x0000, 0x0000, 0x0000, 
  0x0000, 0x0000, 0x0000, 0x0000, 0x0000, 0xFEA0, 0xFEA0, 0xFEA0, 0x0000, 0x0000, 0x0000, 0x0000, 
  0x0000, 0x0000, 0x0000, 0x0000, 0x0000, 0x0000, 0x0000, 0x0000, 0x0000, 0x0000, 0x0000, 0x0000, 
  0x0000, 0x0000, 0x0000, 0x0000, 0x0000, 0x0000, 0x0000, 0xFEA0, 0xFEA0, 0xFEA0, 0xFEA0, 0xFEA0, 
  0xFEA0, 0xFEA0, 0xFEA0, 0xFEA0, 0xFEA0, 0xFEA0, 0x0000, 0x0000, 0x0000, 0x0000, 0x0000, 0x0000, 
  0x0000, 0x0000, 0x0000, 0x0000, 0x0000, 0x0000, 0x0000, 0xFEA0, 0x0000, 0x0000, 0x0000, 0x0000, 
  0x0000, 0x0000, 0x0000, 0x0000, 0x0000, 0x0000, 0x0000, 0x0000, 0x0000, 0x0000, 0x0000, 0x0000, 
  0x0000, 0x0000, 0x0000, 0x0000, 0x0000, 0x0000, 0x0000, 0x0000, 0x0000, 0xFEA0, 0xFEA0, 0xFEA0, 
  0xFEA0, 0xFEA0, 0xFEA0, 0xFEA0, 0x0000, 0x0000, 0x0000, 0x0000, 0x0000, 0x0000, 0x0000, 0x0000, 
  0x0000, 0x0000, 0x0000, 0x0000, 0x0000, 0x0000, 0x0000, 0x0000, 0x0000, 0x0000, 0x0000, 0x0000, 
  0x0000, 0x0000, 0x0000, 0x0000, 0x0000, 0x0000, 0x0000, 0x0000, 0x0000, 0x0000, 0x0000, 0x0000, 
  0x0000, 0x0000, 0x0000, 0x0000, 0x0000, 0xFEA0, 0xFEA0, 0x0000, 0x0000, 0x0000, 0x0000, 0x0000, 
  0x0000, 0x0000, 0x0000, 0x0000, 0x0000, 0x0000, 0x0000, 0x0000, 0xFEA0, 0xFEA0, 0x0000, 0x0000, 
  0x0000, 0x0000, 0x0000, 0x0000, 0x0000, 0x0000, 0x0000, 0x0000, 0x0000, 0x0000, 0x0000, 0x0000, 
  0x0000, 0x0000, 0x0000, 0x0000, 0x0000, 0x0000, 0x0000, 0x0000, 0x0000, 0x0000, 0x0000, 0x0000, 
  0x0000, 0x0000, 0x0000, 0x0000, 0x0000, 0xFEA0, 0x0000, 0x0000, 0x0000, 0x0000, 0x0000, 0x0000, 
  0x0000, 0x0000, 0x0000, 0x0000, 0x0000, 0x0000, 0x0000, 0x0000, 0x0000, 0xFEA0, 0x0000, 0x0000, 
  0x0000, 0x0000, 0x0000, 0x0000, 0x0000, 0x0000, 0x0000, 0x0000, 0x0000, 0x0000, 0x0000, 0x0000, 
  0x0000, 0x0000, 0x0000, 0x0000, 0x0000, 0x0000, 0x0000, 0x0000, 0x0000, 0x0000, 0x0000, 0x0000, 
  0x0000, 0x0000, 0x0000, 0x0000, 0xFEA0, 0xFEA0, 0x0000, 0x0000, 0x0000, 0x0000, 0x0000, 0x0000, 
  0x0000, 0x0000, 0x0000, 0x0000, 0x0000, 0x0000, 0x0000, 0x0000, 0x0000, 0xFEA0, 0xFEA0, 0x0000, 
  0x0000, 0x0000, 0x0000, 0x0000, 0x0000, 0x0000, 0x0000, 0x0000, 0x0000, 0x0000, 0x0000, 0x0000, 
  0x0000, 0x0000, 0x0000, 0x0000, 0x0000, 0x0000, 0x0000, 0x0000, 0x0000, 0x0000, 0x0000, 0x0000, 
  0x0000, 0x0000, 0x0000, 0x0000, 0xFEA0, 0x0000, 0x0000, 0x0000, 0x0000, 0x0000, 0x0000, 0x0000, 
  0xFEA0, 0xFEA0, 0x0000, 0x0000, 0x0000, 0x0000, 0x0000, 0x0000, 0x0000, 0x0000, 0xFEA0, 0x0000, 
  0x0000, 0x0000, 0x0000, 0x0000, 0x0000, 0x0000, 0x0000, 0x0000, 0x0000, 0x0000, 0x0000, 0x0000, 
  0x0000, 0x0000, 0x0000, 0x0000, 0x0000, 0x0000, 0x0000, 0x0000, 0x0000, 0x0000, 0x0000, 0x0000, 
  0x0000, 0x0000, 0x0000, 0xFEA0, 0xFEA0, 0x0000, 0x0000, 0x0000, 0x0000, 0x0000, 0x0000, 0x0000, 
  0xFEA0, 0xFEA0, 0x0000, 0x0000, 0x0000, 0x0000, 0x0000, 0x0000, 0x0000, 0x0000, 0xFEA0, 0xFEA0, 
  0x0000, 0x0000, 0x0000, 0x0000, 0x0000, 0x0000, 0x0000, 0x0000, 0x0000, 0x0000, 0x0000, 0x0000, 
  0x0000, 0x0000, 0x0000, 0x0000, 0x0000, 0x0000, 0x0000, 0x0000, 0x0000, 0x0000, 0x0000, 0x0000, 
  0x0000, 0x0000, 0x0000, 0xFEA0, 0x0000, 0x0000, 0x0000, 0x0000, 0x0000, 0x0000, 0x0000, 0x0000, 
  0xFEA0, 0xFEA0, 0x0000, 0x0000, 0x0000, 0x0000, 0x0000, 0x0000, 0x0000, 0x0000, 0x0000, 0xFEA0, 
  0x0000, 0x0000, 0x0000, 0x0000, 0x0000, 0x0000, 0x0000, 0x0000, 0x0000, 0x0000, 0x0000, 0x0000, 
  0x0000, 0x0000, 0x0000, 0x0000, 0x0000, 0x0000, 0x0000, 0x0000, 0x0000, 0x0000, 0x0000, 0x0000, 
  0x0000, 0x0000, 0xFEA0, 0xFEA0, 0x0000, 0x0000, 0x0000, 0x0000, 0x0000, 0x0000, 0x0000, 0x0000, 
  0xFEA0, 0xFEA0, 0x0000, 0x0000, 0x0000, 0x0000, 0x0000, 0x0000, 0x0000, 0x0000, 0x0000, 0xFEA0, 
  0xFEA0, 0x0000, 0x0000, 0x0000, 0x0000, 0x0000, 0x0000, 0x0000, 0x0000, 0x0000, 0x0000, 0x0000, 
  0x0000, 0x0000, 0x0000, 0x0000, 0x0000, 0x0000, 0x0000, 0x0000, 0x0000, 0x0000, 0x0000, 0x0000, 
  0x0000, 0x0000, 0x0000, 0x0000, 0x0000, 0x0000, 0x0000, 0x0000, 0x0000, 0x0000, 0x0000, 0x0000, 
  0xFEA0, 0xFEA0, 0x0000, 0x0000, 0x0000, 0x0000, 0x0000, 0x0000, 0x0000, 0x0000, 0x0000, 0x0000, 
  0x0000, 0x0000, 0x0000, 0x0000, 0x0000, 0x0000, 0x0000, 0x0000, 0x0000, 0x0000, 0x0000, 0x0000, 
  0x0000, 0x0000, 0x0000, 0x0000, 0x0000, 0x0000, 0x0000, 0x0000, 0x0000, 0x0000, 0x0000, 0x0000, 
  0x0000, 0x0000, 0x0000, 0x0000, 0x0000, 0x0000, 0x0000, 0x0000, 0x0000, 0x0000, 0x0000, 0x0000, 
  0xFEA0, 0xFEA0, 0x0000, 0x0000, 0x0000, 0x0000, 0x0000, 0x0000, 0x0000, 0x0000, 0x0000, 0x0000, 
  0x0000, 0x0000, 0x0000, 0x0000, 0x0000, 0x0000, 0x0000, 0x0000, 0x0000, 0x0000, 0x0000, 0x0000, 
  0x0000, 0x0000, 0x0000, 0x0000, 0x0000, 0x0000, 0x0000, 0x0000, 0x0000, 0x0000, 0x0000, 0x0000, 
  0x0000, 0x0000, 0x0000, 0x0000, 0x0000, 0x0000, 0x0000, 0x0000, 0x0000, 0x0000, 0x0000, 0x0000, 
  0xFEA0, 0xFEA0, 0x0000, 0x0000, 0x0000, 0x0000, 0x0000, 0x0000, 0x0000, 0x0000, 0x0000, 0x0000, 
  0x0000, 0x0000, 0x0000, 0x0000, 0x0000, 0x0000, 0x0000, 0x0000, 0x0000, 0x0000, 0x0000, 0x0000, 
  0x0000, 0x0000, 0x0000, 0x0000, 0x0000, 0x0000, 0x0000, 0x0000, 0x0000, 0x0000, 0x0000, 0x0000, 
  0x0000, 0x0000, 0x0000, 0x0000, 0x0000, 0x0000, 0x0000, 0x0000, 0x0000, 0x0000, 0x0000, 0x0000, 
  0x0000, 0x0000, 0x0000, 0x0000, 0x0000, 0x0000, 0x0000, 0x0000, 0x0000, 0x0000, 0x0000, 0x0000, 
  0x0000, 0x0000, 0x0000, 0x0000, 0x0000, 0x0000, 0x0000, 0x0000, 0x0000, 0x0000, 0x0000, 0x0000
};

// 1 - Partly cloudy
const uint16_t PROGMEM WEATHER48_ICON_1[WEATHER48_W*WEATHER48_H] = {
  0x0000, 0x0000, 0x0000, 0x0000, 0x0000, 0x0000, 0x0000, 0x0000, 0x0000, 0x0000, 0x0000, 0x0000, 
  0x0000, 0x0000, 0x0000, 0x0000, 0x0000, 0x0000, 0x0000, 0x0000, 0x0000, 0x0000, 0x0000, 0x0000, 
  0x0000, 0x0000, 0x0000, 0x0000, 0x0000, 0x0000, 0x0000, 0x0000, 0x0000, 0x0000, 0x0000, 0x0000, 
  0x0000, 0x0000, 0x0000, 0x0000, 0x0000, 0x0000, 0x0000, 0x0000, 0x0000, 0x0000, 0x0000, 0x0000, 
  0x0000, 0x0000, 0x0000, 0x0000, 0x0000, 0x0000, 0x0000, 0x0000, 0x0000, 0x0000, 0x0000, 0x0000, 
  0x0000, 0x0000, 0x0000, 0x0000, 0x0000, 0x0000, 0x0000, 0x0000, 0x0000, 0x0000, 0x0000, 0x0000, 
  0x0000, 0x0000, 0x0000, 0x0000, 0x0000, 0x0000, 0x0000, 0x0000, 0x0000, 0x0000, 0x0000, 0x0000, 
  0x0000, 0x0000, 0x0000, 0x0000, 0x0000, 0x0000, 0x0000, 0x0000, 0x0000, 0x0000, 0x0000, 0x0000, 
  0x0000, 0x0000, 0x0000, 0x0000, 0x0000, 0x0000, 0x0000, 0x0000, 0x0000, 0x0000, 0x0000, 0x0000, 
  0x0000, 0x0000, 0x0000, 0x0000, 0x0000, 0x0000, 0x0000, 0x0000, 0x0000, 0x0000, 0x0000, 0x0000, 
  0x0000, 0x0000, 0x0000, 0x0000, 0x0000, 0x0000, 0x0000, 0x0000, 0x0000, 0x0000, 0x0000, 0x0000, 
  0x0000, 0x0000, 0x0000, 0x0000, 0x0000, 0x0000, 0x0000, 0x0000, 0x0000, 0x0000, 0x0000, 0x0000, 
  0x0000, 0x0000, 0x0000, 0x0000, 0x0000, 0x0000, 0x0000, 0x0000, 0x0000, 0x0000, 0x0000, 0x0000, 
  0x0000, 0x0000, 0x0000, 0x0000, 0x0000, 0x0000, 0x0000, 0x0000, 0x0000, 0x0000, 0x0000, 0x0000, 
  0x0000, 0x0000, 0x0000, 0x0000, 0x0000, 0x0000, 0x0000, 0x0000, 0x0000, 0x0000, 0x0000, 0x0000, 
  0x0000, 0x0000, 0x0000, 0x0000, 0x0000, 0x0000, 0x0000, 0x0000, 0x0000, 0x0000, 0x0000, 0x0000, 
  0x0000, 0x0000, 0x0000, 0x0000, 0x0000, 0x0000, 0x0000, 0x0000, 0x0000, 0x0000, 0x0000, 0x0000, 
  0x0000, 0x0000, 0x0000, 0x0000, 0x0000, 0x0000, 0x0000, 0x0000, 0x0000, 0x0000, 0x0000, 0x0000, 
  0x0000, 0x0000, 0x0000, 0x0000, 0x0000, 0x0000, 0x0000, 0x0000, 0x0000, 0x0000, 0x0000, 0x0000, 
  0x0000, 0x0000, 0x0000, 0x0000, 0x0000, 0x0000, 0x0000, 0x0000, 0x0000, 0x0000, 0x0000, 0x0000, 
  0x0000, 0x0000, 0x0000, 0x0000, 0x0000, 0x0000, 0x0000, 0x0000, 0x0000, 0x0000, 0x0000, 0x0000, 
  0x0000, 0x0000, 0x0000, 0x0000, 0x0000, 0x0000, 0x0000, 0x0000, 0x0000, 0x0000, 0x0000, 0x0000, 
  0x0000, 0x0000, 0x0000, 0x0000, 0x0000, 0x0000, 0x0000, 0x0000, 0x0000, 0x0000, 0x0000, 0x0000, 
  0x0000, 0x0000, 0x0000, 0x0000, 0x0000, 0x0000, 0x0000, 0x0000, 0x0000, 0x0000, 0x0000, 0x0000, 
  0x0000, 0x0000, 0x0000, 0x0000, 0x0000, 0x0000, 0x0000, 0x0000, 0x0000, 0x0000, 0x0000, 0x0000, 
  0x0000, 0x0000, 0x0000, 0x0000, 0x0000, 0x0000, 0x0000, 0x0000, 0x0000, 0x0000, 0x0000, 0x0000, 
  0x0000, 0x0000, 0x0000, 0x0000, 0x0000, 0x0000, 0x0000, 0x0000, 0x0000, 0x0000, 0x0000, 0x0000, 
  0x0000, 0x0000, 0x0000, 0x0000, 0x0000, 0x0000, 0x0000, 0x0000, 0x0000, 0x0000, 0x0000, 0x0000, 
  0x0000, 0x0000, 0x0000, 0x0000, 0x0000, 0x0000, 0x0000, 0x0000, 0x0000, 0x0000, 0x0000, 0x0000, 
  0x0000, 0x0000, 0x0000, 0x0000, 0x0000, 0x0000, 0x0000, 0x0000, 0x0000, 0x0000, 0x0000, 0x0000, 
  0x0000, 0x0000, 0x0000, 0x0000, 0x0000, 0x0000, 0x0000, 0x0000, 0x0000, 0x0000, 0x0000, 0x0000, 
  0x0000, 0x0000, 0x0000, 0x0000, 0x0000, 0x0000, 0x0000, 0x0000, 0x0000, 0x0000, 0x0000, 0x0000, 
  0x0000, 0x0000, 0x0000, 0x0000, 0x0000, 0x0000, 0x0000, 0x0000, 0x0000, 0x0000, 0x0000, 0x0000, 
  0x0000, 0x0000, 0x0000, 0xFEA0, 0xFEA0, 0xFEA0, 0xFEA0, 0xFEA0, 0xFEA0, 0xFEA0, 0x0000, 0x0000, 
  0x0000, 0x0000, 0x0000, 0x0000, 0x0000, 0x0000, 0x0000, 0x0000, 0x0000, 0x0000, 0x0000, 0x0000, 
  0x0000, 0x0000, 0x0000, 0x0000, 0x0000, 0x0000, 0x0000, 0x0000, 0x0000, 0x0000, 0x0000, 0x0000, 
  0x0000, 0x0000, 0x0000, 0x0000, 0x0000, 0x0000, 0x0000, 0x0000, 0x0000, 0x0000, 0x0000, 0x0000, 
  0x0000, 0xFEA0, 0xFEA0, 0xFEA0, 0xFEA0, 0xFEA0, 0xFEA0, 0xFEA0, 0xFEA0, 0xFEA0, 0xFEA0, 0xFEA0, 
  0x0000, 0x0000, 0x0000, 0x0000, 0x0000, 0x0000, 0x0000, 0x0000, 0x0000, 0x0000, 0x0000, 0x0000, 
  0x0000, 0x0000, 0x0000, 0x0000, 0x0000, 0x0000, 0x0000, 0x0000, 0x0000, 0x0000, 0x0000, 0x0000, 
  0x0000, 0x0000, 0x0000, 0x0000, 0x0000, 0x0000, 0x0000, 0x0000, 0x0000, 0x0000, 0x0000, 0x0000, 
  0xFEA0, 0xFEA0, 0xFEA0, 0xFEA0, 0xFEA0, 0xFEA0, 0xFEA0, 0xFEA0, 0xFEA0, 0xFEA0, 0xFEA0, 0xFEA0, 
  0xFEA0, 0x0000, 0x0000, 0x0000, 0x0000, 0x0000, 0x0000, 0x0000, 0x0000, 0x0000, 0x0000, 0x0000, 
  0x0000, 0x0000, 0x0000, 0x0000, 0x0000, 0x0000, 0x0000, 0x0000, 0x0000, 0x0000, 0x0000, 0x0000, 
  0x0000, 0x0000, 0x0000, 0x0000, 0x0000, 0x0000, 0x0000, 0x0000, 0x0000, 0x0000, 0x0000, 0xFEA0, 
  0xFEA0, 0xFEA0, 0xFEA0, 0xFEA0, 0xFEA0, 0xFEA0, 0xFEA0, 0xFEA0, 0xFEA0, 0xFEA0, 0xFEA0, 0xFEA0, 
  0xFEA0, 0xFEA0, 0x0000, 0x0000, 0x0000, 0x0000, 0x0000, 0x0000, 0x0000, 0x0000, 0x0000, 0x0000, 
  0x0000, 0x0000, 0x0000, 0x0000, 0x0000, 0x0000, 0x0000, 0x0000, 0x0000, 0x0000, 0x0000, 0x0000, 
  0x0000, 0x0000, 0x0000, 0x0000, 0x0000, 0x0000, 0x0000, 0x0000, 0x0000, 0x0000, 0xFEA0, 0xFEA0, 
  0xFEA0, 0xFEA0, 0xFEA0, 0xFEA0, 0xFEA0, 0xFEA0, 0xFEA0, 0xFEA0, 0xFEA0, 0xFEA0, 0xFEA0, 0xFEA0, 
  0xFEA0, 0xFEA0, 0xFEA0, 0x0000, 0x0000, 0x0000, 0x0000, 0x0000, 0x0000, 0x0000, 0x0000, 0x0000, 
  0x0000, 0x0000, 0x0000, 0x0000, 0x0000, 0x0000, 0x0000, 0x0000, 0x0000, 0x0000, 0x0000, 0x0000, 
  0x0000, 0x0000, 0x0000, 0x0000, 0x0000, 0x0000, 0x0000, 0x0000, 0x0000, 0xFEA0, 0xFEA0, 0xFEA0, 
  0xFEA0, 0xFEA0, 0xFEA0, 0xFEA0, 0xFEA0, 0xFEA0, 0xFEA0, 0xFEA0, 0xFEA0, 0xFEA0, 0xFEA0, 0xFEA0, 
  0xFEA0, 0xFEA0, 0xFEA0, 0xFEA0, 0x0000, 0x0000, 0x0000, 0x0000, 0x0000, 0x0000, 0x0000, 0x0000, 
  0x0000, 0x0000, 0x0000, 0x0000, 0x0000, 0x0000, 0x0000, 0x0000, 0x0000, 0x0000, 0x0000, 0x0000, 
  0x0000, 0x0000, 0x0000, 0x0000, 0x0000, 0x0000, 0x0000, 0x0000, 0x0000, 0xFEA0, 0xFEA0, 0xFEA0, 
  0xFEA0, 0xFEA0, 0xFEA0, 0xFEA0, 0xFEA0, 0xFEA0, 0xFEA0, 0xFEA0, 0xFEA0, 0xFEA0, 0xFEA0, 0xFEA0, 
  0xFEA0, 0xFEA0, 0xFEA0, 0xFEA0, 0x0000, 0x0000, 0x0000, 0x0000, 0x0000, 0x0000, 0x0000, 0x0000, 
  0x0000, 0x0000, 0x0000, 0x0000, 0x0000, 0x0000, 0x0000, 0x0000, 0x0000, 0x0000, 0x0000, 0x0000, 
  0x0000, 0x0000, 0x0000, 0x0000, 0x0000, 0x0000, 0x0000, 0x0000, 0xFEA0, 0xFEA0, 0xFEA0, 0xFEA0, 
  0xFEA0, 0xFEA0, 0xFEA0, 0xFEA0, 0xFEA0, 0xFEA0, 0xFEA0, 0xFEA0, 0xFEA0, 0xFEA0, 0xFEA0, 0xFEA0, 
  0xFEA0, 0xFEA0, 0xFEA0, 0xFEA0, 0xFEA0, 0x0000, 0x0000, 0x0000, 0x0000, 0x0000, 0x0000, 0x0000, 
  0x0000, 0x0000, 0x0000, 0x0000, 0x0000, 0x0000, 0x0000, 0x0000, 0x0000, 0x0000, 0x0000, 0x0000, 
  0x0000, 0x0000, 0x0000, 0x0000, 0x0000, 0x0000, 0x0000, 0x0000, 0xFEA0, 0xFEA0, 0xFEA0, 0xFEA0, 
  0xFEA0, 0xFEA0, 0xFEA0, 0xFEA0, 0xFEA0, 0xFEA0, 0xFEA0, 0xFEA0, 0xFEA0, 0xFEA0, 0xFEA0, 0xFEA0, 
  0xFEA0, 0xFEA0, 0xFEA0, 0xFEA0, 0xFEA0, 0x0000, 0x0000, 0x0000, 0x0000, 0x0000, 0x0000, 0x0000, 
  0x0000, 0x0000, 0x0000, 0x0000, 0x0000, 0x0000, 0x0000, 0x0000, 0x0000, 0x0000, 0x0000, 0x0000, 
  0x0000, 0x0000, 0x0000, 0x0000, 0x0000, 0x0000, 0x0000, 0x0000, 0xFEA0, 0xFEA0, 0xFEA0, 0xFEA0, 
  0xFEA0, 0xFEA0, 0xFEA0, 0xFEA0, 0xFEA0, 0xFEA0, 0xFEA0, 0xFEA0, 0xFEA0, 0xFEA0, 0xFEA0, 0xFEA0, 
  0xFEA0, 0xFEA0, 0xFEA0, 0xFEA0, 0xFEA0, 0x0000, 0x0000, 0x0000, 0x0000, 0x0000, 0x0000, 0x0000, 
  0x0000, 0x0000, 0x0000, 0x0000, 0x0000, 0x0000, 0x0000, 0x0000, 0x0000, 0x0000, 0x0000, 0x0000, 
  0x0000, 0x0000, 0x0000, 0x0000, 0x0000, 0x0000, 0x0000, 0x0000, 0xFEA0, 0xFEA0, 0xFEA0, 0xFEA0, 
  0xFEA0, 0xFEA0, 0xFEA0, 0xFEA0, 0xFEA0, 0xFEA0, 0xFEA0, 0xFEA0, 0xFEA0, 0xFEA0, 0xBE5A, 0xBE5A, 
  0xBE5A, 0xBE5A, 0xBE5A, 0xFEA0, 0xFEA0, 0x0000, 0x0000, 0x0000, 0x0000, 0x0000, 0x0000, 0x0000, 
  0x0000, 0x0000, 0x0000, 0x0000, 0x0000, 0x0000, 0x0000, 0x0000, 0x0000, 0x0000, 0x0000, 0x0000, 
  0x0000, 0x0000, 0x0000, 0x0000, 0x0000, 0x0000, 0x0000, 0x0000, 0xFEA0, 0xFEA0, 0xFEA0, 0xFEA0, 
  0xFEA0, 0xFEA0, 0xFEA0, 0xFEA0, 0xFEA0, 0xFEA0, 0xFEA0, 0xFEA0, 0xBE5A, 0xBE5A, 0xBE5A, 0xBE5A, 
  0xBE5A, 0xBE5A, 0xBE5A, 0xBE5A, 0xBE5A, 0x0000, 0x0000, 0x0000, 0x0000, 0x0000, 0x0000, 0x0000, 
  0x0000, 0x0000, 0x0000, 0x0000, 0x0000, 0x0000, 0x0000, 0x0000, 0x0000, 0x0000, 0x0000, 0x0000, 
  0x0000, 0x0000, 0x0000, 0x0000, 0x0000, 0x0000, 0x0000, 0x0000, 0xFEA0, 0xFEA0, 0xFEA0, 0xFEA0, 
  0xFEA0, 0xFEA0, 0xFEA0, 0xFEA0, 0xBE5A, 0xBE5A, 0xBE5A, 0xBE5A, 0xBE5A, 0xBE5A, 0xBE5A, 0xBE5A, 
  0xBE5A, 0xBE5A, 0xBE5A, 0xBE5A, 0xBE5A, 0xBE5A, 0xBE5A, 0xBE5A, 0xBE5A, 0x0000, 0x0000, 0x0000, 
  0x0000, 0x0000, 0x0000, 0x0000, 0x0000, 0x0000, 0x0000, 0x0000, 0x0000, 0x0000, 0x0000, 0x0000, 
  0x0000, 0x0000, 0x0000, 0x0000, 0x0000, 0x0000, 0x0000, 0x0000, 0xFEA0, 0xFEA0, 0xFEA0, 0xFEA0, 
  0xFEA0, 0xFEA0, 0xBE5A, 0xBE5A, 0xBE5A, 0xBE5A, 0xBE5A, 0xBE5A, 0xBE5A, 0xBE5A, 0xBE5A, 0xBE5A, 
  0xBE5A, 0xBE5A, 0xBE5A, 0xBE5A, 0xBE5A, 0xBE5A, 0xBE5A, 0xBE5A, 0xBE5A, 0xBE5A, 0xBE5A, 0x0000, 
  0x0000, 0x0000, 0x0000, 0x0000, 0x0000, 0x0000, 0x0000, 0x0000, 0x0000, 0x0000, 0x0000, 0x0000, 
  0x0000, 0x0000, 0x0000, 0x0000, 0x0000, 0x0000, 0x0000, 0x0000, 0x0000, 0xFEA0, 0xFEA0, 0xFEA0, 
  0xFEA0, 0xBE5A, 0xBE5A, 0xBE5A, 0xBE5A, 0xBE5A, 0xBE5A, 0xBE5A, 0xBE5A, 0xBE5A, 0xBE5A, 0xBE5A, 
  0xBE5A, 0xBE5A, 0xBE5A, 0xBE5A, 0xBE5A, 0xBE5A, 0xBE5A, 0xBE5A, 0xBE5A, 0xBE5A, 0xBE5A, 0xBE5A, 
  0x0000, 0x0000, 0x0000, 0x0000, 0x0000, 0x0000, 0x0000, 0x0000, 0x0000, 0x0000, 0x0000, 0x0000, 
  0x0000, 0x0000, 0x0000, 0x0000, 0x0000, 0x0000, 0x0000, 0x0000, 0x0000, 0xFEA0, 0xFEA0, 0xFEA0, 
  0xBE5A, 0xBE5A, 0xBE5A, 0xBE5A, 0xBE5A, 0xBE5A, 0xBE5A, 0xBE5A, 0xBE5A, 0xBE5A, 0xBE5A, 0xBE5A, 
  0xBE5A, 0xBE5A, 0xBE5A, 0xBE5A, 0xBE5A, 0xBE5A, 0xBE5A, 0xBE5A, 0xBE5A, 0xBE5A, 0xBE5A, 0xBE5A, 
  0xBE5A, 0x0000, 0x0000, 0x0000, 0x0000, 0x0000, 0x0000, 0x0000, 0x0000, 0x0000, 0x0000, 0x0000, 
  0x0000, 0x0000, 0x0000, 0x0000, 0x0000, 0x0000, 0x0000, 0x0000, 0x0000, 0x0000, 0xFEA0, 0xBE5A, 
  0xBE5A, 0xBE5A, 0xBE5A, 0xBE5A, 0xBE5A, 0xBE5A, 0xBE5A, 0xBE5A, 0xBE5A, 0xBE5A, 0xBE5A, 0xBE5A, 
  0xBE5A, 0xBE5A, 0xBE5A, 0xBE5A, 0xBE5A, 0xBE5A, 0xBE5A, 0xBE5A, 0xBE5A, 0xBE5A, 0xBE5A, 0xBE5A, 
  0xBE5A, 0xBE5A, 0x0000, 0x0000, 0x0000, 0x0000, 0x0000, 0x0000, 0x0000, 0x0000, 0x0000, 0x0000, 
  0x0000, 0x0000, 0x0000, 0x0000, 0x0000, 0x0000, 0x0000, 0x0000, 0x0000, 0x0000, 0x0000, 0xBE5A, 
  0xBE5A, 0xBE5A, 0xBE5A, 0xBE5A, 0xBE5A, 0xBE5A, 0xBE5A, 0xBE5A, 0xBE5A, 0xBE5A, 0xBE5A, 0xBE5A, 
  0xBE5A, 0xBE5A, 0xBE5A, 0xBE5A, 0xBE5A, 0xBE5A, 0xBE5A, 0xBE5A, 0xBE5A, 0xBE5A, 0xBE5A, 0xBE5A, 
  0xBE5A, 0xBE5A, 0x0000, 0x0000, 0x0000, 0x0000, 0x0000, 0x0000, 0x0000, 0x0000, 0x0000, 0x0000, 
  0x0000, 0x0000, 0x0000, 0x0000, 0x0000, 0x0000, 0x0000, 0x0000, 0x0000, 0x0000, 0xBE5A, 0xBE5A, 
  0xBE5A, 0xBE5A, 0xBE5A, 0xBE5A, 0xBE5A, 0xBE5A, 0xBE5A, 0xBE5A, 0xBE5A, 0xBE5A, 0xBE5A, 0xBE5A, 
  0xBE5A, 0xBE5A, 0xBE5A, 0xBE5A, 0xBE5A, 0xBE5A, 0xBE5A, 0xBE5A, 0xBE5A, 0xBE5A, 0xBE5A, 0xBE5A, 
  0xBE5A, 0xBE5A, 0xBE5A, 0x0000, 0x0000, 0x0000, 0x0000, 0x0000, 0x0000, 0x0000, 0x0000, 0x0000, 
  0x0000, 0x0000, 0x0000, 0x0000, 0x0000, 0x0000, 0x0000, 0x0000, 0x0000, 0x0000, 0xBE5A, 0xBE5A, 
  0xBE5A, 0xBE5A, 0xBE5A, 0xBE5A, 0xBE5A, 0xBE5A, 0xBE5A, 0xBE5A, 0xBE5A, 0xBE5A, 0xBE5A, 0xBE5A, 
  0xBE5A, 0xBE5A, 0xBE5A, 0xBE5A, 0xBE5A, 0xBE5A, 0xBE5A, 0xBE5A, 0xBE5A, 0xBE5A, 0xBE5A, 0xBE5A, 
  0xBE5A, 0xBE5A, 0xBE5A, 0x0000, 0x0000, 0x0000, 0x0000, 0x0000, 0x0000, 0x0000, 0x0000, 0x0000, 
  0x0000, 0x0000, 0x0000, 0x0000, 0x0000, 0x0000, 0x0000, 0x0000, 0x0000, 0x0000, 0xBE5A, 0xBE5A, 
  0xBE5A, 0xBE5A, 0xBE5A, 0xBE5A, 0xBE5A, 0xBE5A, 0xBE5A, 0xBE5A, 0xBE5A, 0xBE5A, 0xBE5A, 0xBE5A, 
  0xBE5A, 0xBE5A, 0xBE5A, 0xBE5A, 0xBE5A, 0xBE5A, 0xBE5A, 0xBE5A, 0xBE5A, 0xBE5A, 0xBE5A, 0xBE5A, 
  0xBE5A, 0xBE5A, 0xBE5A, 0x0000, 0x0000, 0x0000, 0x0000, 0x0000, 0x0000, 0x0000, 0x0000, 0x0000, 
  0x0000, 0x0000, 0x0000, 0x0000, 0x0000, 0x0000, 0x0000, 0x0000, 0x0000, 0x0000, 0xBE5A, 0xBE5A, 
  0xBE5A, 0xBE5A, 0xBE5A, 0xBE5A, 0xBE5A, 0xBE5A, 0xBE5A, 0xBE5A, 0xBE5A, 0xBE5A, 0xBE5A, 0xBE5A, 
  0xBE5A, 0xBE5A, 0xBE5A, 0xBE5A, 0xBE5A, 0xBE5A, 0xBE5A, 0xBE5A, 0xBE5A, 0xBE5A, 0xBE5A, 0xBE5A, 
  0xBE5A, 0xBE5A, 0xBE5A, 0x0000, 0x0000, 0x0000, 0x0000, 0x0000, 0x0000, 0x0000, 0x0000, 0x0000, 
  0x0000, 0x0000, 0x0000, 0x0000, 0x0000, 0x0000, 0x0000, 0x0000, 0x0000, 0x0000, 0xBE5A, 0xBE5A, 
  0xBE5A, 0xBE5A, 0xBE5A, 0xBE5A, 0xBE5A, 0xBE5A, 0xBE5A, 0xBE5A, 0xBE5A, 0xBE5A, 0xBE5A, 0xBE5A, 
  0xBE5A, 0xBE5A, 0xBE5A, 0xBE5A, 0xBE5A, 0xBE5A, 0xBE5A, 0xBE5A, 0xBE5A, 0xBE5A, 0xBE5A, 0xBE5A, 
  0xBE5A, 0xBE5A, 0xBE5A, 0x0000, 0x0000, 0x0000, 0x0000, 0x0000, 0x0000, 0x0000, 0x0000, 0x0000, 
  0x0000, 0x0000, 0x0000, 0x0000, 0x0000, 0x0000, 0x0000, 0x0000, 0x0000, 0x0000, 0x0000, 0xBE5A, 
  0xBE5A, 0xBE5A, 0xBE5A, 0xBE5A, 0xBE5A, 0xBE5A, 0xBE5A, 0xBE5A, 0xBE5A, 0xBE5A, 0xBE5A, 0xBE5A, 
  0xBE5A, 0xBE5A, 0xBE5A, 0xBE5A, 0xBE5A, 0xBE5A, 0xBE5A, 0xBE5A, 0xBE5A, 0xBE5A, 0xBE5A, 0xBE5A, 
  0xBE5A, 0xBE5A, 0x0000, 0x0000, 0x0000, 0x0000, 0x0000, 0x0000, 0x0000, 0x0000, 0x0000, 0x0000, 
  0x0000, 0x0000, 0x0000, 0x0000, 0x0000, 0x0000, 0x0000, 0x0000, 0x0000, 0x0000, 0x0000, 0xBE5A, 
  0xBE5A, 0xBE5A, 0xBE5A, 0xBE5A, 0xBE5A, 0xBE5A, 0xBE5A, 0xBE5A, 0xBE5A, 0xBE5A, 0xBE5A, 0xBE5A, 
  0xBE5A, 0xBE5A, 0xBE5A, 0xBE5A, 0xBE5A, 0xBE5A, 0xBE5A, 0xBE5A, 0xBE5A, 0xBE5A, 0xBE5A, 0xBE5A, 
  0xBE5A, 0xBE5A, 0x0000, 0x0000, 0x0000, 0x0000, 0x0000, 0x0000, 0x0000, 0x0000, 0x0000, 0x0000, 
  0x0000, 0x0000, 0x0000, 0x0000, 0x0000, 0x0000, 0x0000, 0x0000, 0x0000, 0x0000, 0x0000, 0x0000, 
  0xBE5A, 0xBE5A, 0xBE5A, 0xBE5A, 0xBE5A, 0xBE5A, 0xBE5A, 0xBE5A, 0xBE5A, 0xBE5A, 0xBE5A, 0xBE5A, 
  0xBE5A, 0xBE5A, 0xBE5A, 0xBE5A, 0xBE5A, 0xBE5A, 0xBE5A, 0xBE5A, 0xBE5A, 0xBE5A, 0xBE5A, 0xBE5A, 
  0xBE5A, 0x0000, 0x0000, 0x0000, 0x0000, 0x0000, 0x0000, 0x0000, 0x0000, 0x0000, 0x0000, 0x0000, 
  0x0000, 0x0000, 0x0000, 0x0000, 0x0000, 0x0000, 0x0000, 0x0000, 0x0000, 0x0000, 0x0000, 0x0000, 
  0x0000, 0xBE5A, 0xBE5A, 0xBE5A, 0xBE5A, 0xBE5A, 0xBE5A, 0xBE5A, 0xBE5A, 0xBE5A, 0xBE5A, 0xBE5A, 
  0xBE5A, 0xBE5A, 0xBE5A, 0xBE5A, 0xBE5A, 0xBE5A, 0xBE5A, 0xBE5A, 0xBE5A, 0xBE5A, 0xBE5A, 0xBE5A, 
  0x0000, 0x0000, 0x0000, 0x0000, 0x0000, 0x0000, 0x0000, 0x0000, 0x0000, 0x0000, 0x0000, 0x0000, 
  0x0000, 0x0000, 0x0000, 0x0000, 0x0000, 0x0000, 0x0000, 0x0000, 0x0000, 0x0000, 0x0000, 0x0000, 
  0x0000, 0x0000, 0xBE5A, 0xBE5A, 0xBE5A, 0xBE5A, 0xBE5A, 0xBE5A, 0xBE5A, 0xBE5A, 0xBE5A, 0xBE5A, 
  0xBE5A, 0xBE5A, 0xBE5A, 0xBE5A, 0xBE5A, 0xBE5A, 0xBE5A, 0xBE5A, 0xBE5A, 0xBE5A, 0xBE5A, 0x0000, 
  0x0000, 0x0000, 0x0000, 0x0000, 0x0000, 0x0000, 0x0000, 0x0000, 0x0000, 0x0000, 0x0000, 0x0000, 
  0x0000, 0x0000, 0x0000, 0x0000, 0x0000, 0x0000, 0x0000, 0x0000, 0x0000, 0x0000, 0x0000, 0x0000, 
  0x0000, 0x0000, 0xBE5A, 0xBE5A, 0xBE5A, 0xBE5A, 0xBE5A, 0xBE5A, 0xBE5A, 0xBE5A, 0xBE5A, 0xBE5A, 
  0xBE5A, 0xBE5A, 0xBE5A, 0xBE5A, 0xBE5A, 0xBE5A, 0xBE5A, 0xBE5A, 0xBE5A, 0xBE5A, 0xBE5A, 0x0000, 
  0x0000, 0x0000, 0x0000, 0x0000, 0x0000, 0x0000, 0x0000, 0x0000, 0x0000, 0x0000, 0x0000, 0x0000, 
  0x0000, 0x0000, 0x0000, 0x0000, 0x0000, 0x0000, 0x0000, 0x0000, 0x0000, 0x0000, 0x0000, 0x0000, 
  0x0000, 0x0000, 0x0000, 0x0000, 0x0000, 0x0000, 0x0000, 0x0000, 0x0000, 0x0000, 0x0000, 0x0000, 
  0x0000, 0x0000, 0x0000, 0x0000, 0x0000, 0x0000, 0x0000, 0x0000, 0x0000, 0x0000, 0x0000, 0x0000, 
  0x0000, 0x0000, 0x0000, 0x0000, 0x0000, 0x0000, 0x0000, 0x0000, 0x0000, 0x0000, 0x0000, 0x0000, 
  0x0000, 0x0000, 0x0000, 0x0000, 0x0000, 0x0000, 0x0000, 0x0000, 0x0000, 0x0000, 0x0000, 0x0000, 
  0x0000, 0x0000, 0x0000, 0x0000, 0x0000, 0x0000, 0x0000, 0x0000, 0x0000, 0x0000, 0x0000, 0x0000, 
  0x0000, 0x0000, 0x0000, 0x0000, 0x0000, 0x0000, 0x0000, 0x0000, 0x0000, 0x0000, 0x0000, 0x0000, 
  0x0000, 0x0000, 0x0000, 0x0000, 0x0000, 0x0000, 0x0000, 0x0000, 0x0000, 0x0000, 0x0000, 0x0000, 
  0x0000, 0x0000, 0x0000, 0x0000, 0x0000, 0x0000, 0x0000, 0x0000, 0x0000, 0x0000, 0x0000, 0x0000, 
  0x0000, 0x0000, 0x0000, 0x0000, 0x0000, 0x0000, 0x0000, 0x0000, 0x0000, 0x0000, 0x0000, 0x0000, 
  0x0000, 0x0000, 0x0000, 0x0000, 0x0000, 0x0000, 0x0000, 0x0000, 0x0000, 0x0000, 0x0000, 0x0000, 
  0x0000, 0x0000, 0x0000, 0x0000, 0x0000, 0x0000, 0x0000, 0x0000, 0x0000, 0x0000, 0x0000, 0x0000, 
  0x0000, 0x0000, 0x0000, 0x0000, 0x0000, 0x0000, 0x0000, 0x0000, 0x0000, 0x0000, 0x0000, 0x0000, 
  0x0000, 0x0000, 0x0000, 0x0000, 0x0000, 0x0000, 0x0000, 0x0000, 0x0000, 0x0000, 0x0000, 0x0000, 
  0x0000, 0x0000, 0x0000, 0x0000, 0x0000, 0x0000, 0x0000, 0x0000, 0x0000, 0x0000, 0x0000, 0x0000, 
  0x0000, 0x0000, 0x0000, 0x0000, 0x0000, 0x0000, 0x0000, 0x0000, 0x0000, 0x0000, 0x0000, 0x0000, 
  0x0000, 0x0000, 0x0000, 0x0000, 0x0000, 0x0000, 0x0000, 0x0000, 0x0000, 0x0000, 0x0000, 0x0000, 
  0x0000, 0x0000, 0x0000, 0x0000, 0x0000, 0x0000, 0x0000, 0x0000, 0x0000, 0x0000, 0x0000, 0x0000, 
  0x0000, 0x0000, 0x0000, 0x0000, 0x0000, 0x0000, 0x0000, 0x0000, 0x0000, 0x0000, 0x0000, 0x0000, 
  0x0000, 0x0000, 0x0000, 0x0000, 0x0000, 0x0000, 0x0000, 0x0000, 0x0000, 0x0000, 0x0000, 0x0000, 
  0x0000, 0x0000, 0x0000, 0x0000, 0x0000, 0x0000, 0x0000, 0x0000, 0x0000, 0x0000, 0x0000, 0x0000, 
  0x0000, 0x0000, 0x0000, 0x0000, 0x0000, 0x0000, 0x0000, 0x0000, 0x0000, 0x0000, 0x0000, 0x0000, 
  0x0000, 0x0000, 0x0000, 0x0000, 0x0000, 0x0000, 0x0000, 0x0000, 0x0000, 0x0000, 0x0000, 0x0000, 
  0x0000, 0x0000, 0x0000, 0x0000, 0x0000, 0x0000, 0x0000, 0x0000, 0x0000, 0x0000, 0x0000, 0x0000, 
  0x0000, 0x0000, 0x0000, 0x0000, 0x0000, 0x0000, 0x0000, 0x0000, 0x0000, 0x0000, 0x0000, 0x0000, 
  0x0000, 0x0000, 0x0000, 0x0000, 0x0000, 0x0000, 0x0000, 0x0000, 0x0000, 0x0000, 0x0000, 0x0000, 
  0x0000, 0x0000, 0x0000, 0x0000, 0x0000, 0x0000, 0x0000, 0x0000, 0x0000, 0x0000, 0x0000, 0x0000, 
  0x0000, 0x0000, 0x0000, 0x0000, 0x0000, 0x0000, 0x0000, 0x0000, 0x0000, 0x0000, 0x0000, 0x0000, 
  0x0000, 0x0000, 0x0000, 0x0000, 0x0000, 0x0000, 0x0000, 0x0000, 0x0000, 0x0000, 0x0000, 0x0000, 
  0x0000, 0x0000, 0x0000, 0x0000, 0x0000, 0x0000, 0x0000, 0x0000, 0x0000, 0x0000, 0x0000, 0x0000, 
  0x0000, 0x0000, 0x0000, 0x0000, 0x0000, 0x0000, 0x0000, 0x0000, 0x0000, 0x0000, 0x0000, 0x0000, 
  0x0000, 0x0000, 0x0000, 0x0000, 0x0000, 0x0000, 0x0000, 0x0000, 0x0000, 0x0000, 0x0000, 0x0000, 
  0x0000, 0x0000, 0x0000, 0x0000, 0x0000, 0x0000, 0x0000, 0x0000, 0x0000, 0x0000, 0x0000, 0x0000, 
  0x0000, 0x0000, 0x0000, 0x0000, 0x0000, 0x0000, 0x0000, 0x0000, 0x0000, 0x0000, 0x0000, 0x0000, 
  0x0000, 0x0000, 0x0000, 0x0000, 0x0000, 0x0000, 0x0000, 0x0000, 0x0000, 0x0000, 0x0000, 0x0000, 
  0x0000, 0x0000, 0x0000, 0x0000, 0x0000, 0x0000, 0x0000, 0x0000, 0x0000, 0x0000, 0x0000, 0x0000, 
  0x0000, 0x0000, 0x0000, 0x0000, 0x0000, 0x0000, 0x0000, 0x0000, 0x0000, 0x0000, 0x0000, 0x0000, 
  0x0000, 0x0000, 0x0000, 0x0000, 0x0000, 0x0000, 0x0000, 0x0000, 0x0000, 0x0000, 0x0000, 0x0000, 
  0x0000, 0x0000, 0x0000, 0x0000, 0x0000, 0x0000, 0x0000, 0x0000, 0x0000, 0x0000, 0x0000, 0x0000, 
  0x0000, 0x0000, 0x0000, 0x0000, 0x0000, 0x0000, 0x0000, 0x0000, 0x0000, 0x0000, 0x0000, 0x0000, 
  0x0000, 0x0000, 0x0000, 0x0000, 0x0000, 0x0000, 0x0000, 0x0000, 0x0000, 0x0000, 0x0000, 0x0000, 
  0x0000, 0x0000, 0x0000, 0x0000, 0x0000, 0x0000, 0x0000, 0x0000, 0x0000, 0x0000, 0x0000, 0x0000, 
  0x0000, 0x0000, 0x0000, 0x0000, 0x0000, 0x0000, 0x0000, 0x0000, 0x0000, 0x0000, 0x0000, 0x0000, 
  0x0000, 0x0000, 0x0000, 0x0000, 0x0000, 0x0000, 0x0000, 0x0000, 0x0000, 0x0000, 0x0000, 0x0000
};

// 2 - Cloudy
const uint16_t PROGMEM WEATHER48_ICON_2[WEATHER48_W*WEATHER48_H] = {
  0x0000, 0x0000, 0x0000, 0x0000, 0x0000, 0x0000, 0x0000, 0x0000, 0x0000, 0x0000, 0x0000, 0x0000, 
  0x0000, 0x0000, 0x0000, 0x0000, 0x0000, 0x0000, 0x0000, 0x0000, 0x0000, 0x0000, 0x0000, 0x0000, 
  0x0000, 0x0000, 0x0000, 0x0000, 0x0000, 0x0000, 0x0000, 0x0000, 0x0000, 0x0000, 0x0000, 0x0000, 
  0x0000, 0x0000, 0x0000, 0x0000, 0x0000, 0x0000, 0x0000, 0x0000, 0x0000, 0x0000, 0x0000, 0x0000, 
  0x0000, 0x0000, 0x0000, 0x0000, 0x0000, 0x0000, 0x0000, 0x0000, 0x0000, 0x0000, 0x0000, 0x0000, 
  0x0000, 0x0000, 0x0000, 0x0000, 0x0000, 0x0000, 0x0000, 0x0000, 0x0000, 0x0000, 0x0000, 0x0000, 
  0x0000, 0x0000, 0x0000, 0x0000, 0x0000, 0x0000, 0x0000, 0x0000, 0x0000, 0x0000, 0x0000, 0x0000, 
  0x0000, 0x0000, 0x0000, 0x0000, 0x0000, 0x0000, 0x0000, 0x0000, 0x0000, 0x0000, 0x0000, 0x0000, 
  0x0000, 0x0000, 0x0000, 0x0000, 0x0000, 0x0000, 0x0000, 0x0000, 0x0000, 0x0000, 0x0000, 0x0000, 
  0x0000, 0x0000, 0x0000, 0x0000, 0x0000, 0x0000, 0x0000, 0x0000, 0x0000, 0x0000, 0x0000, 0x0000, 
  0x0000, 0x0000, 0x0000, 0x0000, 0x0000, 0x0000, 0x0000, 0x0000, 0x0000, 0x0000, 0x0000, 0x0000, 
  0x0000, 0x0000, 0x0000, 0x0000, 0x0000, 0x0000, 0x0000, 0x0000, 0x0000, 0x0000, 0x0000, 0x0000, 
  0x0000, 0x0000, 0x0000, 0x0000, 0x0000, 0x0000, 0x0000, 0x0000, 0x0000, 0x0000, 0x0000, 0x0000, 
  0x0000, 0x0000, 0x0000, 0x0000, 0x0000, 0x0000, 0x0000, 0x0000, 0x0000, 0x0000, 0x0000, 0x0000, 
  0x0000, 0x0000, 0x0000, 0x0000, 0x0000, 0x0000, 0x0000, 0x0000, 0x0000, 0x0000, 0x0000, 0x0000, 
  0x0000, 0x0000, 0x0000, 0x0000, 0x0000, 0x0000, 0x0000, 0x0000, 0x0000, 0x0000, 0x0000, 0x0000, 
  0x0000, 0x0000, 0x0000, 0x0000, 0x0000, 0x0000, 0x0000, 0x0000, 0x0000, 0x0000, 0x0000, 0x0000, 
  0x0000, 0x0000, 0x0000, 0x0000, 0x0000, 0x0000, 0x0000, 0x0000, 0x0000, 0x0000, 0x0000, 0x0000, 
  0x0000, 0x0000, 0x0000, 0x0000, 0x0000, 0x0000, 0x0000, 0x0000, 0x0000, 0x0000, 0x0000, 0x0000, 
  0x0000, 0x0000, 0x0000, 0x0000, 0x0000, 0x0000, 0x0000, 0x0000, 0x0000, 0x0000, 0x0000, 0x0000, 
  0x0000, 0x0000, 0x0000, 0x0000, 0x0000, 0x0000, 0x0000, 0x0000, 0x0000, 0x0000, 0x0000, 0x0000, 
  0x0000, 0x0000, 0x0000, 0x0000, 0x0000, 0x0000, 0x0000, 0x0000, 0x0000, 0x0000, 0x0000, 0x0000, 
  0x0000, 0x0000, 0x0000, 0x0000, 0x0000, 0x0000, 0x0000, 0x0000, 0x0000, 0x0000, 0x0000, 0x0000, 
  0x0000, 0x0000, 0x0000, 0x0000, 0x0000, 0x0000, 0x0000, 0x0000, 0x0000, 0x0000, 0x0000, 0x0000, 
  0x0000, 0x0000, 0x0000, 0x0000, 0x0000, 0x0000, 0x0000, 0x0000, 0x0000, 0x0000, 0x0000, 0x0000, 
  0x0000, 0x0000, 0x0000, 0x0000, 0x0000, 0x0000, 0x0000, 0x0000, 0x0000, 0x0000, 0x0000, 0x0000, 
  0x0000, 0x0000, 0x0000, 0x0000, 0x0000, 0x0000, 0x0000, 0x0000, 0x0000, 0x0000, 0x0000, 0x0000, 
  0x0000, 0x0000, 0x0000, 0x0000, 0x0000, 0x0000, 0x0000, 0x0000, 0x0000, 0x0000, 0x0000, 0x0000, 
  0x0000, 0x0000, 0x0000, 0x0000, 0x0000, 0x0000, 0x0000, 0x0000, 0x0000, 0x0000, 0x0000, 0x0000, 
  0x0000, 0x0000, 0x0000, 0x0000, 0x0000, 0x0000, 0x0000, 0x0000, 0x0000, 0x0000, 0x0000, 0x0000, 
  0x0000, 0x0000, 0x0000, 0x0000, 0x0000, 0x0000, 0x0000, 0x0000, 0x0000, 0x0000, 0x0000, 0x0000, 
  0x0000, 0x0000, 0x0000, 0x0000, 0x0000, 0x0000, 0x0000, 0x0000, 0x0000, 0x0000, 0x0000, 0x0000, 
  0x0000, 0x0000, 0x0000, 0x0000, 0x0000, 0x0000, 0x0000, 0x0000, 0x0000, 0x0000, 0x0000, 0x0000, 
  0x0000, 0x0000, 0x0000, 0x0000, 0x0000, 0x0000, 0x0000, 0x0000, 0x0000, 0x0000, 0x0000, 0x0000, 
  0x0000, 0x0000, 0x0000, 0x0000, 0x0000, 0x0000, 0x0000, 0x0000, 0x0000, 0x0000, 0x0000, 0x0000, 
  0x0000, 0x0000, 0x0000, 0x0000, 0x0000, 0x0000, 0x0000, 0x0000, 0x0000, 0x0000, 0x0000, 0x0000, 
  0x0000, 0x0000, 0x0000, 0x0000, 0x0000, 0x0000, 0x0000, 0x0000, 0x0000, 0x0000, 0x0000, 0x0000, 
  0x0000, 0x0000, 0x0000, 0x0000, 0x0000, 0x0000, 0x0000, 0x0000, 0x0000, 0x0000, 0x0000, 0x0000, 
  0x0000, 0x0000, 0x0000, 0x0000, 0x0000, 0x0000, 0x0000, 0x0000, 0x0000, 0x0000, 0x0000, 0x0000, 
  0x0000, 0x0000, 0x0000, 0x0000, 0x0000, 0x0000, 0x0000, 0x0000, 0x0000, 0x0000, 0x0000, 0x0000, 
  0x0000, 0x0000, 0x0000, 0x0000, 0x0000, 0x0000, 0x0000, 0x0000, 0x0000, 0x0000, 0x0000, 0x0000, 
  0x0000, 0x0000, 0x0000, 0x0000, 0x0000, 0x0000, 0x0000, 0x0000, 0x0000, 0x0000, 0x0000, 0x0000, 
  0x0000, 0x0000, 0x0000, 0x0000, 0x0000, 0x0000, 0x0000, 0x0000, 0x0000, 0x0000, 0x0000, 0x0000, 
  0x0000, 0x0000, 0x0000, 0x0000, 0x0000, 0x0000, 0x0000, 0x0000, 0x0000, 0x0000, 0x0000, 0x0000, 
  0x0000, 0x0000, 0x0000, 0x0000, 0x0000, 0x0000, 0x0000, 0x0000, 0x0000, 0x0000, 0x0000, 0x0000, 
  0x0000, 0x0000, 0x0000, 0x0000, 0x0000, 0x0000, 0x0000, 0x0000, 0x0000, 0x0000, 0x0000, 0x0000, 
  0x0000, 0x0000, 0x0000, 0x0000, 0x0000, 0x0000, 0x0000, 0x0000, 0x0000, 0x0000, 0x0000, 0x0000, 
  0x0000, 0x0000, 0x0000, 0x0000, 0x0000, 0x0000, 0x0000, 0x0000, 0x0000, 0x0000, 0x0000, 0x0000, 
  0x0000, 0x0000, 0x0000, 0x0000, 0x0000, 0x0000, 0x0000, 0x0000, 0x0000, 0x0000, 0x0000, 0x0000, 
  0x0000, 0x0000, 0x0000, 0x0000, 0x0000, 0x0000, 0x0000, 0x0000, 0x0000, 0x0000, 0x0000, 0x0000, 
  0x0000, 0x0000, 0x0000, 0x0000, 0x0000, 0xBE5A, 0xBE5A, 0xBE5A, 0xBE5A, 0xBE5A, 0x0000, 0x0000, 
  0x0000, 0x0000, 0x0000, 0x0000, 0x0000, 0x0000, 0x0000, 0x0000, 0x0000, 0x0000, 0x0000, 0x0000, 
  0x0000, 0x0000, 0x0000, 0x0000, 0x0000, 0x0000, 0x0000, 0x0000, 0x0000, 0x0000, 0x0000, 0x0000, 
  0x0000, 0x0000, 0x0000, 0x0000, 0x0000, 0x0000, 0x0000, 0x0000, 0x0000, 0x0000, 0x0000, 0x0000, 
  0x0000, 0x0000, 0x0000, 0xBE5A, 0xBE5A, 0xBE5A, 0xBE5A, 0xBE5A, 0xBE5A, 0xBE5A, 0xBE5A, 0xBE5A, 
  0x0000, 0x0000, 0x0000, 0x0000, 0x0000, 0x0000, 0x0000, 0x0000, 0x0000, 0x0000, 0x0000, 0x0000, 
  0x0000, 0x0000, 0x0000, 0x0000, 0x0000, 0x0000, 0x0000, 0x0000, 0x0000, 0x0000, 0x0000, 0x0000, 
  0x0000, 0x0000, 0x0000, 0x0000, 0x0000, 0x0000, 0x0000, 0x0000, 0x0000, 0x0000, 0xBE5A, 0xBE5A, 
  0xBE5A, 0xBE5A, 0xBE5A, 0xBE5A, 0xBE5A, 0xBE5A, 0xBE5A, 0xBE5A, 0xBE5A, 0xBE5A, 0xBE5A, 0xBE5A, 
  0xBE5A, 0xBE5A, 0xBE5A, 0xBE5A, 0xBE5A, 0x0000, 0x0000, 0x0000, 0x0000, 0x0000, 0x0000, 0x0000, 
  0x0000, 0x0000, 0x0000, 0x0000, 0x0000, 0x0000, 0x0000, 0x0000, 0x0000, 0x0000, 0x0000, 0x0000, 
  0x0000, 0x0000, 0x0000, 0x0000, 0x0000, 0x0000, 0x0000, 0x0000, 0xBE5A, 0xBE5A, 0xBE5A, 0xBE5A, 
  0xBE5A, 0xBE5A, 0xBE5A, 0xBE5A, 0xBE5A, 0xBE5A, 0xBE5A, 0xBE5A, 0xBE5A, 0xBE5A, 0xBE5A, 0xBE5A, 
  0xBE5A, 0xBE5A, 0xBE5A, 0xBE5A, 0xBE5A, 0xBE5A, 0xBE5A, 0x0000, 0x0000, 0x0000, 0x0000, 0x0000, 
  0x0000, 0x0000, 0x0000, 0x0000, 0x0000, 0x0000, 0x0000, 0x0000, 0x0000, 0x0000, 0x0000, 0x0000, 
  0x0000, 0x0000, 0x0000, 0x0000, 0x0000, 0x0000, 0x0000, 0xBE5A, 0xBE5A, 0xBE5A, 0xBE5A, 0xBE5A, 
  0xBE5A, 0xBE5A, 0xBE5A, 0xBE5A, 0xBE5A, 0xBE5A, 0xBE5A, 0xBE5A, 0xBE5A, 0xBE5A, 0xBE5A, 0xBE5A, 
  0xBE5A, 0xBE5A, 0xBE5A, 0xBE5A, 0xBE5A, 0xBE5A, 0xBE5A, 0xBE5A, 0x0000, 0x0000, 0x0000, 0x0000, 
  0x0000, 0x0000, 0x0000, 0x0000, 0x0000, 0x0000, 0x0000, 0x0000, 0x0000, 0x0000, 0x0000, 0x0000, 
  0x0000, 0x0000, 0x0000, 0x0000, 0x0000, 0x0000, 0xBE5A, 0xBE5A, 0xBE5A, 0xBE5A, 0xBE5A, 0xBE5A, 
  0xBE5A, 0xBE5A, 0xBE5A, 0xBE5A, 0xBE5A, 0xBE5A, 0xBE5A, 0xBE5A, 0xBE5A, 0xBE5A, 0xBE5A, 0xBE5A, 
  0xBE5A, 0xBE5A, 0xBE5A, 0xBE5A, 0xBE5A, 0xBE5A, 0xBE5A, 0xBE5A, 0xBE5A, 0x0000, 0x0000, 0x0000, 
  0x0000, 0x0000, 0x0000, 0x0000, 0x0000, 0x0000, 0x0000, 0x0000, 0x0000, 0x0000, 0x0000, 0x0000, 
  0x0000, 0xBE5A, 0xBE5A, 0xBE5A, 0xBE5A, 0xBE5A, 0xBE5A, 0xBE5A, 0xBE5A, 0xBE5A, 0xBE5A, 0xBE5A, 
  0xBE5A, 0xBE5A, 0xBE5A, 0xBE5A, 0xBE5A, 0xBE5A, 0xBE5A, 0xBE5A, 0xBE5A, 0xBE5A, 0xBE5A, 0xBE5A, 
  0xBE5A, 0xBE5A, 0xBE5A, 0xBE5A, 0xBE5A, 0xBE5A, 0xBE5A, 0xBE5A, 0xBE5A, 0xBE5A, 0x0000, 0x0000, 
  0x0000, 0x0000, 0x0000, 0x0000, 0x0000, 0x0000, 0x0000, 0x0000, 0x0000, 0x0000, 0x0000, 0xBE5A, 
  0xBE5A, 0xBE5A, 0xBE5A, 0xBE5A, 0xBE5A, 0xBE5A, 0xBE5A, 0xBE5A, 0xBE5A, 0xBE5A, 0xBE5A, 0xBE5A, 
  0xBE5A, 0xBE5A, 0xBE5A, 0xBE5A, 0xBE5A, 0xBE5A, 0xBE5A, 0xBE5A, 0xBE5A, 0xBE5A, 0xBE5A, 0xBE5A, 
  0xBE5A, 0xBE5A, 0xBE5A, 0xBE5A, 0xBE5A, 0xBE5A, 0xBE5A, 0xBE5A, 0xBE5A, 0xBE5A, 0x0000, 0x0000, 
  0x0000, 0x0000, 0x0000, 0x0000, 0x0000, 0x0000, 0x0000, 0x0000, 0x0000, 0xBE5A, 0xBE5A, 0xBE5A, 
  0xBE5A, 0xBE5A, 0xBE5A, 0xBE5A, 0xBE5A, 0xBE5A, 0xBE5A, 0xBE5A, 0xBE5A, 0xBE5A, 0xBE5A, 0xBE5A, 
  0xBE5A, 0xBE5A, 0xBE5A, 0xBE5A, 0xBE5A, 0xBE5A, 0xBE5A, 0xBE5A, 0xBE5A, 0xBE5A, 0xBE5A, 0xBE5A, 
  0xBE5A, 0xBE5A, 0xBE5A, 0xBE5A, 0xBE5A, 0xBE5A, 0xBE5A, 0xBE5A, 0xBE5A, 0xBE5A, 0xBE5A, 0x0000, 
  0x0000, 0x0000, 0x0000, 0x0000, 0x0000, 0x0000, 0x0000, 0x0000, 0xBE5A, 0xBE5A, 0xBE5A, 0xBE5A, 
  0xBE5A, 0xBE5A, 0xBE5A, 0xBE5A, 0xBE5A, 0xBE5A, 0xBE5A, 0xBE5A, 0xBE5A, 0xBE5A, 0xBE5A, 0xBE5A, 
  0xBE5A, 0xBE5A, 0xBE5A, 0xBE5A, 0xBE5A, 0xBE5A, 0xBE5A, 0xBE5A, 0xBE5A, 0xBE5A, 0xBE5A, 0xBE5A, 
  0xBE5A, 0xBE5A, 0xBE5A, 0xBE5A, 0xBE5A, 0xBE5A, 0xBE5A, 0xBE5A, 0xBE5A, 0xBE5A, 0xBE5A, 0x0000, 
  0x0000, 0x0000, 0x0000, 0x0000, 0x0000, 0x0000, 0x0000, 0x0000, 0xBE5A, 0xBE5A, 0xBE5A, 0xBE5A, 
  0xBE5A, 0xBE5A, 0xBE5A, 0xBE5A, 0xBE5A, 0xBE5A, 0xBE5A, 0xBE5A, 0xBE5A, 0xBE5A, 0xBE5A, 0xBE5A, 
  0xBE5A, 0xBE5A, 0xBE5A, 0xBE5A, 0xBE5A, 0xBE5A, 0xBE5A, 0xBE5A, 0xBE5A, 0xBE5A, 0xBE5A, 0xBE5A, 
  0xBE5A, 0xBE5A, 0xBE5A, 0xBE5A, 0xBE5A, 0xBE5A, 0xBE5A, 0xBE5A, 0xBE5A, 0xBE5A, 0xBE5A, 0x0000, 
  0x0000, 0x0000, 0x0000, 0x0000, 0x0000, 0x0000, 0x0000, 0xBE5A, 0xBE5A, 0xBE5A, 0xBE5A, 0xBE5A, 
  0xBE5A, 0xBE5A, 0xBE5A, 0xBE5A, 0xBE5A, 0xBE5A, 0xBE5A, 0xBE5A, 0xBE5A, 0xBE5A, 0xBE5A, 0xBE5A, 
  0xBE5A, 0xBE5A, 0xBE5A, 0xBE5A, 0xBE5A, 0xBE5A, 0xBE5A, 0xBE5A, 0xBE5A, 0xBE5A, 0xBE5A, 0xBE5A, 
  0xBE5A, 0xBE5A, 0xBE5A, 0xBE5A, 0xBE5A, 0xBE5A, 0xBE5A, 0xBE5A, 0xBE5A, 0xBE5A, 0xBE5A, 0x0000, 
  0x0000, 0x0000, 0x0000, 0x0000, 0x0000, 0x0000, 0x0000, 0xBE5A, 0xBE5A, 0xBE5A, 0xBE5A, 0xBE5A, 
  0xBE5A, 0xBE5A, 0xBE5A, 0xBE5A, 0xBE5A, 0xBE5A, 0xBE5A, 0xBE5A, 0xBE5A, 0xBE5A, 0xBE5A, 0xBE5A, 
  0xBE5A, 0xBE5A, 0xBE5A, 0xBE5A, 0xBE5A, 0xBE5A, 0xBE5A, 0xBE5A, 0xBE5A, 0xBE5A, 0xBE5A, 0xBE5A, 
  0xBE5A, 0xBE5A, 0xBE5A, 0xBE5A, 0xBE5A, 0xBE5A, 0xBE5A, 0xBE5A, 0xBE5A, 0xBE5A, 0xBE5A, 0x0000, 
  0x0000, 0x0000, 0x0000, 0x0000, 0x0000, 0x0000, 0xBE5A, 0xBE5A, 0xBE5A, 0xBE5A, 0xBE5A, 0xBE5A, 
  0xBE5A, 0xBE5A, 0xBE5A, 0xBE5A, 0xBE5A, 0xBE5A, 0xBE5A, 0xBE5A, 0xBE5A, 0xBE5A, 0xBE5A, 0xBE5A, 
  0xBE5A, 0xBE5A, 0xBE5A, 0xBE5A, 0xBE5A, 0xBE5A, 0xBE5A, 0xBE5A, 0xBE5A, 0xBE5A, 0xBE5A, 0xBE5A, 
  0xBE5A, 0xBE5A, 0xBE5A, 0xBE5A, 0xBE5A, 0xBE5A, 0xBE5A, 0xBE5A, 0xBE5A, 0xBE5A, 0x0000, 0x0000, 
  0x0000, 0x0000, 0x0000, 0x0000, 0x0000, 0x0000, 0xBE5A, 0xBE5A, 0xBE5A, 0xBE5A, 0xBE5A, 0xBE5A, 
  0xBE5A, 0xBE5A, 0xBE5A, 0xBE5A, 0xBE5A, 0xBE5A, 0xBE5A, 0xBE5A, 0xBE5A, 0xBE5A, 0xBE5A, 0xBE5A, 
  0xBE5A, 0xBE5A, 0xBE5A, 0xBE5A, 0xBE5A, 0xBE5A, 0xBE5A, 0xBE5A, 0xBE5A, 0xBE5A, 0xBE5A, 0xBE5A, 
  0xBE5A, 0xBE5A, 0xBE5A, 0xBE5A, 0xBE5A, 0xBE5A, 0xBE5A, 0xBE5A, 0xBE5A, 0xBE5A, 0x0000, 0x0000, 
  0x0000, 0x0000, 0x0000, 0x0000, 0x0000, 0x0000, 0xBE5A, 0xBE5A, 0xBE5A, 0xBE5A, 0xBE5A, 0xBE5A, 
  0xBE5A, 0xBE5A, 0xBE5A, 0xBE5A, 0xBE5A, 0xBE5A, 0xBE5A, 0xBE5A, 0xBE5A, 0xBE5A, 0xBE5A, 0xBE5A, 
  0xBE5A, 0xBE5A, 0xBE5A, 0xBE5A, 0xBE5A, 0xBE5A, 0xBE5A, 0xBE5A, 0xBE5A, 0xBE5A, 0xBE5A, 0xBE5A, 
  0xBE5A, 0xBE5A, 0xBE5A, 0xBE5A, 0xBE5A, 0xBE5A, 0xBE5A, 0xBE5A, 0xBE5A, 0x0000, 0x0000, 0x0000, 
  0x0000, 0x0000, 0x0000, 0x0000, 0x0000, 0x0000, 0xBE5A, 0xBE5A, 0xBE5A, 0xBE5A, 0xBE5A, 0xBE5A, 
  0xBE5A, 0xBE5A, 0xBE5A, 0xBE5A, 0xBE5A, 0xBE5A, 0xBE5A, 0xBE5A, 0xBE5A, 0xBE5A, 0xBE5A, 0xBE5A, 
  0xBE5A, 0xBE5A, 0xBE5A, 0xBE5A, 0xBE5A, 0xBE5A, 0xBE5A, 0xBE5A, 0xBE5A, 0xBE5A, 0xBE5A, 0xBE5A, 
  0xBE5A, 0xBE5A, 0xBE5A, 0xBE5A, 0xBE5A, 0xBE5A, 0xBE5A, 0xBE5A, 0x0000, 0x0000, 0x0000, 0x0000, 
  0x0000, 0x0000, 0x0000, 0x0000, 0x0000, 0x0000, 0xBE5A, 0xBE5A, 0xBE5A, 0xBE5A, 0xBE5A, 0xBE5A, 
  0xBE5A, 0xBE5A, 0xBE5A, 0xBE5A, 0xBE5A, 0xBE5A, 0xBE5A, 0xBE5A, 0xBE5A, 0xBE5A, 0xBE5A, 0xBE5A, 
  0xBE5A, 0xBE5A, 0xBE5A, 0xBE5A, 0xBE5A, 0xBE5A, 0xBE5A, 0xBE5A, 0xBE5A, 0xBE5A, 0xBE5A, 0xBE5A, 
  0xBE5A, 0xBE5A, 0xBE5A, 0xBE5A, 0xBE5A, 0xBE5A, 0xBE5A, 0x0000, 0x0000, 0x0000, 0x0000, 0x0000, 
  0x0000, 0x0000, 0x0000, 0x0000, 0x0000, 0x0000, 0x0000, 0xBE5A, 0xBE5A, 0xBE5A, 0xBE5A, 0xBE5A, 
  0xBE5A, 0xBE5A, 0xBE5A, 0xBE5A, 0xBE5A, 0xBE5A, 0xBE5A, 0xBE5A, 0xBE5A, 0xBE5A, 0xBE5A, 0xBE5A, 
  0xBE5A, 0xBE5A, 0xBE5A, 0xBE5A, 0xBE5A, 0xBE5A, 0xBE5A, 0xBE5A, 0xBE5A, 0xBE5A, 0xBE5A, 0xBE5A, 
  0xBE5A, 0xBE5A, 0xBE5A, 0xBE5A, 0xBE5A, 0xBE5A, 0xBE5A, 0x0000, 0x0000, 0x0000, 0x0000, 0x0000, 
  0x0000, 0x0000, 0x0000, 0x0000, 0x0000, 0x0000, 0x0000, 0xBE5A, 0xBE5A, 0xBE5A, 0xBE5A, 0xBE5A, 
  0xBE5A, 0xBE5A, 0xBE5A, 0xBE5A, 0xBE5A, 0xBE5A, 0xBE5A, 0xBE5A, 0xBE5A, 0xBE5A, 0xBE5A, 0xBE5A, 
  0xBE5A, 0xBE5A, 0xBE5A, 0xBE5A, 0xBE5A, 0xBE5A, 0xBE5A, 0xBE5A, 0xBE5A, 0xBE5A, 0xBE5A, 0xBE5A, 
  0xBE5A, 0xBE5A, 0xBE5A, 0xBE5A, 0xBE5A, 0xBE5A, 0x0000, 0x0000, 0x0000, 0x0000, 0x0000, 0x0000, 
  0x0000, 0x0000, 0x0000, 0x0000, 0x0000, 0x0000, 0x0000, 0x0000, 0xBE5A, 0xBE5A, 0xBE5A, 0xBE5A, 
  0xBE5A, 0xBE5A, 0xBE5A, 0xBE5A, 0xBE5A, 0xBE5A, 0xBE5A, 0xBE5A, 0xBE5A, 0xBE5A, 0xBE5A, 0xBE5A, 
  0xBE5A, 0xBE5A, 0xBE5A, 0xBE5A, 0xBE5A, 0xBE5A, 0xBE5A, 0xBE5A, 0xBE5A, 0xBE5A, 0xBE5A, 0xBE5A, 
  0xBE5A, 0xBE5A, 0xBE5A, 0xBE5A, 0xBE5A, 0x0000, 0x0000, 0x0000, 0x0000, 0x0000, 0x0000, 0x0000, 
  0x0000, 0x0000, 0x0000, 0x0000, 0x0000, 0x0000, 0x0000, 0x0000, 0xBE5A, 0xBE5A, 0xBE5A, 0xBE5A, 
  0xBE5A, 0xBE5A, 0xBE5A, 0xBE5A, 0xBE5A, 0xBE5A, 0xBE5A, 0xBE5A, 0xBE5A, 0xBE5A, 0xBE5A, 0xBE5A, 
  0xBE5A, 0xBE5A, 0xBE5A, 0xBE5A, 0xBE5A, 0xBE5A, 0xBE5A, 0xBE5A, 0xBE5A, 0xBE5A, 0xBE5A, 0xBE5A, 
  0xBE5A, 0xBE5A, 0xBE5A, 0xBE5A, 0xBE5A, 0x0000, 0x0000, 0x0000, 0x0000, 0x0000, 0x0000, 0x0000, 
  0x0000, 0x0000, 0x0000, 0x0000, 0x0000, 0x0000, 0x0000, 0x0000, 0x0000, 0xBE5A, 0xBE5A, 0xBE5A, 
  0xBE5A, 0xBE5A, 0xBE5A, 0xBE5A, 0xBE5A, 0xBE5A, 0xBE5A, 0xBE5A, 0xBE5A, 0xBE5A, 0xBE5A, 0xBE5A, 
  0xBE5A, 0xBE5A, 0xBE5A, 0xBE5A, 0xBE5A, 0xBE5A, 0xBE5A, 0xBE5A, 0xBE5A, 0xBE5A, 0xBE5A, 0xBE5A, 
  0xBE5A, 0xBE5A, 0xBE5A, 0xBE5A, 0x0000, 0x0000, 0x0000, 0x0000, 0x0000, 0x0000, 0x0000, 0x0000, 
  0x0000, 0x0000, 0x0000, 0x0000, 0x0000, 0x0000, 0x0000, 0x0000, 0x0000, 0x0000, 0xBE5A, 0xBE5A, 
  0xBE5A, 0xBE5A, 0xBE5A, 0xBE5A, 0xBE5A, 0xBE5A, 0xBE5A, 0xBE5A, 0xBE5A, 0xBE5A, 0xBE5A, 0xBE5A, 
  0xBE5A, 0xBE5A, 0xBE5A, 0xBE5A, 0xBE5A, 0xBE5A, 0xBE5A, 0xBE5A, 0xBE5A, 0xBE5A, 0xBE5A, 0xBE5A, 
  0xBE5A, 0xBE5A, 0xBE5A, 0x0000, 0x0000, 0x0000, 0x0000, 0x0000, 0x0000, 0x0000, 0x0000, 0x0000, 
  0x0000, 0x0000, 0x0000, 0x0000, 0x0000, 0x0000, 0x0000, 0x0000, 0x0000, 0x0000, 0xBE5A, 0xBE5A, 
  0xBE5A, 0xBE5A, 0xBE5A, 0xBE5A, 0xBE5A, 0xBE5A, 0xBE5A, 0xBE5A, 0xBE5A, 0xBE5A, 0xBE5A, 0xBE5A, 
  0xBE5A, 0xBE5A, 0xBE5A, 0xBE5A, 0xBE5A, 0xBE5A, 0xBE5A, 0xBE5A, 0xBE5A, 0xBE5A, 0xBE5A, 0xBE5A, 
  0xBE5A, 0xBE5A, 0xBE5A, 0x0000, 0x0000, 0x0000, 0x0000, 0x0000, 0x0000, 0x0000, 0x0000, 0x0000, 
  0x0000, 0x0000, 0x0000, 0x0000, 0x0000, 0x0000, 0x0000, 0x0000, 0x0000, 0x0000, 0x0000, 0x0000, 
  0x0000, 0x0000, 0x0000, 0x0000, 0x0000, 0x0000, 0x0000, 0x0000, 0x0000, 0x0000, 0x0000, 0x0000, 
  0x0000, 0x0000, 0x0000, 0x0000, 0x0000, 0x0000, 0x0000, 0x0000, 0x0000, 0x0000, 0x0000, 0x0000, 
  0x0000, 0x0000, 0x0000, 0x0000, 0x0000, 0x0000, 0x0000, 0x0000, 0x0000, 0x0000, 0x0000, 0x0000, 
  0x0000, 0x0000, 0x0000, 0x0000, 0x0000, 0x0000, 0x0000, 0x0000, 0x0000, 0x0000, 0x0000, 0x0000, 
  0x0000, 0x0000, 0x0000, 0x0000, 0x0000, 0x0000, 0x0000, 0x0000, 0x0000, 0x0000, 0x0000, 0x0000, 
  0x0000, 0x0000, 0x0000, 0x0000, 0x0000, 0x0000, 0x0000, 0x0000, 0x0000, 0x0000, 0x0000, 0x0000, 
  0x0000, 0x0000, 0x0000, 0x0000, 0x0000, 0x0000, 0x0000, 0x0000, 0x0000, 0x0000, 0x0000, 0x0000, 
  0x0000, 0x0000, 0x0000, 0x0000, 0x0000, 0x0000, 0x0000, 0x0000, 0x0000, 0x0000, 0x0000, 0x0000, 
  0x0000, 0x0000, 0x0000, 0x0000, 0x0000, 0x0000, 0x0000, 0x0000, 0x0000, 0x0000, 0x0000, 0x0000, 
  0x0000, 0x0000, 0x0000, 0x0000, 0x0000, 0x0000, 0x0000, 0x0000, 0x0000, 0x0000, 0x0000, 0x0000, 
  0x0000, 0x0000, 0x0000, 0x0000, 0x0000, 0x0000, 0x0000, 0x0000, 0x0000, 0x0000, 0x0000, 0x0000, 
  0x0000, 0x0000, 0x0000, 0x0000, 0x0000, 0x0000, 0x0000, 0x0000, 0x0000, 0x0000, 0x0000, 0x0000, 
  0x0000, 0x0000, 0x0000, 0x0000, 0x0000, 0x0000, 0x0000, 0x0000, 0x0000, 0x0000, 0x0000, 0x0000, 
  0x0000, 0x0000, 0x0000, 0x0000, 0x0000, 0x0000, 0x0000, 0x0000, 0x0000, 0x0000, 0x0000, 0x0000, 
  0x0000, 0x0000, 0x0000, 0x0000, 0x0000, 0x0000, 0x0000, 0x0000, 0x0000, 0x0000, 0x0000, 0x0000, 
  0x0000, 0x0000, 0x0000, 0x0000, 0x0000, 0x0000, 0x0000, 0x0000, 0x0000, 0x0000, 0x0000, 0x0000, 
  0x0000, 0x0000, 0x0000, 0x0000, 0x0000, 0x0000, 0x0000, 0x0000, 0x0000, 0x0000, 0x0000, 0x0000, 
  0x0000, 0x0000, 0x0000, 0x0000, 0x0000, 0x0000, 0x0000, 0x0000, 0x0000, 0x0000, 0x0000, 0x0000, 
  0x0000, 0x0000, 0x0000, 0x0000, 0x0000, 0x0000, 0x0000, 0x0000, 0x0000, 0x0000, 0x0000, 0x0000, 
  0x0000, 0x0000, 0x0000, 0x0000, 0x0000, 0x0000, 0x0000, 0x0000, 0x0000, 0x0000, 0x0000, 0x0000, 
  0x0000, 0x0000, 0x0000, 0x0000, 0x0000, 0x0000, 0x0000, 0x0000, 0x0000, 0x0000, 0x0000, 0x0000, 
  0x0000, 0x0000, 0x0000, 0x0000, 0x0000, 0x0000, 0x0000, 0x0000, 0x0000, 0x0000, 0x0000, 0x0000, 
  0x0000, 0x0000, 0x0000, 0x0000, 0x0000, 0x0000, 0x0000, 0x0000, 0x0000, 0x0000, 0x0000, 0x0000, 
  0x0000, 0x0000, 0x0000, 0x0000, 0x0000, 0x0000, 0x0000, 0x0000, 0x0000, 0x0000, 0x0000, 0x0000, 
  0x0000, 0x0000, 0x0000, 0x0000, 0x0000, 0x0000, 0x0000, 0x0000, 0x0000, 0x0000, 0x0000, 0x0000, 
  0x0000, 0x0000, 0x0000, 0x0000, 0x0000, 0x0000, 0x0000, 0x0000, 0x0000, 0x0000, 0x0000, 0x0000, 
  0x0000, 0x0000, 0x0000, 0x0000, 0x0000, 0x0000, 0x0000, 0x0000, 0x0000, 0x0000, 0x0000, 0x0000, 
  0x0000, 0x0000, 0x0000, 0x0000, 0x0000, 0x0000, 0x0000, 0x0000, 0x0000, 0x0000, 0x0000, 0x0000, 
  0x0000, 0x0000, 0x0000, 0x0000, 0x0000, 0x0000, 0x0000, 0x0000, 0x0000, 0x0000, 0x0000, 0x0000, 
  0x0000, 0x0000, 0x0000, 0x0000, 0x0000, 0x0000, 0x0000, 0x0000, 0x0000, 0x0000, 0x0000, 0x0000, 
  0x0000, 0x0000, 0x0000, 0x0000, 0x0000, 0x0000, 0x0000, 0x0000, 0x0000, 0x0000, 0x0000, 0x0000, 
  0x0000, 0x0000, 0x0000, 0x0000, 0x0000, 0x0000, 0x0000, 0x0000, 0x0000, 0x0000, 0x0000, 0x0000, 
  0x0000, 0x0000, 0x0000, 0x0000, 0x0000, 0x0000, 0x0000, 0x0000, 0x0000, 0x0000, 0x0000, 0x0000, 
  0x0000, 0x0000, 0x0000, 0x0000, 0x0000, 0x0000, 0x0000, 0x0000, 0x0000, 0x0000, 0x0000, 0x0000, 
  0x0000, 0x0000, 0x0000, 0x0000, 0x0000, 0x0000, 0x0000, 0x0000, 0x0000, 0x0000, 0x0000, 0x0000, 
  0x0000, 0x0000, 0x0000, 0x0000, 0x0000, 0x0000, 0x0000, 0x0000, 0x0000, 0x0000, 0x0000, 0x0000, 
  0x0000, 0x0000, 0x0000, 0x0000, 0x0000, 0x0000, 0x0000, 0x0000, 0x0000, 0x0000, 0x0000, 0x0000, 
  0x0000, 0x0000, 0x0000, 0x0000, 0x0000, 0x0000, 0x0000, 0x0000, 0x0000, 0x0000, 0x0000, 0x0000, 
  0x0000, 0x0000, 0x0000, 0x0000, 0x0000, 0x0000, 0x0000, 0x0000, 0x0000, 0x0000, 0x0000, 0x0000, 
  0x0000, 0x0000, 0x0000, 0x0000, 0x0000, 0x0000, 0x0000, 0x0000, 0x0000, 0x0000, 0x0000, 0x0000, 
  0x0000, 0x0000, 0x0000, 0x0000, 0x0000, 0x0000, 0x0000, 0x0000, 0x0000, 0x0000, 0x0000, 0x0000, 
  0x0000, 0x0000, 0x0000, 0x0000, 0x0000, 0x0000, 0x0000, 0x0000, 0x0000, 0x0000, 0x0000, 0x0000, 
  0x0000, 0x0000, 0x0000, 0x0000, 0x0000, 0x0000, 0x0000, 0x0000, 0x0000, 0x0000, 0x0000, 0x0000
};

// 3 - Rain
const uint16_t PROGMEM WEATHER48_ICON_3[WEATHER48_W*WEATHER48_H] = {
  0x0000, 0x0000, 0x0000, 0x0000, 0x0000, 0x0000, 0x0000, 0x0000, 0x0000, 0x0000, 0x0000, 0x0000, 
  0x0000, 0x0000, 0x0000, 0x0000, 0x0000, 0x0000, 0x0000, 0x0000, 0x0000, 0x0000, 0x0000, 0x0000, 
  0x0000, 0x0000, 0x0000, 0x0000, 0x0000, 0x0000, 0x0000, 0x0000, 0x0000, 0x0000, 0x0000, 0x0000, 
  0x0000, 0x0000, 0x0000, 0x0000, 0x0000, 0x0000, 0x0000, 0x0000, 0x0000, 0x0000, 0x0000, 0x0000, 
  0x0000, 0x0000, 0x0000, 0x0000, 0x0000, 0x0000, 0x0000, 0x0000, 0x0000, 0x0000, 0x0000, 0x0000, 
  0x0000, 0x0000, 0x0000, 0x0000, 0x0000, 0x0000, 0x0000, 0x0000, 0x0000, 0x0000, 0x0000, 0x0000, 
  0x0000, 0x0000, 0x0000, 0x0000, 0x0000, 0x0000, 0x0000, 0x0000, 0x0000, 0x0000, 0x0000, 0x0000, 
  0x0000, 0x0000, 0x0000, 0x0000, 0x0000, 0x0000, 0x0000, 0x0000, 0x0000, 0x0000, 0x0000, 0x0000, 
  0x0000, 0x0000, 0x0000, 0x0000, 0x0000, 0x0000, 0x0000, 0x0000, 0x0000, 0x0000, 0x0000, 0x0000, 
  0x0000, 0x0000, 0x0000, 0x0000, 0x0000, 0x0000, 0x0000, 0x0000, 0x0000, 0x0000, 0x0000, 0x0000, 
  0x0000, 0x0000, 0x0000, 0x0000, 0x0000, 0x0000, 0x0000, 0x0000, 0x0000, 0x0000, 0x0000, 0x0000, 
  0x0000, 0x0000, 0x0000, 0x0000, 0x0000, 0x0000, 0x0000, 0x0000, 0x0000, 0x0000, 0x0000, 0x0000, 
  0x0000, 0x0000, 0x0000, 0x0000, 0x0000, 0x0000, 0x0000, 0x0000, 0x0000, 0x0000, 0x0000, 0x0000, 
  0x0000, 0x0000, 0x0000, 0x0000, 0x0000, 0x0000, 0x0000, 0x0000, 0x0000, 0x0000, 0x0000, 0x0000, 
  0x0000, 0x0000, 0x0000, 0x0000, 0x0000, 0x0000, 0x0000, 0x0000, 0x0000, 0x0000, 0x0000, 0x0000, 
  0x0000, 0x0000, 0x0000, 0x0000, 0x0000, 0x0000, 0x0000, 0x0000, 0x0000, 0x0000, 0x0000, 0x0000, 
  0x0000, 0x0000, 0x0000, 0x0000, 0x0000, 0x0000, 0x0000, 0x0000, 0x0000, 0x0000, 0x0000, 0x0000, 
  0x0000, 0x0000, 0x0000, 0x0000, 0x0000, 0x0000, 0x0000, 0x0000, 0x0000, 0x0000, 0x0000, 0x0000, 
  0x0000, 0x0000, 0x0000, 0x0000, 0x0000, 0x0000, 0x0000, 0x0000, 0x0000, 0x0000, 0x0000, 0x0000, 
  0x0000, 0x0000, 0x0000, 0x0000, 0x0000, 0x0000, 0x0000, 0x0000, 0x0000, 0x0000, 0x0000, 0x0000, 
  0x0000, 0x0000, 0x0000, 0x0000, 0x0000, 0x0000, 0x0000, 0x0000, 0x0000, 0x0000, 0x0000, 0x0000, 
  0x0000, 0x0000, 0x0000, 0x0000, 0x0000, 0x0000, 0x0000, 0x0000, 0x0000, 0x0000, 0x0000, 0x0000, 
  0x0000, 0x0000, 0x0000, 0x0000, 0x0000, 0x0000, 0x0000, 0x0000, 0x0000, 0x0000, 0x0000, 0x0000, 
  0x0000, 0x0000, 0x0000, 0x0000, 0x0000, 0x0000, 0x0000, 0x0000, 0x0000, 0x0000, 0x0000, 0x0000, 
  0x0000, 0x0000, 0x0000, 0x0000, 0x0000, 0x0000, 0x0000, 0x0000, 0x0000, 0x0000, 0x0000, 0x0000, 
  0x0000, 0x0000, 0x0000, 0x0000, 0x0000, 0x0000, 0x0000, 0x0000, 0x0000, 0x0000, 0x0000, 0x0000, 
  0x0000, 0x0000, 0x0000, 0x0000, 0x0000, 0x0000, 0x0000, 0x0000, 0x0000, 0x0000, 0x0000, 0x0000, 
  0x0000, 0x0000, 0x0000, 0x0000, 0x0000, 0x0000, 0x0000, 0x0000, 0x0000, 0x0000, 0x0000, 0x0000, 
  0x0000, 0x0000, 0x0000, 0x0000, 0x0000, 0x0000, 0x0000, 0x0000, 0x0000, 0x0000, 0x0000, 0x0000, 
  0x0000, 0x0000, 0x0000, 0x0000, 0x0000, 0x0000, 0x0000, 0x0000, 0x0000, 0x0000, 0x0000, 0x0000, 
  0x0000, 0x0000, 0x0000, 0x0000, 0x0000, 0x0000, 0x0000, 0x0000, 0x0000, 0x0000, 0x0000, 0x0000, 
  0x0000, 0x0000, 0x0000, 0x0000, 0x0000, 0x0000, 0x0000, 0x0000, 0x0000, 0x0000, 0x0000, 0x0000, 
  0x0000, 0x0000, 0x0000, 0x0000, 0x0000, 0x0000, 0x0000, 0x0000, 0x0000, 0x0000, 0x0000, 0x0000, 
  0x0000, 0x0000, 0x0000, 0x0000, 0x0000, 0x0000, 0x0000, 0x0000, 0x0000, 0x0000, 0x0000, 0x0000, 
  0x0000, 0x0000, 0x0000, 0x0000, 0x0000, 0x0000, 0x0000, 0x0000, 0x0000, 0x0000, 0x0000, 0x0000, 
  0x0000, 0x0000, 0x0000, 0x0000, 0x0000, 0x0000, 0x0000, 0x0000, 0x0000, 0x0000, 0x0000, 0x0000, 
  0x0000, 0x0000, 0x0000, 0x0000, 0x0000, 0x0000, 0x0000, 0x0000, 0x0000, 0x0000, 0x0000, 0x0000, 
  0x0000, 0x0000, 0x0000, 0x0000, 0x0000, 0x0000, 0x0000, 0x0000, 0x0000, 0x0000, 0x0000, 0x0000, 
  0x0000, 0x0000, 0x0000, 0x0000, 0x0000, 0x0000, 0x0000, 0x0000, 0x0000, 0x0000, 0x0000, 0x0000, 
  0x0000, 0x0000, 0x0000, 0x0000, 0x0000, 0x0000, 0x0000, 0x0000, 0x0000, 0x0000, 0x0000, 0x0000, 
  0x0000, 0x0000, 0x0000, 0x0000, 0x0000, 0x0000, 0x0000, 0x0000, 0x0000, 0x0000, 0x0000, 0x0000, 
  0x0000, 0x0000, 0x0000, 0x0000, 0x0000, 0x0000, 0x0000, 0x0000, 0x0000, 0x0000, 0x0000, 0x0000, 
  0x0000, 0x0000, 0x0000, 0x0000, 0x0000, 0x0000, 0x0000, 0x0000, 0x0000, 0x0000, 0x0000, 0x0000, 
  0x0000, 0x0000, 0x0000, 0x0000, 0x0000, 0x0000, 0x0000, 0x0000, 0x0000, 0x0000, 0x0000, 0x0000, 
  0x0000, 0x0000, 0x0000, 0x0000, 0x0000, 0x0000, 0x0000, 0x0000, 0x0000, 0x0000, 0x0000, 0x0000, 
  0x0000, 0x0000, 0x0000, 0x0000, 0x0000, 0x0000, 0x0000, 0x0000, 0x0000, 0x0000, 0x0000, 0x0000, 
  0x0000, 0x0000, 0x0000, 0x0000, 0x0000, 0x0000, 0x0000, 0x0000, 0x0000, 0x0000, 0x0000, 0x0000, 
  0x0000, 0x0000, 0x0000, 0x0000, 0x0000, 0x0000, 0x0000, 0x0000, 0x0000, 0x0000, 0x0000, 0x0000, 
  0x0000, 0x0000, 0x0000, 0x0000, 0x0000, 0x0000, 0x0000, 0x0000, 0x0000, 0x0000, 0x0000, 0x0000, 
  0x0000, 0x0000, 0x0000, 0x0000, 0x0000, 0x0000, 0x0000, 0x0000, 0x0000, 0x0000, 0x0000, 0x0000, 
  0x0000, 0x0000, 0x0000, 0x0000, 0x0000, 0xBE5A, 0xBE5A, 0xBE5A, 0xBE5A, 0xBE5A, 0x0000, 0x0000, 
  0x0000, 0x0000, 0x0000, 0x0000, 0x0000, 0x0000, 0x0000, 0x0000, 0x0000, 0x0000, 0x0000, 0x0000, 
  0x0000, 0x0000, 0x0000, 0x0000, 0x0000, 0x0000, 0x0000, 0x0000, 0x0000, 0x0000, 0x0000, 0x0000, 
  0x0000, 0x0000, 0x0000, 0x0000, 0x0000, 0x0000, 0x0000, 0x0000, 0x0000, 0x0000, 0x0000, 0x0000, 
  0x0000, 0x0000, 0x0000, 0xBE5A, 0xBE5A, 0xBE5A, 0xBE5A, 0xBE5A, 0xBE5A, 0xBE5A, 0xBE5A, 0xBE5A, 
  0x0000, 0x0000, 0x0000, 0x0000, 0x0000, 0x0000, 0x0000, 0x0000, 0x0000, 0x0000, 0x0000, 0x0000, 
  0x0000, 0x0000, 0x0000, 0x0000, 0x0000, 0x0000, 0x0000, 0x0000, 0x0000, 0x0000, 0x0000, 0x0000, 
  0x0000, 0x0000, 0x0000, 0x0000, 0x0000, 0x0000, 0x0000, 0x0000, 0x0000, 0x0000, 0xBE5A, 0xBE5A, 
  0xBE5A, 0xBE5A, 0xBE5A, 0xBE5A, 0xBE5A, 0xBE5A, 0xBE5A, 0xBE5A, 0xBE5A, 0xBE5A, 0xBE5A, 0xBE5A, 
  0xBE5A, 0xBE5A, 0xBE5A, 0xBE5A, 0xBE5A, 0x0000, 0x0000, 0x0000, 0x0000, 0x0000, 0x0000, 0x0000, 
  0x0000, 0x0000, 0x0000, 0x0000, 0x0000, 0x0000, 0x0000, 0x0000, 0x0000, 0x0000, 0x0000, 0x0000, 
  0x0000, 0x0000, 0x0000, 0x0000, 0x0000, 0x0000, 0x0000, 0x0000, 0xBE5A, 0xBE5A, 0xBE5A, 0xBE5A, 
  0xBE5A, 0xBE5A, 0xBE5A, 0xBE5A, 0xBE5A, 0xBE5A, 0xBE5A, 0xBE5A, 0xBE5A, 0xBE5A, 0xBE5A, 0xBE5A, 
  0xBE5A, 0xBE5A, 0xBE5A, 0xBE5A, 0xBE5A, 0xBE5A, 0xBE5A, 0x0000, 0x0000, 0x0000, 0x0000, 0x0000, 
  0x0000, 0x0000, 0x0000, 0x0000, 0x0000, 0x0000, 0x0000, 0x0000, 0x0000, 0x0000, 0x0000, 0x0000, 
  0x0000, 0x0000, 0x0000, 0x0000, 0x0000, 0x0000, 0x0000, 0xBE5A, 0xBE5A, 0xBE5A, 0xBE5A, 0xBE5A, 
  0xBE5A, 0xBE5A, 0xBE5A, 0xBE5A, 0xBE5A, 0xBE5A, 0xBE5A, 0xBE5A, 0xBE5A, 0xBE5A, 0xBE5A, 0xBE5A, 
  0xBE5A, 0xBE5A, 0xBE5A, 0xBE5A, 0xBE5A, 0xBE5A, 0xBE5A, 0xBE5A, 0x0000, 0x0000, 0x0000, 0x0000, 
  0x0000, 0x0000, 0x0000, 0x0000, 0x0000, 0x0000, 0x0000, 0x0000, 0x0000, 0x0000, 0x0000, 0x0000, 
  0x0000, 0x0000, 0x0000, 0x0000, 0x0000, 0x0000, 0xBE5A, 0xBE5A, 0xBE5A, 0xBE5A, 0xBE5A, 0xBE5A, 
  0xBE5A, 0xBE5A, 0xBE5A, 0xBE5A, 0xBE5A, 0xBE5A, 0xBE5A, 0xBE5A, 0xBE5A, 0xBE5A, 0xBE5A, 0xBE5A, 
  0xBE5A, 0xBE5A, 0xBE5A, 0xBE5A, 0xBE5A, 0xBE5A, 0xBE5A, 0xBE5A, 0xBE5A, 0x0000, 0x0000, 0x0000, 
  0x0000, 0x0000, 0x0000, 0x0000, 0x0000, 0x0000, 0x0000, 0x0000, 0x0000, 0x0000, 0x0000, 0x0000, 
  0x0000, 0xBE5A, 0xBE5A, 0xBE5A, 0xBE5A, 0xBE5A, 0xBE5A, 0xBE5A, 0xBE5A, 0xBE5A, 0xBE5A, 0xBE5A, 
  0xBE5A, 0xBE5A, 0xBE5A, 0xBE5A, 0xBE5A, 0xBE5A, 0xBE5A, 0xBE5A, 0xBE5A, 0xBE5A, 0xBE5A, 0xBE5A, 
  0xBE5A, 0xBE5A, 0xBE5A, 0xBE5A, 0xBE5A, 0xBE5A, 0xBE5A, 0xBE5A, 0xBE5A, 0xBE5A, 0x0000, 0x0000, 
  0x0000, 0x0000, 0x0000, 0x0000, 0x0000, 0x0000, 0x0000, 0x0000, 0x0000, 0x0000, 0x0000, 0xBE5A, 
  0xBE5A, 0xBE5A, 0xBE5A, 0xBE5A, 0xBE5A, 0xBE5A, 0xBE5A, 0xBE5A, 0xBE5A, 0xBE5A, 0xBE5A, 0xBE5A, 
  0xBE5A, 0xBE5A, 0xBE5A, 0xBE5A, 0xBE5A, 0xBE5A, 0xBE5A, 0xBE5A, 0xBE5A, 0xBE5A, 0xBE5A, 0xBE5A, 
  0xBE5A, 0xBE5A, 0xBE5A, 0xBE5A, 0xBE5A, 0xBE5A, 0xBE5A, 0xBE5A, 0xBE5A, 0xBE5A, 0x0000, 0x0000, 
  0x0000, 0x0000, 0x0000, 0x0000, 0x0000, 0x0000, 0x0000, 0x0000, 0x0000, 0xBE5A, 0xBE5A, 0xBE5A, 
  0xBE5A, 0xBE5A, 0xBE5A, 0xBE5A, 0xBE5A, 0xBE5A, 0xBE5A, 0xBE5A, 0xBE5A, 0xBE5A, 0xBE5A, 0xBE5A, 
  0xBE5A, 0xBE5A, 0xBE5A, 0xBE5A, 0xBE5A, 0xBE5A, 0xBE5A, 0xBE5A, 0xBE5A, 0xBE5A, 0xBE5A, 0xBE5A, 
  0xBE5A, 0xBE5A, 0xBE5A, 0xBE5A, 0xBE5A, 0xBE5A, 0xBE5A, 0xBE5A, 0xBE5A, 0xBE5A, 0xBE5A, 0x0000, 
  0x0000, 0x0000, 0x0000, 0x0000, 0x0000, 0x0000, 0x0000, 0x0000, 0xBE5A, 0xBE5A, 0xBE5A, 0xBE5A, 
  0xBE5A, 0xBE5A, 0xBE5A, 0xBE5A, 0xBE5A, 0xBE5A, 0xBE5A, 0xBE5A, 0xBE5A, 0xBE5A, 0xBE5A, 0xBE5A, 
  0xBE5A, 0xBE5A, 0xBE5A, 0xBE5A, 0xBE5A, 0xBE5A, 0xBE5A, 0xBE5A, 0xBE5A, 0xBE5A, 0xBE5A, 0xBE5A, 
  0xBE5A, 0xBE5A, 0xBE5A, 0xBE5A, 0xBE5A, 0xBE5A, 0xBE5A, 0xBE5A, 0xBE5A, 0xBE5A, 0xBE5A, 0x0000, 
  0x0000, 0x0000, 0x0000, 0x0000, 0x0000, 0x0000, 0x0000, 0x0000, 0xBE5A, 0xBE5A, 0xBE5A, 0xBE5A, 
  0xBE5A, 0xBE5A, 0xBE5A, 0xBE5A, 0xBE5A, 0xBE5A, 0xBE5A, 0xBE5A, 0xBE5A, 0xBE5A, 0xBE5A, 0xBE5A, 
  0xBE5A, 0xBE5A, 0xBE5A, 0xBE5A, 0xBE5A, 0xBE5A, 0xBE5A, 0xBE5A, 0xBE5A, 0xBE5A, 0xBE5A, 0xBE5A, 
  0xBE5A, 0xBE5A, 0xBE5A, 0xBE5A, 0xBE5A, 0xBE5A, 0xBE5A, 0xBE5A, 0xBE5A, 0xBE5A, 0xBE5A, 0x0000, 
  0x0000, 0x0000, 0x0000, 0x0000, 0x0000, 0x0000, 0x0000, 0xBE5A, 0xBE5A, 0xBE5A, 0xBE5A, 0xBE5A, 
  0xBE5A, 0xBE5A, 0xBE5A, 0xBE5A, 0xBE5A, 0xBE5A, 0xBE5A, 0xBE5A, 0xBE5A, 0xBE5A, 0xBE5A, 0xBE5A, 
  0xBE5A, 0xBE5A, 0xBE5A, 0xBE5A, 0xBE5A, 0xBE5A, 0xBE5A, 0xBE5A, 0xBE5A, 0xBE5A, 0xBE5A, 0xBE5A, 
  0xBE5A, 0xBE5A, 0xBE5A, 0xBE5A, 0xBE5A, 0xBE5A, 0xBE5A, 0xBE5A, 0xBE5A, 0xBE5A, 0xBE5A, 0x0000, 
  0x0000, 0x0000, 0x0000, 0x0000, 0x0000, 0x0000, 0x0000, 0xBE5A, 0xBE5A, 0xBE5A, 0xBE5A, 0xBE5A, 
  0xBE5A, 0xBE5A, 0xBE5A, 0xBE5A, 0xBE5A, 0xBE5A, 0xBE5A, 0xBE5A, 0xBE5A, 0xBE5A, 0xBE5A, 0xBE5A, 
  0xBE5A, 0xBE5A, 0xBE5A, 0xBE5A, 0xBE5A, 0xBE5A, 0xBE5A, 0xBE5A, 0xBE5A, 0xBE5A, 0xBE5A, 0xBE5A, 
  0xBE5A, 0xBE5A, 0xBE5A, 0xBE5A, 0xBE5A, 0xBE5A, 0xBE5A, 0xBE5A, 0xBE5A, 0xBE5A, 0xBE5A, 0x0000, 
  0x0000, 0x0000, 0x0000, 0x0000, 0x0000, 0x0000, 0xBE5A, 0xBE5A, 0xBE5A, 0xBE5A, 0xBE5A, 0xBE5A, 
  0xBE5A, 0xBE5A, 0xBE5A, 0xBE5A, 0xBE5A, 0xBE5A, 0xBE5A, 0xBE5A, 0xBE5A, 0xBE5A, 0xBE5A, 0xBE5A, 
  0xBE5A, 0xBE5A, 0xBE5A, 0xBE5A, 0xBE5A, 0xBE5A, 0xBE5A, 0xBE5A, 0xBE5A, 0xBE5A, 0xBE5A, 0xBE5A, 
  0xBE5A, 0xBE5A, 0xBE5A, 0xBE5A, 0xBE5A, 0xBE5A, 0xBE5A, 0xBE5A, 0xBE5A, 0xBE5A, 0x0000, 0x0000, 
  0x0000, 0x0000, 0x0000, 0x0000, 0x0000, 0x0000, 0xBE5A, 0xBE5A, 0xBE5A, 0xBE5A, 0xBE5A, 0xBE5A, 
  0xBE5A, 0xBE5A, 0xBE5A, 0xBE5A, 0xBE5A, 0xBE5A, 0xBE5A, 0xBE5A, 0xBE5A, 0xBE5A, 0xBE5A, 0xBE5A, 
  0xBE5A, 0xBE5A, 0xBE5A, 0xBE5A, 0xBE5A, 0xBE5A, 0xBE5A, 0xBE5A, 0xBE5A, 0xBE5A, 0xBE5A, 0xBE5A, 
  0xBE5A, 0xBE5A, 0xBE5A, 0xBE5A, 0xBE5A, 0xBE5A, 0xBE5A, 0xBE5A, 0xBE5A, 0xBE5A, 0x0000, 0x0000, 
  0x0000, 0x0000, 0x0000, 0x0000, 0x0000, 0x0000, 0xBE5A, 0xBE5A, 0xBE5A, 0xBE5A, 0xBE5A, 0xBE5A, 
  0xBE5A, 0xBE5A, 0xBE5A, 0xBE5A, 0xBE5A, 0xBE5A, 0xBE5A, 0xBE5A, 0xBE5A, 0xBE5A, 0xBE5A, 0xBE5A, 
  0xBE5A, 0xBE5A, 0xBE5A, 0xBE5A, 0xBE5A, 0xBE5A, 0xBE5A, 0xBE5A, 0xBE5A, 0xBE5A, 0xBE5A, 0xBE5A, 
  0xBE5A, 0xBE5A, 0xBE5A, 0xBE5A, 0xBE5A, 0xBE5A, 0xBE5A, 0xBE5A, 0xBE5A, 0x0000, 0x0000, 0x0000, 
  0x0000, 0x0000, 0x0000, 0x0000, 0x0000, 0x0000, 0xBE5A, 0xBE5A, 0xBE5A, 0xBE5A, 0xBE5A, 0xBE5A, 
  0xBE5A, 0xBE5A, 0xBE5A, 0xBE5A, 0xBE5A, 0xBE5A, 0xBE5A, 0xBE5A, 0xBE5A, 0xBE5A, 0xBE5A, 0xBE5A, 
  0xBE5A, 0xBE5A, 0xBE5A, 0xBE5A, 0xBE5A, 0xBE5A, 0xBE5A, 0xBE5A, 0xBE5A, 0xBE5A, 0xBE5A, 0xBE5A, 
  0xBE5A, 0xBE5A, 0xBE5A, 0xBE5A, 0xBE5A, 0xBE5A, 0xBE5A, 0xBE5A, 0x0000, 0x0000, 0x0000, 0x0000, 
  0x0000, 0x0000, 0x0000, 0x0000, 0x0000, 0x0000, 0xBE5A, 0xBE5A, 0xBE5A, 0xBE5A, 0xBE5A, 0xBE5A, 
  0xBE5A, 0xBE5A, 0xBE5A, 0xBE5A, 0xBE5A, 0xBE5A, 0xBE5A, 0xBE5A, 0xBE5A, 0xBE5A, 0xBE5A, 0xBE5A, 
  0xBE5A, 0xBE5A, 0xBE5A, 0xBE5A, 0xBE5A, 0xBE5A, 0xBE5A, 0xBE5A, 0xBE5A, 0xBE5A, 0xBE5A, 0xBE5A, 
  0xBE5A, 0xBE5A, 0xBE5A, 0xBE5A, 0xBE5A, 0xBE5A, 0xBE5A, 0x0000, 0x0000, 0x0000, 0x0000, 0x0000, 
  0x0000, 0x0000, 0x0000, 0x0000, 0x0000, 0x0000, 0x0000, 0xBE5A, 0xBE5A, 0xBE5A, 0xBE5A, 0xBE5A, 
  0xBE5A, 0xBE5A, 0xBE5A, 0xBE5A, 0xBE5A, 0xBE5A, 0xBE5A, 0xBE5A, 0xBE5A, 0xBE5A, 0xBE5A, 0xBE5A, 
  0xBE5A, 0xBE5A, 0xBE5A, 0xBE5A, 0xBE5A, 0xBE5A, 0xBE5A, 0xBE5A, 0xBE5A, 0xBE5A, 0xBE5A, 0xBE5A, 
  0xBE5A, 0xBE5A, 0xBE5A, 0xBE5A, 0xBE5A, 0xBE5A, 0xBE5A, 0x0000, 0x0000, 0x0000, 0x0000, 0x0000, 
  0x0000, 0x0000, 0x0000, 0x0000, 0x0000, 0x0000, 0x0000, 0xBE5A, 0xBE5A, 0xBE5A, 0xBE5A, 0xBE5A, 
  0xBE5A, 0xBE5A, 0xBE5A, 0xBE5A, 0xBE5A, 0xBE5A, 0xBE5A, 0xBE5A, 0xBE5A, 0xBE5A, 0xBE5A, 0xBE5A, 
  0xBE5A, 0xBE5A, 0xBE5A, 0xBE5A, 0xBE5A, 0xBE5A, 0xBE5A, 0xBE5A, 0xBE5A, 0xBE5A, 0xBE5A, 0xBE5A, 
  0xBE5A, 0xBE5A, 0xBE5A, 0xBE5A, 0xBE5A, 0xBE5A, 0x0000, 0x0000, 0x0000, 0x0000, 0x0000, 0x0000, 
  0x0000, 0x0000, 0x0000, 0x0000, 0x0000, 0x0000, 0x0000, 0x0000, 0xBE5A, 0xBE5A, 0x54BF, 0x54BF, 
  0xBE5A, 0xBE5A, 0xBE5A, 0xBE5A, 0xBE5A, 0x54BF, 0x54BF, 0xBE5A, 0xBE5A, 0xBE5A, 0xBE5A, 0xBE5A, 
  0x54BF, 0x54BF, 0xBE5A, 0xBE5A, 0xBE5A, 0xBE5A, 0xBE5A, 0x54BF, 0x54BF, 0xBE5A, 0xBE5A, 0xBE5A, 
  0xBE5A, 0xBE5A, 0xBE5A, 0xBE5A, 0xBE5A, 0x0000, 0x0000, 0x0000, 0x0000, 0x0000, 0x0000, 0x0000, 
  0x0000, 0x0000, 0x0000, 0x0000, 0x0000, 0x0000, 0x0000, 0x0000, 0xBE5A, 0xBE5A, 0x54BF, 0x54BF, 
  0xBE5A, 0xBE5A, 0xBE5A, 0xBE5A, 0xBE5A, 0x54BF, 0x54BF, 0xBE5A, 0xBE5A, 0xBE5A, 0xBE5A, 0xBE5A, 
  0x54BF, 0x54BF, 0xBE5A, 0xBE5A, 0xBE5A, 0xBE5A, 0xBE5A, 0x54BF, 0x54BF, 0xBE5A, 0xBE5A, 0xBE5A, 
  0xBE5A, 0xBE5A, 0xBE5A, 0xBE5A, 0xBE5A, 0x0000, 0x0000, 0x0000, 0x0000, 0x0000, 0x0000, 0x0000, 
  0x0000, 0x0000, 0x0000, 0x0000, 0x0000, 0x0000, 0x0000, 0x0000, 0x0000, 0xBE5A, 0x54BF, 0x54BF, 
  0xBE5A, 0xBE5A, 0xBE5A, 0xBE5A, 0xBE5A, 0x54BF, 0x54BF, 0xBE5A, 0xBE5A, 0xBE5A, 0xBE5A, 0xBE5A, 
  0x54BF, 0x54BF, 0xBE5A, 0xBE5A, 0xBE5A, 0xBE5A, 0xBE5A, 0x54BF, 0x54BF, 0xBE5A, 0xBE5A, 0xBE5A, 
  0xBE5A, 0xBE5A, 0xBE5A, 0xBE5A, 0x0000, 0x0000, 0x0000, 0x0000, 0x0000, 0x0000, 0x0000, 0x0000, 
  0x0000, 0x0000, 0x0000, 0x0000, 0x0000, 0x0000, 0x0000, 0x0000, 0x0000, 0x0000, 0x54BF, 0x54BF, 
  0xBE5A, 0xBE5A, 0xBE5A, 0xBE5A, 0xBE5A, 0x54BF, 0x54BF, 0xBE5A, 0xBE5A, 0xBE5A, 0xBE5A, 0xBE5A, 
  0x54BF, 0x54BF, 0xBE5A, 0xBE5A, 0xBE5A, 0xBE5A, 0xBE5A, 0x54BF, 0x54BF, 0xBE5A, 0xBE5A, 0xBE5A, 
  0xBE5A, 0xBE5A, 0xBE5A, 0x0000, 0x0000, 0x0000, 0x0000, 0x0000, 0x0000, 0x0000, 0x0000, 0x0000, 
  0x0000, 0x0000, 0x0000, 0x0000, 0x0000, 0x0000, 0x0000, 0x0000, 0x0000, 0x0000, 0x54BF, 0x54BF, 
  0xBE5A, 0xBE5A, 0xBE5A, 0xBE5A, 0xBE5A, 0x54BF, 0x54BF, 0xBE5A, 0xBE5A, 0xBE5A, 0xBE5A, 0xBE5A, 
  0x54BF, 0x54BF, 0xBE5A, 0xBE5A, 0xBE5A, 0xBE5A, 0xBE5A, 0x54BF, 0x54BF, 0xBE5A, 0xBE5A, 0xBE5A, 
  0xBE5A, 0xBE5A, 0xBE5A, 0x0000, 0x0000, 0x0000, 0x0000, 0x0000, 0x0000, 0x0000, 0x0000, 0x0000, 
  0x0000, 0x0000, 0x0000, 0x0000, 0x0000, 0x0000, 0x0000, 0x0000, 0x0000, 0x0000, 0x54BF, 0x54BF, 
  0x0000, 0x0000, 0x0000, 0x0000, 0x0000, 0x54BF, 0x54BF, 0x0000, 0x0000, 0x0000, 0x0000, 0x0000, 
  0x54BF, 0x54BF, 0x0000, 0x0000, 0x0000, 0x0000, 0x0000, 0x54BF, 0x54BF, 0x0000, 0x0000, 0x0000, 
  0x0000, 0x0000, 0x0000, 0x0000, 0x0000, 0x0000, 0x0000, 0x0000, 0x0000, 0x0000, 0x0000, 0x0000, 
  0x0000, 0x0000, 0x0000, 0x0000, 0x0000, 0x0000, 0x0000, 0x0000, 0x0000, 0x0000, 0x54BF, 0x54BF, 
  0x0000, 0x0000, 0x0000, 0x0000, 0x0000, 0x54BF, 0x54BF, 0x0000, 0x0000, 0x0000, 0x0000, 0x0000, 
  0x54BF, 0x54BF, 0x0000, 0x0000, 0x0000, 0x0000, 0x0000, 0x54BF, 0x54BF, 0x0000, 0x0000, 0x0000, 
  0x0000, 0x0000, 0x0000, 0x0000, 0x0000, 0x0000, 0x0000, 0x0000, 0x0000, 0x0000, 0x0000, 0x0000, 
  0x0000, 0x0000, 0x0000, 0x0000, 0x0000, 0x0000, 0x0000, 0x0000, 0x0000, 0x0000, 0x0000, 0x0000, 
  0x0000, 0x0000, 0x0000, 0x0000, 0x0000, 0x0000, 0x0000, 0x0000, 0x0000, 0x0000, 0x0000, 0x0000, 
  0x0000, 0x0000, 0x0000, 0x0000, 0x0000, 0x0000, 0x0000, 0x0000, 0x0000, 0x0000, 0x0000, 0x0000, 
  0x0000, 0x0000, 0x0000, 0x0000, 0x0000, 0x0000, 0x0000, 0x0000, 0x0000, 0x0000, 0x0000, 0x0000, 
  0x0000, 0x0000, 0x0000, 0x0000, 0x0000, 0x0000, 0x0000, 0x0000, 0x0000, 0x0000, 0x0000, 0x0000, 
  0x0000, 0x0000, 0x0000, 0x0000, 0x0000, 0x0000, 0x0000, 0x0000, 0x0000, 0x0000, 0x0000, 0x0000, 
  0x0000, 0x0000, 0x0000, 0x0000, 0x0000, 0x0000, 0x0000, 0x0000, 0x0000, 0x0000, 0x0000, 0x0000, 
  0x0000, 0x0000, 0x0000, 0x0000, 0x0000, 0x0000, 0x0000, 0x0000, 0x0000, 0x0000, 0x0000, 0x0000, 
  0x0000, 0x0000, 0x0000, 0x0000, 0x0000, 0x0000, 0x0000, 0x0000, 0x0000, 0x0000, 0x0000, 0x0000, 
  0x0000, 0x0000, 0x0000, 0x0000, 0x0000, 0x0000, 0x0000, 0x0000, 0x0000, 0x0000, 0x0000, 0x0000, 
  0x0000, 0x0000, 0x0000, 0x0000, 0x0000, 0x0000, 0x0000, 0x0000, 0x0000, 0x0000, 0x0000, 0x0000, 
  0x0000, 0x0000, 0x0000, 0x0000, 0x0000, 0x0000, 0x0000, 0x0000, 0x0000, 0x0000, 0x0000, 0x0000, 
  0x0000, 0x0000, 0x0000, 0x0000, 0x0000, 0x0000, 0x0000, 0x0000, 0x0000, 0x0000, 0x0000, 0x0000, 
  0x0000, 0x0000, 0x0000, 0x0000, 0x0000, 0x0000, 0x0000, 0x0000, 0x0000, 0x0000, 0x0000, 0x0000, 
  0x0000, 0x0000, 0x0000, 0x0000, 0x0000, 0x0000, 0x0000, 0x0000, 0x0000, 0x0000, 0x0000, 0x0000, 
  0x0000, 0x0000, 0x0000, 0x0000, 0x0000, 0x0000, 0x0000, 0x0000, 0x0000, 0x0000, 0x0000, 0x0000, 
  0x0000, 0x0000, 0x0000, 0x0000, 0x0000, 0x0000, 0x0000, 0x0000, 0x0000, 0x0000, 0x0000, 0x0000, 
  0x0000, 0x0000, 0x0000, 0x0000, 0x0000, 0x0000, 0x0000, 0x0000, 0x0000, 0x0000, 0x0000, 0x0000, 
  0x0000, 0x0000, 0x0000, 0x0000, 0x0000, 0x0000, 0x0000, 0x0000, 0x0000, 0x0000, 0x0000, 0x0000, 
  0x0000, 0x0000, 0x0000, 0x0000, 0x0000, 0x0000, 0x0000, 0x0000, 0x0000, 0x0000, 0x0000, 0x0000, 
  0x0000, 0x0000, 0x0000, 0x0000, 0x0000, 0x0000, 0x0000, 0x0000, 0x0000, 0x0000, 0x0000, 0x0000, 
  0x0000, 0x0000, 0x0000, 0x0000, 0x0000, 0x0000, 0x0000, 0x0000, 0x0000, 0x0000, 0x0000, 0x0000, 
  0x0000, 0x0000, 0x0000, 0x0000, 0x0000, 0x0000, 0x0000, 0x0000, 0x0000, 0x0000, 0x0000, 0x0000, 
  0x0000, 0x0000, 0x0000, 0x0000, 0x0000, 0x0000, 0x0000, 0x0000, 0x0000, 0x0000, 0x0000, 0x0000, 
  0x0000, 0x0000, 0x0000, 0x0000, 0x0000, 0x0000, 0x0000, 0x0000, 0x0000, 0x0000, 0x0000, 0x0000, 
  0x0000, 0x0000, 0x0000, 0x0000, 0x0000, 0x0000, 0x0000, 0x0000, 0x0000, 0x0000, 0x0000, 0x0000, 
  0x0000, 0x0000, 0x0000, 0x0000, 0x0000, 0x0000, 0x0000, 0x0000, 0x0000, 0x0000, 0x0000, 0x0000, 
  0x0000, 0x0000, 0x0000, 0x0000, 0x0000, 0x0000, 0x0000, 0x0000, 0x0000, 0x0000, 0x0000, 0x0000, 
  0x0000, 0x0000, 0x0000, 0x0000, 0x0000, 0x0000, 0x0000, 0x0000, 0x0000, 0x0000, 0x0000, 0x0000, 
  0x0000, 0x0000, 0x0000, 0x0000, 0x0000, 0x0000, 0x0000, 0x0000, 0x0000, 0x0000, 0x0000, 0x0000, 
  0x0000, 0x0000, 0x0000, 0x0000, 0x0000, 0x0000, 0x0000, 0x0000, 0x0000, 0x0000, 0x0000, 0x0000, 
  0x0000, 0x0000, 0x0000, 0x0000, 0x0000, 0x0000, 0x0000, 0x0000, 0x0000, 0x0000, 0x0000, 0x0000, 
  0x0000, 0x0000, 0x0000, 0x0000, 0x0000, 0x0000, 0x0000, 0x0000, 0x0000, 0x0000, 0x0000, 0x0000, 
  0x0000, 0x0000, 0x0000, 0x0000, 0x0000, 0x0000, 0x0000, 0x0000, 0x0000, 0x0000, 0x0000, 0x0000, 
  0x0000, 0x0000, 0x0000, 0x0000, 0x0000, 0x0000, 0x0000, 0x0000, 0x0000, 0x0000, 0x0000, 0x0000, 
  0x0000, 0x0000, 0x0000, 0x0000, 0x0000, 0x0000, 0x0000, 0x0000, 0x0000, 0x0000, 0x0000, 0x0000
};

// 4 - Thunderstorm
const uint16_t PROGMEM WEATHER48_ICON_4[WEATHER48_W*WEATHER48_H] = {
  0x0000, 0x0000, 0x0000, 0x0000, 0x0000, 0x0000, 0x0000, 0x0000, 0x0000, 0x0000, 0x0000, 0x0000, 
  0x0000, 0x0000, 0x0000, 0x0000, 0x0000, 0x0000, 0x0000, 0x0000, 0x0000, 0x0000, 0x0000, 0x0000, 
  0x0000, 0x0000, 0x0000, 0x0000, 0x0000, 0x0000, 0x0000, 0x0000, 0x0000, 0x0000, 0x0000, 0x0000, 
  0x0000, 0x0000, 0x0000, 0x0000, 0x0000, 0x0000, 0x0000, 0x0000, 0x0000, 0x0000, 0x0000, 0x0000, 
  0x0000, 0x0000, 0x0000, 0x0000, 0x0000, 0x0000, 0x0000, 0x0000, 0x0000, 0x0000, 0x0000, 0x0000, 
  0x0000, 0x0000, 0x0000, 0x0000, 0x0000, 0x0000, 0x0000, 0x0000, 0x0000, 0x0000, 0x0000, 0x0000, 
  0x0000, 0x0000, 0x0000, 0x0000, 0x0000, 0x0000, 0x0000, 0x0000, 0x0000, 0x0000, 0x0000, 0x0000, 
  0x0000, 0x0000, 0x0000, 0x0000, 0x0000, 0x0000, 0x0000, 0x0000, 0x0000, 0x0000, 0x0000, 0x0000, 
  0x0000, 0x0000, 0x0000, 0x0000, 0x0000, 0x0000, 0x0000, 0x0000, 0x0000, 0x0000, 0x0000, 0x0000, 
  0x0000, 0x0000, 0x0000, 0x0000, 0x0000, 0x0000, 0x0000, 0x0000, 0x0000, 0x0000, 0x0000, 0x0000, 
  0x0000, 0x0000, 0x0000, 0x0000, 0x0000, 0x0000, 0x0000, 0x0000, 0x0000, 0x0000, 0x0000, 0x0000, 
  0x0000, 0x0000, 0x0000, 0x0000, 0x0000, 0x0000, 0x0000, 0x0000, 0x0000, 0x0000, 0x0000, 0x0000, 
  0x0000, 0x0000, 0x0000, 0x0000, 0x0000, 0x0000, 0x0000, 0x0000, 0x0000, 0x0000, 0x0000, 0x0000, 
  0x0000, 0x0000, 0x0000, 0x0000, 0x0000, 0x0000, 0x0000, 0x0000, 0x0000, 0x0000, 0x0000, 0x0000, 
  0x0000, 0x0000, 0x0000, 0x0000, 0x0000, 0x0000, 0x0000, 0x0000, 0x0000, 0x0000, 0x0000, 0x0000, 
  0x0000, 0x0000, 0x0000, 0x0000, 0x0000, 0x0000, 0x0000, 0x0000, 0x0000, 0x0000, 0x0000, 0x0000, 
  0x0000, 0x0000, 0x0000, 0x0000, 0x0000, 0x0000, 0x0000, 0x0000, 0x0000, 0x0000, 0x0000, 0x0000, 
  0x0000, 0x0000, 0x0000, 0x0000, 0x0000, 0x0000, 0x0000, 0x0000, 0x0000, 0x0000, 0x0000, 0x0000, 
  0x0000, 0x0000, 0x0000, 0x0000, 0x0000, 0x0000, 0x0000, 0x0000, 0x0000, 0x0000, 0x0000, 0x0000, 
  0x0000, 0x0000, 0x0000, 0x0000, 0x0000, 0x0000, 0x0000, 0x0000, 0x0000, 0x0000, 0x0000, 0x0000, 
  0x0000, 0x0000, 0x0000, 0x0000, 0x0000, 0x0000, 0x0000, 0x0000, 0x0000, 0x0000, 0x0000, 0x0000, 
  0x0000, 0x0000, 0x0000, 0x0000, 0x0000, 0x0000, 0x0000, 0x0000, 0x0000, 0x0000, 0x0000, 0x0000, 
  0x0000, 0x0000, 0x0000, 0x0000, 0x0000, 0x0000, 0x0000, 0x0000, 0x0000, 0x0000, 0x0000, 0x0000, 
  0x0000, 0x0000, 0x0000, 0x0000, 0x0000, 0x0000, 0x0000, 0x0000, 0x0000, 0x0000, 0x0000, 0x0000, 
  0x0000, 0x0000, 0x0000, 0x0000, 0x0000, 0x0000, 0x0000, 0x0000, 0x0000, 0x0000, 0x0000, 0x0000, 
  0x0000, 0x0000, 0x0000, 0x0000, 0x0000, 0x0000, 0x0000, 0x0000, 0x0000, 0x0000, 0x0000, 0x0000, 
  0x0000, 0x0000, 0x0000, 0x0000, 0x0000, 0x0000, 0x0000, 0x0000, 0x0000, 0x0000, 0x0000, 0x0000, 
  0x0000, 0x0000, 0x0000, 0x0000, 0x0000, 0x0000, 0x0000, 0x0000, 0x0000, 0x0000, 0x0000, 0x0000, 
  0x0000, 0x0000, 0x0000, 0x0000, 0x0000, 0x0000, 0x0000, 0x0000, 0x0000, 0x0000, 0x0000, 0x0000, 
  0x0000, 0x0000, 0x0000, 0x0000, 0x0000, 0x0000, 0x0000, 0x0000, 0x0000, 0x0000, 0x0000, 0x0000, 
  0x0000, 0x0000, 0x0000, 0x0000, 0x0000, 0x0000, 0x0000, 0x0000, 0x0000, 0x0000, 0x0000, 0x0000, 
  0x0000, 0x0000, 0x0000, 0x0000, 0x0000, 0x0000, 0x0000, 0x0000, 0x0000, 0x0000, 0x0000, 0x0000, 
  0x0000, 0x0000, 0x0000, 0x0000, 0x0000, 0x0000, 0x0000, 0x0000, 0x0000, 0x0000, 0x0000, 0x0000, 
  0x0000, 0x0000, 0x0000, 0x0000, 0x0000, 0x0000, 0x0000, 0x0000, 0x0000, 0x0000, 0x0000, 0x0000, 
  0x0000, 0x0000, 0x0000, 0x0000, 0x0000, 0x0000, 0x0000, 0x0000, 0x0000, 0x0000, 0x0000, 0x0000, 
  0x0000, 0x0000, 0x0000, 0x0000, 0x0000, 0x0000, 0x0000, 0x0000, 0x0000, 0x0000, 0x0000, 0x0000, 
  0x0000, 0x0000, 0x0000, 0x0000, 0x0000, 0x0000, 0x0000, 0x0000, 0x0000, 0x0000, 0x0000, 0x0000, 
  0x0000, 0x0000, 0x0000, 0x0000, 0x0000, 0x0000, 0x0000, 0x0000, 0x0000, 0x0000, 0x0000, 0x0000, 
  0x0000, 0x0000, 0x0000, 0x0000, 0x0000, 0x0000, 0x0000, 0x0000, 0x0000, 0x0000, 0x0000, 0x0000, 
  0x0000, 0x0000, 0x0000, 0x0000, 0x0000, 0x0000, 0x0000, 0x0000, 0x0000, 0x0000, 0x0000, 0x0000, 
  0x0000, 0x0000, 0x0000, 0x0000, 0x0000, 0x0000, 0x0000, 0x0000, 0x0000, 0x0000, 0x0000, 0x0000, 
  0x0000, 0x0000, 0x0000, 0x0000, 0x0000, 0x0000, 0x0000, 0x0000, 0x0000, 0x0000, 0x0000, 0x0000, 
  0x0000, 0x0000, 0x0000, 0x0000, 0x0000, 0x0000, 0x0000, 0x0000, 0x0000, 0x0000, 0x0000, 0x0000, 
  0x0000, 0x0000, 0x0000, 0x0000, 0x0000, 0x0000, 0x0000, 0x0000, 0x0000, 0x0000, 0x0000, 0x0000, 
  0x0000, 0x0000, 0x0000, 0x0000, 0x0000, 0x0000, 0x0000, 0x0000, 0x0000, 0x0000, 0x0000, 0x0000, 
  0x0000, 0x0000, 0x0000, 0x0000, 0x0000, 0x0000, 0x0000, 0x0000, 0x0000, 0x0000, 0x0000, 0x0000, 
  0x0000, 0x0000, 0x0000, 0x0000, 0x0000, 0x0000, 0x0000, 0x0000, 0x0000, 0x0000, 0x0000, 0x0000, 
  0x0000, 0x0000, 0x0000, 0x0000, 0x0000, 0x0000, 0x0000, 0x0000, 0x0000, 0x0000, 0x0000, 0x0000, 
  0x0000, 0x0000, 0x0000, 0x0000, 0x0000, 0x0000, 0x0000, 0x0000, 0x0000, 0x0000, 0x0000, 0x0000, 
  0x0000, 0x0000, 0x0000, 0x0000, 0x0000, 0x0000, 0x0000, 0x0000, 0x0000, 0x0000, 0x0000, 0x0000, 
  0x0000, 0x0000, 0x0000, 0x0000, 0x0000, 0xBE5A, 0xBE5A, 0xBE5A, 0xBE5A, 0xBE5A, 0x0000, 0x0000, 
  0x0000, 0x0000, 0x0000, 0x0000, 0x0000, 0x0000, 0x0000, 0x0000, 0x0000, 0x0000, 0x0000, 0x0000, 
  0x0000, 0x0000, 0x0000, 0x0000, 0x0000, 0x0000, 0x0000, 0x0000, 0x0000, 0x0000, 0x0000, 0x0000, 
  0x0000, 0x0000, 0x0000, 0x0000, 0x0000, 0x0000, 0x0000, 0x0000, 0x0000, 0x0000, 0x0000, 0x0000, 
  0x0000, 0x0000, 0x0000, 0xBE5A, 0xBE5A, 0xBE5A, 0xBE5A, 0xBE5A, 0xBE5A, 0xBE5A, 0xBE5A, 0xBE5A, 
  0x0000, 0x0000, 0x0000, 0x0000, 0x0000, 0x0000, 0x0000, 0x0000, 0x0000, 0x0000, 0x0000, 0x0000, 
  0x0000, 0x0000, 0x0000, 0x0000, 0x0000, 0x0000, 0x0000, 0x0000, 0x0000, 0x0000, 0x0000, 0x0000, 
  0x0000, 0x0000, 0x0000, 0x0000, 0x0000, 0x0000, 0x0000, 0x0000, 0x0000, 0x0000, 0xBE5A, 0xBE5A, 
  0xBE5A, 0xBE5A, 0xBE5A, 0xBE5A, 0xBE5A, 0xBE5A, 0xBE5A, 0xBE5A, 0xBE5A, 0xBE5A, 0xBE5A, 0xBE5A, 
  0xBE5A, 0xBE5A, 0xBE5A, 0xBE5A, 0xBE5A, 0x0000, 0x0000, 0x0000, 0x0000, 0x0000, 0x0000, 0x0000, 
  0x0000, 0x0000, 0x0000, 0x0000, 0x0000, 0x0000, 0x0000, 0x0000, 0x0000, 0x0000, 0x0000, 0x0000, 
  0x0000, 0x0000, 0x0000, 0x0000, 0x0000, 0x0000, 0x0000, 0x0000, 0xBE5A, 0xBE5A, 0xBE5A, 0xBE5A, 
  0xBE5A, 0xBE5A, 0xBE5A, 0xBE5A, 0xBE5A, 0xBE5A, 0xBE5A, 0xBE5A, 0xBE5A, 0xBE5A, 0xBE5A, 0xBE5A, 
  0xBE5A, 0xBE5A, 0xBE5A, 0xBE5A, 0xBE5A, 0xBE5A, 0xBE5A, 0x0000, 0x0000, 0x0000, 0x0000, 0x0000, 
  0x0000, 0x0000, 0x0000, 0x0000, 0x0000, 0x0000, 0x0000, 0x0000, 0x0000, 0x0000, 0x0000, 0x0000, 
  0x0000, 0x0000, 0x0000, 0x0000, 0x0000, 0x0000, 0x0000, 0xBE5A, 0xBE5A, 0xBE5A, 0xBE5A, 0xBE5A, 
  0xBE5A, 0xBE5A, 0xBE5A, 0xBE5A, 0xBE5A, 0xBE5A, 0xBE5A, 0xBE5A, 0xBE5A, 0xBE5A, 0xBE5A, 0xBE5A, 
  0xBE5A, 0xBE5A, 0xBE5A, 0xBE5A, 0xBE5A, 0xBE5A, 0xBE5A, 0xBE5A, 0x0000, 0x0000, 0x0000, 0x0000, 
  0x0000, 0x0000, 0x0000, 0x0000, 0x0000, 0x0000, 0x0000, 0x0000, 0x0000, 0x0000, 0x0000, 0x0000, 
  0x0000, 0x0000, 0x0000, 0x0000, 0x0000, 0x0000, 0xBE5A, 0xBE5A, 0xBE5A, 0xBE5A, 0xBE5A, 0xBE5A, 
  0xBE5A, 0xBE5A, 0xBE5A, 0xBE5A, 0xBE5A, 0xBE5A, 0xBE5A, 0xBE5A, 0xBE5A, 0xBE5A, 0xBE5A, 0xBE5A, 
  0xBE5A, 0xBE5A, 0xBE5A, 0xBE5A, 0xBE5A, 0xBE5A, 0xBE5A, 0xBE5A, 0xBE5A, 0x0000, 0x0000, 0x0000, 
  0x0000, 0x0000, 0x0000, 0x0000, 0x0000, 0x0000, 0x0000, 0x0000, 0x0000, 0x0000, 0x0000, 0x0000, 
  0x0000, 0xBE5A, 0xBE5A, 0xBE5A, 0xBE5A, 0xBE5A, 0xBE5A, 0xBE5A, 0xBE5A, 0xBE5A, 0xBE5A, 0xBE5A, 
  0xBE5A, 0xBE5A, 0xBE5A, 0xBE5A, 0xBE5A, 0xBE5A, 0xBE5A, 0xBE5A, 0xBE5A, 0xBE5A, 0xBE5A, 0xBE5A, 
  0xBE5A, 0xBE5A, 0xBE5A, 0xBE5A, 0xBE5A, 0xBE5A, 0xBE5A, 0xBE5A, 0xBE5A, 0xBE5A, 0x0000, 0x0000, 
  0x0000, 0x0000, 0x0000, 0x0000, 0x0000, 0x0000, 0x0000, 0x0000, 0x0000, 0x0000, 0x0000, 0xBE5A, 
  0xBE5A, 0xBE5A, 0xBE5A, 0xBE5A, 0xBE5A, 0xBE5A, 0xBE5A, 0xBE5A, 0xBE5A, 0xBE5A, 0xBE5A, 0xBE5A, 
  0xBE5A, 0xBE5A, 0xBE5A, 0xBE5A, 0xBE5A, 0xBE5A, 0xBE5A, 0xBE5A, 0xBE5A, 0xBE5A, 0xBE5A, 0xBE5A, 
  0xBE5A, 0xBE5A, 0xBE5A, 0xBE5A, 0xBE5A, 0xBE5A, 0xBE5A, 0xBE5A, 0xBE5A, 0xBE5A, 0x0000, 0x0000, 
  0x0000, 0x0000, 0x0000, 0x0000, 0x0000, 0x0000, 0x0000, 0x0000, 0x0000, 0xBE5A, 0xBE5A, 0xBE5A, 
  0xBE5A, 0xBE5A, 0xBE5A, 0xBE5A, 0xBE5A, 0xBE5A, 0xBE5A, 0xBE5A, 0xBE5A, 0xBE5A, 0xBE5A, 0xBE5A, 
  0xBE5A, 0xBE5A, 0xBE5A, 0xBE5A, 0xBE5A, 0xBE5A, 0xBE5A, 0xBE5A, 0xBE5A, 0xBE5A, 0xBE5A, 0xBE5A, 
  0xBE5A, 0xBE5A, 0xBE5A, 0xBE5A, 0xBE5A, 0xBE5A, 0xBE5A, 0xBE5A, 0xBE5A, 0xBE5A, 0xBE5A, 0x0000, 
  0x0000, 0x0000, 0x0000, 0x0000, 0x0000, 0x0000, 0x0000, 0x0000, 0xBE5A, 0xBE5A, 0xBE5A, 0xBE5A, 
  0xBE5A, 0xBE5A, 0xBE5A, 0xBE5A, 0xBE5A, 0xBE5A, 0xBE5A, 0xBE5A, 0xBE5A, 0xBE5A, 0xBE5A, 0xBE5A, 
  0xBE5A, 0xBE5A, 0xBE5A, 0xBE5A, 0xBE5A, 0xBE5A, 0xBE5A, 0xBE5A, 0xBE5A, 0xBE5A, 0xBE5A, 0xBE5A, 
  0xBE5A, 0xBE5A, 0xBE5A, 0xBE5A, 0xBE5A, 0xBE5A, 0xBE5A, 0xBE5A, 0xBE5A, 0xBE5A, 0xBE5A, 0x0000, 
  0x0000, 0x0000, 0x0000, 0x0000, 0x0000, 0x0000, 0x0000, 0x0000, 0xBE5A, 0xBE5A, 0xBE5A, 0xBE5A, 
  0xBE5A, 0xBE5A, 0xBE5A, 0xBE5A, 0xBE5A, 0xBE5A, 0xBE5A, 0xBE5A, 0xBE5A, 0xBE5A, 0xBE5A, 0xBE5A, 
  0xBE5A, 0xBE5A, 0xBE5A, 0xBE5A, 0xBE5A, 0xBE5A, 0xBE5A, 0xBE5A, 0xBE5A, 0xBE5A, 0xBE5A, 0xBE5A, 
  0xBE5A, 0xBE5A, 0xBE5A, 0xBE5A, 0xBE5A, 0xBE5A, 0xBE5A, 0xBE5A, 0xBE5A, 0xBE5A, 0xBE5A, 0x0000, 
  0x0000, 0x0000, 0x0000, 0x0000, 0x0000, 0x0000, 0x0000, 0xBE5A, 0xBE5A, 0xBE5A, 0xBE5A, 0xBE5A, 
  0xBE5A, 0xBE5A, 0xBE5A, 0xBE5A, 0xBE5A, 0xBE5A, 0xBE5A, 0xBE5A, 0xBE5A, 0xBE5A, 0xBE5A, 0xBE5A, 
  0xBE5A, 0xBE5A, 0xBE5A, 0xBE5A, 0xBE5A, 0xBE5A, 0xBE5A, 0xBE5A, 0xBE5A, 0xBE5A, 0xBE5A, 0xBE5A, 
  0xBE5A, 0xBE5A, 0xBE5A, 0xBE5A, 0xBE5A, 0xBE5A, 0xBE5A, 0xBE5A, 0xBE5A, 0xBE5A, 0xBE5A, 0x0000, 
  0x0000, 0x0000, 0x0000, 0x0000, 0x0000, 0x0000, 0x0000, 0xBE5A, 0xBE5A, 0xBE5A, 0xBE5A, 0xBE5A, 
  0xBE5A, 0xBE5A, 0xBE5A, 0xBE5A, 0xBE5A, 0xBE5A, 0xBE5A, 0xBE5A, 0xBE5A, 0xBE5A, 0xBE5A, 0xBE5A, 
  0xBE5A, 0xBE5A, 0xBE5A, 0xBE5A, 0xBE5A, 0xBE5A, 0xBE5A, 0xBE5A, 0xBE5A, 0xBE5A, 0xBE5A, 0xBE5A, 
  0xBE5A, 0xBE5A, 0xBE5A, 0xBE5A, 0xBE5A, 0xBE5A, 0xBE5A, 0xBE5A, 0xBE5A, 0xBE5A, 0xBE5A, 0x0000, 
  0x0000, 0x0000, 0x0000, 0x0000, 0x0000, 0x0000, 0xBE5A, 0xBE5A, 0xBE5A, 0xBE5A, 0xBE5A, 0xBE5A, 
  0xBE5A, 0xBE5A, 0xBE5A, 0xBE5A, 0xBE5A, 0xBE5A, 0xBE5A, 0xBE5A, 0xBE5A, 0xBE5A, 0xBE5A, 0xBE5A, 
  0xBE5A, 0xBE5A, 0xBE5A, 0xBE5A, 0xBE5A, 0xBE5A, 0xBE5A, 0xBE5A, 0xBE5A, 0xBE5A, 0xBE5A, 0xBE5A, 
  0xBE5A, 0xBE5A, 0xBE5A, 0xBE5A, 0xBE5A, 0xBE5A, 0xBE5A, 0xBE5A, 0xBE5A, 0xBE5A, 0x0000, 0x0000, 
  0x0000, 0x0000, 0x0000, 0x0000, 0x0000, 0x0000, 0xBE5A, 0xBE5A, 0xBE5A, 0xBE5A, 0xBE5A, 0xBE5A, 
  0xBE5A, 0xBE5A, 0xBE5A, 0xBE5A, 0xBE5A, 0xBE5A, 0xBE5A, 0xBE5A, 0xBE5A, 0xBE5A, 0xBE5A, 0xBE5A, 
  0xBE5A, 0xBE5A, 0xBE5A, 0xBE5A, 0xBE5A, 0xBE5A, 0xBE5A, 0xBE5A, 0xBE5A, 0xBE5A, 0xBE5A, 0xBE5A, 
  0xBE5A, 0xBE5A, 0xBE5A, 0xBE5A, 0xBE5A, 0xBE5A, 0xBE5A, 0xBE5A, 0xBE5A, 0xBE5A, 0x0000, 0x0000, 
  0x0000, 0x0000, 0x0000, 0x0000, 0x0000, 0x0000, 0xBE5A, 0xBE5A, 0xBE5A, 0xBE5A, 0xBE5A, 0xBE5A, 
  0xBE5A, 0xBE5A, 0xBE5A, 0xBE5A, 0xBE5A, 0xBE5A, 0xBE5A, 0xBE5A, 0xBE5A, 0xBE5A, 0xBE5A, 0xBE5A, 
  0xBE5A, 0xBE5A, 0xBE5A, 0xBE5A, 0xBE5A, 0xBE5A, 0xBE5A, 0xBE5A, 0xBE5A, 0xBE5A, 0xBE5A, 0xBE5A, 
  0xBE5A, 0xBE5A, 0xBE5A, 0xBE5A, 0xBE5A, 0xBE5A, 0xBE5A, 0xBE5A, 0xBE5A, 0x0000, 0x0000, 0x0000, 
  0x0000, 0x0000, 0x0000, 0x0000, 0x0000, 0x0000, 0xBE5A, 0xBE5A, 0xBE5A, 0xBE5A, 0xBE5A, 0xBE5A, 
  0xBE5A, 0xBE5A, 0xBE5A, 0xBE5A, 0xBE5A, 0xBE5A, 0xBE5A, 0xBE5A, 0xBE5A, 0xBE5A, 0xBE5A, 0xBE5A, 
  0xBE5A, 0xBE5A, 0xBE5A, 0xBE5A, 0xFF80, 0xFF80, 0xFF80, 0xFF80, 0xFF80, 0xFF80, 0xFF80, 0xBE5A, 
  0xBE5A, 0xBE5A, 0xBE5A, 0xBE5A, 0xBE5A, 0xBE5A, 0xBE5A, 0xBE5A, 0x0000, 0x0000, 0x0000, 0x0000, 
  0x0000, 0x0000, 0x0000, 0x0000, 0x0000, 0x0000, 0xBE5A, 0xBE5A, 0xBE5A, 0xBE5A, 0xBE5A, 0xBE5A, 
  0xBE5A, 0xBE5A, 0xBE5A, 0xBE5A, 0xBE5A, 0xBE5A, 0xBE5A, 0xBE5A, 0xBE5A, 0xBE5A, 0xBE5A, 0xBE5A, 
  0xBE5A, 0xBE5A, 0xBE5A, 0xBE5A, 0xFF80, 0xFF80, 0xFF80, 0xFF80, 0xFF80, 0xFF80, 0xFF80, 0xBE5A, 
  0xBE5A, 0xBE5A, 0xBE5A, 0xBE5A, 0xBE5A, 0xBE5A, 0xBE5A, 0x0000, 0x0000, 0x0000, 0x0000, 0x0000, 
  0x0000, 0x0000, 0x0000, 0x0000, 0x0000, 0x0000, 0x0000, 0xBE5A, 0xBE5A, 0xBE5A, 0xBE5A, 0xBE5A, 
  0xBE5A, 0xBE5A, 0xBE5A, 0xBE5A, 0xBE5A, 0xBE5A, 0xBE5A, 0xBE5A, 0xBE5A, 0xBE5A, 0xBE5A, 0xBE5A, 
  0xBE5A, 0xBE5A, 0xBE5A, 0xFF80, 0xFF80, 0xFF80, 0xFF80, 0xFF80, 0xFF80, 0xFF80, 0xBE5A, 0xBE5A, 
  0xBE5A, 0xBE5A, 0xBE5A, 0xBE5A, 0xBE5A, 0xBE5A, 0xBE5A, 0x0000, 0x0000, 0x0000, 0x0000, 0x0000, 
  0x0000, 0x0000, 0x0000, 0x0000, 0x0000, 0x0000, 0x0000, 0xBE5A, 0xBE5A, 0xBE5A, 0xBE5A, 0xBE5A, 
  0xBE5A, 0xBE5A, 0xBE5A, 0xBE5A, 0xBE5A, 0xBE5A, 0xBE5A, 0xBE5A, 0xBE5A, 0xBE5A, 0xBE5A, 0xBE5A, 
  0xBE5A, 0xBE5A, 0xBE5A, 0xFF80, 0xFF80, 0xFF80, 0xFF80, 0xFF80, 0xFF80, 0xFF80, 0xBE5A, 0xBE5A, 
  0xBE5A, 0xBE5A, 0xBE5A, 0xBE5A, 0xBE5A, 0xBE5A, 0x0000, 0x0000, 0x0000, 0x0000, 0x0000, 0x0000, 
  0x0000, 0x0000, 0x0000, 0x0000, 0x0000, 0x0000, 0x0000, 0x0000, 0xBE5A, 0xBE5A, 0xBE5A, 0xBE5A, 
  0xBE5A, 0xBE5A, 0xBE5A, 0xBE5A, 0xBE5A, 0xBE5A, 0xBE5A, 0xBE5A, 0xBE5A, 0xBE5A, 0xBE5A, 0xBE5A, 
  0xBE5A, 0xBE5A, 0xFF80, 0xFF80, 0xFF80, 0xFF80, 0xFF80, 0xFF80, 0xFF80, 0xFF80, 0xBE5A, 0xBE5A, 
  0xBE5A, 0xBE5A, 0xBE5A, 0xBE5A, 0xBE5A, 0x0000, 0x0000, 0x0000, 0x0000, 0x0000, 0x0000, 0x0000, 
  0x0000, 0x0000, 0x0000, 0x0000, 0x0000, 0x0000, 0x0000, 0x0000, 0xBE5A, 0xBE5A, 0xBE5A, 0xBE5A, 
  0xBE5A, 0xBE5A, 0xBE5A, 0xBE5A, 0xBE5A, 0xBE5A, 0xBE5A, 0xBE5A, 0xBE5A, 0xBE5A, 0xBE5A, 0xBE5A, 
  0xBE5A, 0xBE5A, 0xFF80, 0xFF80, 0xFF80, 0xFF80, 0xFF80, 0xFF80, 0xFF80, 0xBE5A, 0xBE5A, 0xBE5A, 
  0xBE5A, 0xBE5A, 0xBE5A, 0xBE5A, 0xBE5A, 0x0000, 0x0000, 0x0000, 0x0000, 0x0000, 0x0000, 0x0000, 
  0x0000, 0x0000, 0x0000, 0x0000, 0x0000, 0x0000, 0x0000, 0x0000, 0x0000, 0xBE5A, 0xBE5A, 0xBE5A, 
  0xBE5A, 0xBE5A, 0xBE5A, 0xBE5A, 0xBE5A, 0xBE5A, 0xBE5A, 0xBE5A, 0xBE5A, 0xBE5A, 0xBE5A, 0xBE5A, 
  0xBE5A, 0xFF80, 0xFF80, 0xFF80, 0xFF80, 0xFF80, 0xFF80, 0xFF80, 0xFF80, 0xBE5A, 0xBE5A, 0xBE5A, 
  0xBE5A, 0xBE5A, 0xBE5A, 0xBE5A, 0x0000, 0x0000, 0x0000, 0x0000, 0x0000, 0x0000, 0x0000, 0x0000, 
  0x0000, 0x0000, 0x0000, 0x0000, 0x0000, 0x0000, 0x0000, 0x0000, 0x0000, 0x0000, 0xBE5A, 0xBE5A, 
  0xBE5A, 0xBE5A, 0xBE5A, 0xBE5A, 0xBE5A, 0xBE5A, 0xBE5A, 0xBE5A, 0xBE5A, 0xBE5A, 0xBE5A, 0xBE5A, 
  0xBE5A, 0xFF80, 0xFF80, 0xFF80, 0xFF80, 0xFF80, 0xFF80, 0xFF80, 0xBE5A, 0xBE5A, 0xBE5A, 0xBE5A, 
  0xBE5A, 0xBE5A, 0xBE5A, 0x0000, 0x0000, 0x0000, 0x0000, 0x0000, 0x0000, 0x0000, 0x0000, 0x0000, 
  0x0000, 0x0000, 0x0000, 0x0000, 0x0000, 0x0000, 0x0000, 0x0000, 0x0000, 0x0000, 0xBE5A, 0xBE5A, 
  0xBE5A, 0xBE5A, 0xBE5A, 0xBE5A, 0xBE5A, 0xBE5A, 0xBE5A, 0xBE5A, 0xBE5A, 0xBE5A, 0xBE5A, 0xBE5A, 
  0xFF80, 0xFF80, 0xFF80, 0xFF80, 0xFF80, 0xFF80, 0xFF80, 0xFF80, 0xBE5A, 0xBE5A, 0xBE5A, 0xBE5A, 
  0xBE5A, 0xBE5A, 0xBE5A, 0x0000, 0x0000, 0x0000, 0x0000, 0x0000, 0x0000, 0x0000, 0x0000, 0x0000, 
  0x0000, 0x0000, 0x0000, 0x0000, 0x0000, 0x0000, 0x0000, 0x0000, 0x0000, 0x0000, 0x0000, 0x0000, 
  0x0000, 0x0000, 0x0000, 0x0000, 0x0000, 0x0000, 0x0000, 0x0000, 0x0000, 0x0000, 0x0000, 0x0000, 
  0xFF80, 0xFF80, 0xFF80, 0xFF80, 0xFF80, 0xFF80, 0xFF80, 0xFF80, 0x0000, 0x0000, 0x0000, 0x0000, 
  0x0000, 0x0000, 0x0000, 0x0000, 0x0000, 0x0000, 0x0000, 0x0000, 0x0000, 0x0000, 0x0000, 0x0000, 
  0x0000, 0x0000, 0x0000, 0x0000, 0x0000, 0x0000, 0x0000, 0x0000, 0x0000, 0x0000, 0x0000, 0x0000, 
  0x0000, 0x0000, 0x0000, 0x0000, 0x0000, 0x0000, 0x0000, 0x0000, 0x0000, 0x0000, 0x0000, 0xFF80, 
  0xFF80, 0xFF80, 0xFF80, 0xFF80, 0xFF80, 0xFF80, 0xFF80, 0x0000, 0x0000, 0x0000, 0x0000, 0x0000, 
  0x0000, 0x0000, 0x0000, 0x0000, 0x0000, 0x0000, 0x0000, 0x0000, 0x0000, 0x0000, 0x0000, 0x0000, 
  0x0000, 0x0000, 0x0000, 0x0000, 0x0000, 0x0000, 0x0000, 0x0000, 0x0000, 0x0000, 0x0000, 0x0000, 
  0x0000, 0x0000, 0x0000, 0x0000, 0x0000, 0x0000, 0x0000, 0x0000, 0x0000, 0x0000, 0x0000, 0xFF80, 
  0xFF80, 0xFF80, 0xFF80, 0xFF80, 0xFF80, 0xFF80, 0xFF80, 0xFF80, 0xFF80, 0xFF80, 0xFF80, 0xFF80, 
  0xFF80, 0xFF80, 0xFF80, 0xFF80, 0x0000, 0x0000, 0x0000, 0x0000, 0x0000, 0x0000, 0x0000, 0x0000, 
  0x0000, 0x0000, 0x0000, 0x0000, 0x0000, 0x0000, 0x0000, 0x0000, 0x0000, 0x0000, 0x0000, 0x0000, 
  0x0000, 0x0000, 0x0000, 0x0000, 0x0000, 0x0000, 0x0000, 0x0000, 0x0000, 0x0000, 0xFF80, 0xFF80, 
  0xFF80, 0xFF80, 0xFF80, 0xFF80, 0xFF80, 0xFF80, 0xFF80, 0xFF80, 0xFF80, 0xFF80, 0xFF80, 0xFF80, 
  0xFF80, 0xFF80, 0xFF80, 0x0000, 0x0000, 0x0000, 0x0000, 0x0000, 0x0000, 0x0000, 0x0000, 0x0000, 
  0x0000, 0x0000, 0x0000, 0x0000, 0x0000, 0x0000, 0x0000, 0x0000, 0x0000, 0x0000, 0x0000, 0x0000, 
  0x0000, 0x0000, 0x0000, 0x0000, 0x0000, 0x0000, 0x0000, 0x0000, 0x0000, 0x0000, 0xFF80, 0xFF80, 
  0xFF80, 0xFF80, 0xFF80, 0xFF80, 0xFF80, 0xFF80, 0xFF80, 0xFF80, 0xFF80, 0xFF80, 0xFF80, 0xFF80, 
  0xFF80, 0xFF80, 0x0000, 0x0000, 0x0000, 0x0000, 0x0000, 0x0000, 0x0000, 0x0000, 0x0000, 0x0000, 
  0x0000, 0x0000, 0x0000, 0x0000, 0x0000, 0x0000, 0x0000, 0x0000, 0x0000, 0x0000, 0x0000, 0x0000, 
  0x0000, 0x0000, 0x0000, 0x0000, 0x0000, 0x0000, 0x0000, 0x0000, 0x0000, 0xFF80, 0xFF80, 0xFF80, 
  0xFF80, 0xFF80, 0xFF80, 0xFF80, 0xFF80, 0xFF80, 0xFF80, 0xFF80, 0xFF80, 0xFF80, 0xFF80, 0xFF80, 
  0xFF80, 0xFF80, 0x0000, 0x0000, 0x0000, 0x0000, 0x0000, 0x0000, 0x0000, 0x0000, 0x0000, 0x0000, 
  0x0000, 0x0000, 0x0000, 0x0000, 0x0000, 0x0000, 0x0000, 0x0000, 0x0000, 0x0000, 0x0000, 0x0000, 
  0x0000, 0x0000, 0x0000, 0x0000, 0x0000, 0x0000, 0x0000, 0x0000, 0x0000, 0xFF80, 0xFF80, 0xFF80, 
  0xFF80, 0xFF80, 0xFF80, 0xFF80, 0xFF80, 0xFF80, 0xFF80, 0xFF80, 0xFF80, 0xFF80, 0xFF80, 0xFF80, 
  0xFF80, 0x0000, 0x0000, 0x0000, 0x0000, 0x0000, 0x0000, 0x0000, 0x0000, 0x0000, 0x0000, 0x0000, 
  0x0000, 0x0000, 0x0000, 0x0000, 0x0000, 0x0000, 0x0000, 0x0000, 0x0000, 0x0000, 0x0000, 0x0000, 
  0x0000, 0x0000, 0x0000, 0x0000, 0x0000, 0x0000, 0x0000, 0x0000, 0x0000, 0x0000, 0x0000, 0x0000, 
  0x0000, 0x0000, 0x0000, 0x0000, 0x0000, 0x0000, 0xFF80, 0xFF80, 0xFF80, 0xFF80, 0xFF80, 0xFF80, 
  0x0000, 0x0000, 0x0000, 0x0000, 0x0000, 0x0000, 0x0000, 0x0000, 0x0000, 0x0000, 0x0000, 0x0000, 
  0x0000, 0x0000, 0x0000, 0x0000, 0x0000, 0x0000, 0x0000, 0x0000, 0x0000, 0x0000, 0x0000, 0x0000, 
  0x0000, 0x0000, 0x0000, 0x0000, 0x0000, 0x0000, 0x0000, 0x0000, 0x0000, 0x0000, 0x0000, 0x0000, 
  0x0000, 0x0000, 0x0000, 0x0000, 0x0000, 0xFF80, 0xFF80, 0xFF80, 0xFF80, 0xFF80, 0xFF80, 0x0000, 
  0x0000, 0x0000, 0x0000, 0x0000, 0x0000, 0x0000, 0x0000, 0x0000, 0x0000, 0x0000, 0x0000, 0x0000, 
  0x0000, 0x0000, 0x0000, 0x0000, 0x0000, 0x0000, 0x0000, 0x0000, 0x0000, 0x0000, 0x0000, 0x0000, 
  0x0000, 0x0000, 0x0000, 0x0000, 0x0000, 0x0000, 0x0000, 0x0000, 0x0000, 0x0000, 0x0000, 0x0000, 
  0x0000, 0x0000, 0x0000, 0x0000, 0x0000, 0xFF80, 0xFF80, 0xFF80, 0xFF80, 0xFF80, 0x0000, 0x0000, 
  0x0000, 0x0000, 0x0000, 0x0000, 0x0000, 0x0000, 0x0000, 0x0000, 0x0000, 0x0000, 0x0000, 0x0000, 
  0x0000, 0x0000, 0x0000, 0x0000, 0x0000, 0x0000, 0x0000, 0x0000, 0x0000, 0x0000, 0x0000, 0x0000, 
  0x0000, 0x0000, 0x0000, 0x0000, 0x0000, 0x0000, 0x0000, 0x0000, 0x0000, 0x0000, 0x0000, 0x0000, 
  0x0000, 0x0000, 0x0000, 0x0000, 0xFF80, 0xFF80, 0xFF80, 0xFF80, 0xFF80, 0x0000, 0x0000, 0x0000, 
  0x0000, 0x0000, 0x0000, 0x0000, 0x0000, 0x0000, 0x0000, 0x0000, 0x0000, 0x0000, 0x0000, 0x0000
};

// 5 - Snow
const uint16_t PROGMEM WEATHER48_ICON_5[WEATHER48_W*WEATHER48_H] = {
  0x0000, 0x0000, 0x0000, 0x0000, 0x0000, 0x0000, 0x0000, 0x0000, 0x0000, 0x0000, 0x0000, 0x0000, 
  0x0000, 0x0000, 0x0000, 0x0000, 0x0000, 0x0000, 0x0000, 0x0000, 0x0000, 0x0000, 0x0000, 0x0000, 
  0x0000, 0x0000, 0x0000, 0x0000, 0x0000, 0x0000, 0x0000, 0x0000, 0x0000, 0x0000, 0x0000, 0x0000, 
  0x0000, 0x0000, 0x0000, 0x0000, 0x0000, 0x0000, 0x0000, 0x0000, 0x0000, 0x0000, 0x0000, 0x0000, 
  0x0000, 0x0000, 0x0000, 0x0000, 0x0000, 0x0000, 0x0000, 0x0000, 0x0000, 0x0000, 0x0000, 0x0000, 
  0x0000, 0x0000, 0x0000, 0x0000, 0x0000, 0x0000, 0x0000, 0x0000, 0x0000, 0x0000, 0x0000, 0x0000, 
  0x0000, 0x0000, 0x0000, 0x0000, 0x0000, 0x0000, 0x0000, 0x0000, 0x0000, 0x0000, 0x0000, 0x0000, 
  0x0000, 0x0000, 0x0000, 0x0000, 0x0000, 0x0000, 0x0000, 0x0000, 0x0000, 0x0000, 0x0000, 0x0000, 
  0x0000, 0x0000, 0x0000, 0x0000, 0x0000, 0x0000, 0x0000, 0x0000, 0x0000, 0x0000, 0x0000, 0x0000, 
  0x0000, 0x0000, 0x0000, 0x0000, 0x0000, 0x0000, 0x0000, 0x0000, 0x0000, 0x0000, 0x0000, 0x0000, 
  0x0000, 0x0000, 0x0000, 0x0000, 0x0000, 0x0000, 0x0000, 0x0000, 0x0000, 0x0000, 0x0000, 0x0000, 
  0x0000, 0x0000, 0x0000, 0x0000, 0x0000, 0x0000, 0x0000, 0x0000, 0x0000, 0x0000, 0x0000, 0x0000, 
  0x0000, 0x0000, 0x0000, 0x0000, 0x0000, 0x0000, 0x0000, 0x0000, 0x0000, 0x0000, 0x0000, 0x0000, 
  0x0000, 0x0000, 0x0000, 0x0000, 0x0000, 0x0000, 0x0000, 0x0000, 0x0000, 0x0000, 0x0000, 0x0000, 
  0x0000, 0x0000, 0x0000, 0x0000, 0x0000, 0x0000, 0x0000, 0x0000, 0x0000, 0x0000, 0x0000, 0x0000, 
  0x0000, 0x0000, 0x0000, 0x0000, 0x0000, 0x0000, 0x0000, 0x0000, 0x0000, 0x0000, 0x0000, 0x0000, 
  0x0000, 0x0000, 0x0000, 0x0000, 0x0000, 0x0000, 0x0000, 0x0000, 0x0000, 0x0000, 0x0000, 0x0000, 
  0x0000, 0x0000, 0x0000, 0x0000, 0x0000, 0x0000, 0x0000, 0x0000, 0x0000, 0x0000, 0x0000, 0x0000, 
  0x0000, 0x0000, 0x0000, 0x0000, 0x0000, 0x0000, 0x0000, 0x0000, 0x0000, 0x0000, 0x0000, 0x0000, 
  0x0000, 0x0000, 0x0000, 0x0000, 0x0000, 0x0000, 0x0000, 0x0000, 0x0000, 0x0000, 0x0000, 0x0000, 
  0x0000, 0x0000, 0x0000, 0x0000, 0x0000, 0x0000, 0x0000, 0x0000, 0x0000, 0x0000, 0x0000, 0x0000, 
  0x0000, 0x0000, 0x0000, 0x0000, 0x0000, 0x0000, 0x0000, 0x0000, 0x0000, 0x0000, 0x0000, 0x0000, 
  0x0000, 0x0000, 0x0000, 0x0000, 0x0000, 0x0000, 0x0000, 0x0000, 0x0000, 0x0000, 0x0000, 0x0000, 
  0x0000, 0x0000, 0x0000, 0x0000, 0x0000, 0x0000, 0x0000, 0x0000, 0x0000, 0x0000, 0x0000, 0x0000, 
  0x0000, 0x0000, 0x0000, 0x0000, 0x0000, 0x0000, 0x0000, 0x0000, 0x0000, 0x0000, 0x0000, 0x0000, 
  0x0000, 0x0000, 0x0000, 0x0000, 0x0000, 0x0000, 0x0000, 0x0000, 0x0000, 0x0000, 0x0000, 0x0000, 
  0x0000, 0x0000, 0x0000, 0x0000, 0x0000, 0x0000, 0x0000, 0x0000, 0x0000, 0x0000, 0x0000, 0x0000, 
  0x0000, 0x0000, 0x0000, 0x0000, 0x0000, 0x0000, 0x0000, 0x0000, 0x0000, 0x0000, 0x0000, 0x0000, 
  0x0000, 0x0000, 0x0000, 0x0000, 0x0000, 0x0000, 0x0000, 0x0000, 0x0000, 0x0000, 0x0000, 0x0000, 
  0x0000, 0x0000, 0x0000, 0x0000, 0x0000, 0x0000, 0x0000, 0x0000, 0x0000, 0x0000, 0x0000, 0x0000, 
  0x0000, 0x0000, 0x0000, 0x0000, 0x0000, 0x0000, 0x0000, 0x0000, 0x0000, 0x0000, 0x0000, 0x0000, 
  0x0000, 0x0000, 0x0000, 0x0000, 0x0000, 0x0000, 0x0000, 0x0000, 0x0000, 0x0000, 0x0000, 0x0000, 
  0x0000, 0x0000, 0x0000, 0x0000, 0x0000, 0x0000, 0x0000, 0x0000, 0x0000, 0x0000, 0x0000, 0x0000, 
  0x0000, 0x0000, 0x0000, 0x0000, 0x0000, 0x0000, 0x0000, 0x0000, 0x0000, 0x0000, 0x0000, 0x0000, 
  0x0000, 0x0000, 0x0000, 0x0000, 0x0000, 0x0000, 0x0000, 0x0000, 0x0000, 0x0000, 0x0000, 0x0000, 
  0x0000, 0x0000, 0x0000, 0x0000, 0x0000, 0x0000, 0x0000, 0x0000, 0x0000, 0x0000, 0x0000, 0x0000, 
  0x0000, 0x0000, 0x0000, 0x0000, 0x0000, 0x0000, 0x0000, 0x0000, 0x0000, 0x0000, 0x0000, 0x0000, 
  0x0000, 0x0000, 0x0000, 0x0000, 0x0000, 0x0000, 0x0000, 0x0000, 0x0000, 0x0000, 0x0000, 0x0000, 
  0x0000, 0x0000, 0x0000, 0x0000, 0x0000, 0x0000, 0x0000, 0x0000, 0x0000, 0x0000, 0x0000, 0x0000, 
  0x0000, 0x0000, 0x0000, 0x0000, 0x0000, 0x0000, 0x0000, 0x0000, 0x0000, 0x0000, 0x0000, 0x0000, 
  0x0000, 0x0000, 0x0000, 0x0000, 0x0000, 0x0000, 0x0000, 0x0000, 0x0000, 0x0000, 0x0000, 0x0000, 
  0x0000, 0x0000, 0x0000, 0x0000, 0x0000, 0x0000, 0x0000, 0x0000, 0x0000, 0x0000, 0x0000, 0x0000, 
  0x0000, 0x0000, 0x0000, 0x0000, 0x0000, 0x0000, 0x0000, 0x0000, 0x0000, 0x0000, 0x0000, 0x0000, 
  0x0000, 0x0000, 0x0000, 0x0000, 0x0000, 0x0000, 0x0000, 0x0000, 0x0000, 0x0000, 0x0000, 0x0000, 
  0x0000, 0x0000, 0x0000, 0x0000, 0x0000, 0x0000, 0x0000, 0x0000, 0x0000, 0x0000, 0x0000, 0x0000, 
  0x0000, 0x0000, 0x0000, 0x0000, 0x0000, 0x0000, 0x0000, 0x0000, 0x0000, 0x0000, 0x0000, 0x0000, 
  0x0000, 0x0000, 0x0000, 0x0000, 0x0000, 0x0000, 0x0000, 0x0000, 0x0000, 0x0000, 0x0000, 0x0000, 
  0x0000, 0x0000, 0x0000, 0x0000, 0x0000, 0x0000, 0x0000, 0x0000, 0x0000, 0x0000, 0x0000, 0x0000, 
  0x0000, 0x0000, 0x0000, 0x0000, 0x0000, 0x0000, 0x0000, 0x0000, 0x0000, 0x0000, 0x0000, 0x0000, 
  0x0000, 0x0000, 0x0000, 0x0000, 0x0000, 0x0000, 0x0000, 0x0000, 0x0000, 0x0000, 0x0000, 0x0000, 
  0x0000, 0x0000, 0x0000, 0x0000, 0x0000, 0xBE5A, 0xBE5A, 0xBE5A, 0xBE5A, 0xBE5A, 0x0000, 0x0000, 
  0x0000, 0x0000, 0x0000, 0x0000, 0x0000, 0x0000, 0x0000, 0x0000, 0x0000, 0x0000, 0x0000, 0x0000, 
  0x0000, 0x0000, 0x0000, 0x0000, 0x0000, 0x0000, 0x0000, 0x0000, 0x0000, 0x0000, 0x0000, 0x0000, 
  0x0000, 0x0000, 0x0000, 0x0000, 0x0000, 0x0000, 0x0000, 0x0000, 0x0000, 0x0000, 0x0000, 0x0000, 
  0x0000, 0x0000, 0x0000, 0xBE5A, 0xBE5A, 0xBE5A, 0xBE5A, 0xBE5A, 0xBE5A, 0xBE5A, 0xBE5A, 0xBE5A, 
  0x0000, 0x0000, 0x0000, 0x0000, 0x0000, 0x0000, 0x0000, 0x0000, 0x0000, 0x0000, 0x0000, 0x0000, 
  0x0000, 0x0000, 0x0000, 0x0000, 0x0000, 0x0000, 0x0000, 0x0000, 0x0000, 0x0000, 0x0000, 0x0000, 
  0x0000, 0x0000, 0x0000, 0x0000, 0x0000, 0x0000, 0x0000, 0x0000, 0x0000, 0x0000, 0xBE5A, 0xBE5A, 
  0xBE5A, 0xBE5A, 0xBE5A, 0xBE5A, 0xBE5A, 0xBE5A, 0xBE5A, 0xBE5A, 0xBE5A, 0xBE5A, 0xBE5A, 0xBE5A, 
  0xBE5A, 0xBE5A, 0xBE5A, 0xBE5A, 0xBE5A, 0x0000, 0x0000, 0x0000, 0x0000, 0x0000, 0x0000, 0x0000, 
  0x0000, 0x0000, 0x0000, 0x0000, 0x0000, 0x0000, 0x0000, 0x0000, 0x0000, 0x0000, 0x0000, 0x0000, 
  0x0000, 0x0000, 0x0000, 0x0000, 0x0000, 0x0000, 0x0000, 0x0000, 0xBE5A, 0xBE5A, 0xBE5A, 0xBE5A, 
  0xBE5A, 0xBE5A, 0xBE5A, 0xBE5A, 0xBE5A, 0xBE5A, 0xBE5A, 0xBE5A, 0xBE5A, 0xBE5A, 0xBE5A, 0xBE5A, 
  0xBE5A, 0xBE5A, 0xBE5A, 0xBE5A, 0xBE5A, 0xBE5A, 0xBE5A, 0x0000, 0x0000, 0x0000, 0x0000, 0x0000, 
  0x0000, 0x0000, 0x0000, 0x0000, 0x0000, 0x0000, 0x0000, 0x0000, 0x0000, 0x0000, 0x0000, 0x0000, 
  0x0000, 0x0000, 0x0000, 0x0000, 0x0000, 0x0000, 0x0000, 0xBE5A, 0xBE5A, 0xBE5A, 0xBE5A, 0xBE5A, 
  0xBE5A, 0xBE5A, 0xBE5A, 0xBE5A, 0xBE5A, 0xBE5A, 0xBE5A, 0xBE5A, 0xBE5A, 0xBE5A, 0xBE5A, 0xBE5A, 
  0xBE5A, 0xBE5A, 0xBE5A, 0xBE5A, 0xBE5A, 0xBE5A, 0xBE5A, 0xBE5A, 0x0000, 0x0000, 0x0000, 0x0000, 
  0x0000, 0x0000, 0x0000, 0x0000, 0x0000, 0x0000, 0x0000, 0x0000, 0x0000, 0x0000, 0x0000, 0x0000, 
  0x0000, 0x0000, 0x0000, 0x0000, 0x0000, 0x0000, 0xBE5A, 0xBE5A, 0xBE5A, 0xBE5A, 0xBE5A, 0xBE5A, 
  0xBE5A, 0xBE5A, 0xBE5A, 0xBE5A, 0xBE5A, 0xBE5A, 0xBE5A, 0xBE5A, 0xBE5A, 0xBE5A, 0xBE5A, 0xBE5A, 
  0xBE5A, 0xBE5A, 0xBE5A, 0xBE5A, 0xBE5A, 0xBE5A, 0xBE5A, 0xBE5A, 0xBE5A, 0x0000, 0x0000, 0x0000, 
  0x0000, 0x0000, 0x0000, 0x0000, 0x0000, 0x0000, 0x0000, 0x0000, 0x0000, 0x0000, 0x0000, 0x0000, 
  0x0000, 0xBE5A, 0xBE5A, 0xBE5A, 0xBE5A, 0xBE5A, 0xBE5A, 0xBE5A, 0xBE5A, 0xBE5A, 0xBE5A, 0xBE5A, 
  0xBE5A, 0xBE5A, 0xBE5A, 0xBE5A, 0xBE5A, 0xBE5A, 0xBE5A, 0xBE5A, 0xBE5A, 0xBE5A, 0xBE5A, 0xBE5A, 
  0xBE5A, 0xBE5A, 0xBE5A, 0xBE5A, 0xBE5A, 0xBE5A, 0xBE5A, 0xBE5A, 0xBE5A, 0xBE5A, 0x0000, 0x0000, 
  0x0000, 0x0000, 0x0000, 0x0000, 0x0000, 0x0000, 0x0000, 0x0000, 0x0000, 0x0000, 0x0000, 0xBE5A, 
  0xBE5A, 0xBE5A, 0xBE5A, 0xBE5A, 0xBE5A, 0xBE5A, 0xBE5A, 0xBE5A, 0xBE5A, 0xBE5A, 0xBE5A, 0xBE5A, 
  0xBE5A, 0xBE5A, 0xBE5A, 0xBE5A, 0xBE5A, 0xBE5A, 0xBE5A, 0xBE5A, 0xBE5A, 0xBE5A, 0xBE5A, 0xBE5A, 
  0xBE5A, 0xBE5A, 0xBE5A, 0xBE5A, 0xBE5A, 0xBE5A, 0xBE5A, 0xBE5A, 0xBE5A, 0xBE5A, 0x0000, 0x0000, 
  0x0000, 0x0000, 0x0000, 0x0000, 0x0000, 0x0000, 0x0000, 0x0000, 0x0000, 0xBE5A, 0xBE5A, 0xBE5A, 
  0xBE5A, 0xBE5A, 0xBE5A, 0xBE5A, 0xBE5A, 0xBE5A, 0xBE5A, 0xBE5A, 0xBE5A, 0xBE5A, 0xBE5A, 0xBE5A, 
  0xBE5A, 0xBE5A, 0xBE5A, 0xBE5A, 0xBE5A, 0xBE5A, 0xBE5A, 0xBE5A, 0xBE5A, 0xBE5A, 0xBE5A, 0xBE5A, 
  0xBE5A, 0xBE5A, 0xBE5A, 0xBE5A, 0xBE5A, 0xBE5A, 0xBE5A, 0xBE5A, 0xBE5A, 0xBE5A, 0xBE5A, 0x0000, 
  0x0000, 0x0000, 0x0000, 0x0000, 0x0000, 0x0000, 0x0000, 0x0000, 0xBE5A, 0xBE5A, 0xBE5A, 0xBE5A, 
  0xBE5A, 0xBE5A, 0xBE5A, 0xBE5A, 0xBE5A, 0xBE5A, 0xBE5A, 0xBE5A, 0xBE5A, 0xBE5A, 0xBE5A, 0xBE5A, 
  0xBE5A, 0xBE5A, 0xBE5A, 0xBE5A, 0xBE5A, 0xBE5A, 0xBE5A, 0xBE5A, 0xBE5A, 0xBE5A, 0xBE5A, 0xBE5A, 
  0xBE5A, 0xBE5A, 0xBE5A, 0xBE5A, 0xBE5A, 0xBE5A, 0xBE5A, 0xBE5A, 0xBE5A, 0xBE5A, 0xBE5A, 0x0000, 
  0x0000, 0x0000, 0x0000, 0x0000, 0x0000, 0x0000, 0x0000, 0x0000, 0xBE5A, 0xBE5A, 0xBE5A, 0xBE5A, 
  0xBE5A, 0xBE5A, 0xBE5A, 0xBE5A, 0xBE5A, 0xBE5A, 0xBE5A, 0xBE5A, 0xBE5A, 0xBE5A, 0xBE5A, 0xBE5A, 
  0xBE5A, 0xBE5A, 0xBE5A, 0xBE5A, 0xBE5A, 0xBE5A, 0xBE5A, 0xBE5A, 0xBE5A, 0xBE5A, 0xBE5A, 0xBE5A, 
  0xBE5A, 0xBE5A, 0xBE5A, 0xBE5A, 0xBE5A, 0xBE5A, 0xBE5A, 0xBE5A, 0xBE5A, 0xBE5A, 0xBE5A, 0x0000, 
  0x0000, 0x0000, 0x0000, 0x0000, 0x0000, 0x0000, 0x0000, 0xBE5A, 0xBE5A, 0xBE5A, 0xBE5A, 0xBE5A, 
  0xBE5A, 0xBE5A, 0xBE5A, 0xBE5A, 0xBE5A, 0xBE5A, 0xBE5A, 0xBE5A, 0xBE5A, 0xBE5A, 0xBE5A, 0xBE5A, 
  0xBE5A, 0xBE5A, 0xBE5A, 0xBE5A, 0xBE5A, 0xBE5A, 0xBE5A, 0xBE5A, 0xBE5A, 0xBE5A, 0xBE5A, 0xBE5A, 
  0xBE5A, 0xBE5A, 0xBE5A, 0xBE5A, 0xBE5A, 0xBE5A, 0xBE5A, 0xBE5A, 0xBE5A, 0xBE5A, 0xBE5A, 0x0000, 
  0x0000, 0x0000, 0x0000, 0x0000, 0x0000, 0x0000, 0x0000, 0xBE5A, 0xBE5A, 0xBE5A, 0xBE5A, 0xBE5A, 
  0xBE5A, 0xBE5A, 0xBE5A, 0xBE5A, 0xBE5A, 0xBE5A, 0xBE5A, 0xBE5A, 0xBE5A, 0xBE5A, 0xBE5A, 0xBE5A, 
  0xBE5A, 0xBE5A, 0xBE5A, 0xBE5A, 0xBE5A, 0xBE5A, 0xBE5A, 0xBE5A, 0xBE5A, 0xBE5A, 0xBE5A, 0xBE5A, 
  0xBE5A, 0xBE5A, 0xBE5A, 0xBE5A, 0xBE5A, 0xBE5A, 0xBE5A, 0xBE5A, 0xBE5A, 0xBE5A, 0xBE5A, 0x0000, 
  0x0000, 0x0000, 0x0000, 0x0000, 0x0000, 0x0000, 0xBE5A, 0xBE5A, 0xBE5A, 0xBE5A, 0xBE5A, 0xBE5A, 
  0xBE5A, 0xBE5A, 0xBE5A, 0xBE5A, 0xBE5A, 0xBE5A, 0xBE5A, 0xBE5A, 0xBE5A, 0xBE5A, 0xBE5A, 0xBE5A, 
  0xBE5A, 0xBE5A, 0xBE5A, 0xBE5A, 0xBE5A, 0xBE5A, 0xBE5A, 0xBE5A, 0xBE5A, 0xBE5A, 0xBE5A, 0xBE5A, 
  0xBE5A, 0xBE5A, 0xBE5A, 0xBE5A, 0xBE5A, 0xBE5A, 0xBE5A, 0xBE5A, 0xBE5A, 0xBE5A, 0x0000, 0x0000, 
  0x0000, 0x0000, 0x0000, 0x0000, 0x0000, 0x0000, 0xBE5A, 0xBE5A, 0xBE5A, 0xBE5A, 0xBE5A, 0xBE5A, 
  0xBE5A, 0xBE5A, 0xBE5A, 0xBE5A, 0xBE5A, 0xBE5A, 0xBE5A, 0xBE5A, 0xBE5A, 0xBE5A, 0xBE5A, 0xBE5A, 
  0xBE5A, 0xBE5A, 0xBE5A, 0xBE5A, 0xBE5A, 0xBE5A, 0xBE5A, 0xBE5A, 0xBE5A, 0xBE5A, 0xBE5A, 0xBE5A, 
  0xBE5A, 0xBE5A, 0xBE5A, 0xBE5A, 0xBE5A, 0xBE5A, 0xBE5A, 0xBE5A, 0xBE5A, 0xBE5A, 0x0000, 0x0000, 
  0x0000, 0x0000, 0x0000, 0x0000, 0x0000, 0x0000, 0xBE5A, 0xBE5A, 0xBE5A, 0xBE5A, 0xBE5A, 0xBE5A, 
  0xBE5A, 0xBE5A, 0xBE5A, 0xBE5A, 0xBE5A, 0xBE5A, 0xBE5A, 0xBE5A, 0xBE5A, 0xBE5A, 0xBE5A, 0xBE5A, 
  0xBE5A, 0xBE5A, 0xBE5A, 0xBE5A, 0xBE5A, 0xBE5A, 0xBE5A, 0xBE5A, 0xBE5A, 0xBE5A, 0xBE5A, 0xBE5A, 
  0xBE5A, 0xBE5A, 0xBE5A, 0xBE5A, 0xBE5A, 0xBE5A, 0xBE5A, 0xBE5A, 0xBE5A, 0x0000, 0x0000, 0x0000, 
  0x0000, 0x0000, 0x0000, 0x0000, 0x0000, 0x0000, 0xBE5A, 0xBE5A, 0xBE5A, 0xBE5A, 0xBE5A, 0xBE5A, 
  0xBE5A, 0xBE5A, 0xBE5A, 0xBE5A, 0xBE5A, 0xBE5A, 0xBE5A, 0xBE5A, 0xBE5A, 0xBE5A, 0xBE5A, 0xBE5A, 
  0xBE5A, 0xBE5A, 0xBE5A, 0xBE5A, 0xBE5A, 0xBE5A, 0xBE5A, 0xBE5A, 0xBE5A, 0xBE5A, 0xBE5A, 0xBE5A, 
  0xBE5A, 0xBE5A, 0xBE5A, 0xBE5A, 0xBE5A, 0xBE5A, 0xBE5A, 0xBE5A, 0x0000, 0x0000, 0x0000, 0x0000, 
  0x0000, 0x0000, 0x0000, 0x0000, 0x0000, 0x0000, 0xBE5A, 0xBE5A, 0xBE5A, 0xBE5A, 0xBE5A, 0xBE5A, 
  0xBE5A, 0xBE5A, 0xBE5A, 0xBE5A, 0xBE5A, 0xBE5A, 0xBE5A, 0xBE5A, 0xBE5A, 0xBE5A, 0xBE5A, 0xBE5A, 
  0xBE5A, 0xBE5A, 0xBE5A, 0xBE5A, 0xBE5A, 0xBE5A, 0xBE5A, 0xBE5A, 0xBE5A, 0xBE5A, 0xBE5A, 0xBE5A, 
  0xBE5A, 0xBE5A, 0xBE5A, 0xBE5A, 0xBE5A, 0xBE5A, 0xBE5A, 0x0000, 0x0000, 0x0000, 0x0000, 0x0000, 
  0x0000, 0x0000, 0x0000, 0x0000, 0x0000, 0x0000, 0x0000, 0xBE5A, 0xBE5A, 0xBE5A, 0xBE5A, 0xBE5A, 
  0xBE5A, 0xBE5A, 0xBE5A, 0xBE5A, 0xBE5A, 0xBE5A, 0xBE5A, 0xBE5A, 0xBE5A, 0xBE5A, 0xBE5A, 0xBE5A, 
  0xBE5A, 0xBE5A, 0xBE5A, 0xBE5A, 0xBE5A, 0xBE5A, 0xBE5A, 0xBE5A, 0xBE5A, 0xBE5A, 0xBE5A, 0xBE5A, 
  0xBE5A, 0xBE5A, 0xBE5A, 0xBE5A, 0xBE5A, 0xBE5A, 0xBE5A, 0x0000, 0x0000, 0x0000, 0x0000, 0x0000, 
  0x0000, 0x0000, 0x0000, 0x0000, 0x0000, 0x0000, 0x0000, 0xBE5A, 0xBE5A, 0xBE5A, 0xBE5A, 0xBE5A, 
  0xDF9F, 0xBE5A, 0xBE5A, 0xBE5A, 0xBE5A, 0xBE5A, 0xBE5A, 0xBE5A, 0xDF9F, 0xBE5A, 0xBE5A, 0xBE5A, 
  0xBE5A, 0xBE5A, 0xBE5A, 0xBE5A, 0xDF9F, 0xBE5A, 0xBE5A, 0xBE5A, 0xBE5A, 0xBE5A, 0xBE5A, 0xBE5A, 
  0xDF9F, 0xBE5A, 0xBE5A, 0xBE5A, 0xBE5A, 0xBE5A, 0x0000, 0x0000, 0x0000, 0x0000, 0x0000, 0x0000, 
  0x0000, 0x0000, 0x0000, 0x0000, 0x0000, 0x0000, 0x0000, 0x0000, 0xBE5A, 0xBE5A, 0xDF9F, 0xBE5A, 
  0xDF9F, 0xBE5A, 0xDF9F, 0xBE5A, 0xBE5A, 0xBE5A, 0xDF9F, 0xBE5A, 0xDF9F, 0xBE5A, 0xDF9F, 0xBE5A, 
  0xBE5A, 0xBE5A, 0xDF9F, 0xBE5A, 0xDF9F, 0xBE5A, 0xDF9F, 0xBE5A, 0xBE5A, 0xBE5A, 0xDF9F, 0xBE5A, 
  0xDF9F, 0xBE5A, 0xDF9F, 0xBE5A, 0xBE5A, 0x0000, 0x0000, 0x0000, 0x0000, 0x0000, 0x0000, 0x0000, 
  0x0000, 0x0000, 0x0000, 0x0000, 0x0000, 0x0000, 0x0000, 0x0000, 0xBE5A, 0xBE5A, 0xBE5A, 0xDF9F, 
  0xDF9F, 0xDF9F, 0xBE5A, 0xBE5A, 0xBE5A, 0xBE5A, 0xBE5A, 0xDF9F, 0xDF9F, 0xDF9F, 0xBE5A, 0xBE5A, 
  0xBE5A, 0xBE5A, 0xBE5A, 0xDF9F, 0xDF9F, 0xDF9F, 0xBE5A, 0xBE5A, 0xBE5A, 0xBE5A, 0xBE5A, 0xDF9F, 
  0xDF9F, 0xDF9F, 0xBE5A, 0xBE5A, 0xBE5A, 0x0000, 0x0000, 0x0000, 0x0000, 0x0000, 0x0000, 0x0000, 
  0x0000, 0x0000, 0x0000, 0x0000, 0x0000, 0x0000, 0x0000, 0x0000, 0x0000, 0xDF9F, 0xDF9F, 0xDF9F, 
  0xDF9F, 0xDF9F, 0xDF9F, 0xDF9F, 0xBE5A, 0xDF9F, 0xDF9F, 0xDF9F, 0xDF9F, 0xDF9F, 0xDF9F, 0xDF9F, 
  0xBE5A, 0xDF9F, 0xDF9F, 0xDF9F, 0xDF9F, 0xDF9F, 0xDF9F, 0xDF9F, 0xBE5A, 0xDF9F, 0xDF9F, 0xDF9F, 
  0xDF9F, 0xDF9F, 0xDF9F, 0xDF9F, 0x0000, 0x0000, 0x0000, 0x0000, 0x0000, 0x0000, 0x0000, 0x0000, 
  0x0000, 0x0000, 0x0000, 0x0000, 0x0000, 0x0000, 0x0000, 0x0000, 0x0000, 0x0000, 0xBE5A, 0xDF9F, 
  0xDF9F, 0xDF9F, 0xBE5A, 0xBE5A, 0xBE5A, 0xBE5A, 0xBE5A, 0xDF9F, 0xDF9F, 0xDF9F, 0xBE5A, 0xBE5A, 
  0xBE5A, 0xBE5A, 0xBE5A, 0xDF9F, 0xDF9F, 0xDF9F, 0xBE5A, 0xBE5A, 0xBE5A, 0xBE5A, 0xBE5A, 0xDF9F, 
  0xDF9F, 0xDF9F, 0xBE5A, 0x0000, 0x0000, 0x0000, 0x0000, 0x0000, 0x0000, 0x0000, 0x0000, 0x0000, 
  0x0000, 0x0000, 0x0000, 0x0000, 0x0000, 0x0000, 0x0000, 0x0000, 0x0000, 0x0000, 0xDF9F, 0xBE5A, 
  0xDF9F, 0xBE5A, 0xDF9F, 0xBE5A, 0xBE5A, 0xBE5A, 0xDF9F, 0xBE5A, 0xDF9F, 0xBE5A, 0xDF9F, 0xBE5A, 
  0xBE5A, 0xBE5A, 0xDF9F, 0xBE5A, 0xDF9F, 0xBE5A, 0xDF9F, 0xBE5A, 0xBE5A, 0xBE5A, 0xDF9F, 0xBE5A, 
  0xDF9F, 0xBE5A, 0xDF9F, 0x0000, 0x0000, 0x0000, 0x0000, 0x0000, 0x0000, 0x0000, 0x0000, 0x0000, 
  0x0000, 0x0000, 0x0000, 0x0000, 0x0000, 0x0000, 0x0000, 0x0000, 0x0000, 0x0000, 0x0000, 0x0000, 
  0xDF9F, 0x0000, 0x0000, 0x0000, 0x0000, 0x0000, 0x0000, 0x0000, 0xDF9F, 0x0000, 0x0000, 0x0000, 
  0x0000, 0x0000, 0x0000, 0x0000, 0xDF9F, 0x0000, 0x0000, 0x0000, 0x0000, 0x0000, 0x0000, 0x0000, 
  0xDF9F, 0x0000, 0x0000, 0x0000, 0x0000, 0x0000, 0x0000, 0x0000, 0x0000, 0x0000, 0x0000, 0x0000, 
  0x0000, 0x0000, 0x0000, 0x0000, 0x0000, 0x0000, 0x0000, 0x0000, 0x0000, 0x0000, 0x0000, 0x0000, 
  0x0000, 0x0000, 0x0000, 0x0000, 0x0000, 0x0000, 0x0000, 0x0000, 0x0000, 0x0000, 0x0000, 0x0000, 
  0x0000, 0x0000, 0x0000, 0x0000, 0x0000, 0x0000, 0x0000, 0x0000, 0x0000, 0x0000, 0x0000, 0x0000, 
  0x0000, 0x0000, 0x0000, 0x0000, 0x0000, 0x0000, 0x0000, 0x0000, 0x0000, 0x0000, 0x0000, 0x0000, 
  0x0000, 0x0000, 0x0000, 0x0000, 0x0000, 0x0000, 0x0000, 0x0000, 0x0000, 0x0000, 0x0000, 0x0000, 
  0x0000, 0x0000, 0x0000, 0x0000, 0x0000, 0x0000, 0x0000, 0x0000, 0x0000, 0x0000, 0x0000, 0x0000, 
  0x0000, 0x0000, 0x0000, 0x0000, 0x0000, 0x0000, 0x0000, 0x0000, 0x0000, 0x0000, 0x0000, 0x0000, 
  0x0000, 0x0000, 0x0000, 0x0000, 0x0000, 0x0000, 0x0000, 0x0000, 0x0000, 0x0000, 0x0000, 0x0000, 
  0x0000, 0x0000, 0x0000, 0x0000, 0x0000, 0x0000, 0x0000, 0x0000, 0x0000, 0x0000, 0x0000, 0x0000, 
  0x0000, 0x0000, 0x0000, 0x0000, 0x0000, 0x0000, 0x0000, 0x0000, 0x0000, 0x0000, 0x0000, 0x0000, 
  0x0000, 0x0000, 0x0000, 0x0000, 0x0000, 0x0000, 0x0000, 0x0000, 0x0000, 0x0000, 0x0000, 0x0000, 
  0x0000, 0x0000, 0x0000, 0x0000, 0x0000, 0x0000, 0x0000, 0x0000, 0x0000, 0x0000, 0x0000, 0x0000, 
  0x0000, 0x0000, 0x0000, 0x0000, 0x0000, 0x0000, 0x0000, 0x0000, 0x0000, 0x0000, 0x0000, 0x0000, 
  0x0000, 0x0000, 0x0000, 0x0000, 0x0000, 0x0000, 0x0000, 0x0000, 0x0000, 0x0000, 0x0000, 0x0000, 
  0x0000, 0x0000, 0x0000, 0x0000, 0x0000, 0x0000, 0x0000, 0x0000, 0x0000, 0x0000, 0x0000, 0x0000, 
  0x0000, 0x0000, 0x0000, 0x0000, 0x0000, 0x0000, 0x0000, 0x0000, 0x0000, 0x0000, 0x0000, 0x0000, 
  0x0000, 0x0000, 0x0000, 0x0000, 0x0000, 0x0000, 0x0000, 0x0000, 0x0000, 0x0000, 0x0000, 0x0000, 
  0x0000, 0x0000, 0x0000, 0x0000, 0x0000, 0x0000, 0x0000, 0x0000, 0x0000, 0x0000, 0x0000, 0x0000, 
  0x0000, 0x0000, 0x0000, 0x0000, 0x0000, 0x0000, 0x0000, 0x0000, 0x0000, 0x0000, 0x0000, 0x0000, 
  0x0000, 0x0000, 0x0000, 0x0000, 0x0000, 0x0000, 0x0000, 0x0000, 0x0000, 0x0000, 0x0000, 0x0000, 
  0x0000, 0x0000, 0x0000, 0x0000, 0x0000, 0x0000, 0x0000, 0x0000, 0x0000, 0x0000, 0x0000, 0x0000, 
  0x0000, 0x0000, 0x0000, 0x0000, 0x0000, 0x0000, 0x0000, 0x0000, 0x0000, 0x0000, 0x0000, 0x0000, 
  0x0000, 0x0000, 0x0000, 0x0000, 0x0000, 0x0000, 0x0000, 0x0000, 0x0000, 0x0000, 0x0000, 0x0000, 
  0x0000, 0x0000, 0x0000, 0x0000, 0x0000, 0x0000, 0x0000, 0x0000, 0x0000, 0x0000, 0x0000, 0x0000, 
  0x0000, 0x0000, 0x0000, 0x0000, 0x0000, 0x0000, 0x0000, 0x0000, 0x0000, 0x0000, 0x0000, 0x0000, 
  0x0000, 0x0000, 0x0000, 0x0000, 0x0000, 0x0000, 0x0000, 0x0000, 0x0000, 0x0000, 0x0000, 0x0000, 
  0x0000, 0x0000, 0x0000, 0x0000, 0x0000, 0x0000, 0x0000, 0x0000, 0x0000, 0x0000, 0x0000, 0x0000, 
  0x0000, 0x0000, 0x0000, 0x0000, 0x0000, 0x0000, 0x0000, 0x0000, 0x0000, 0x0000, 0x0000, 0x0000, 
  0x0000, 0x0000, 0x0000, 0x0000, 0x0000, 0x0000, 0x0000, 0x0000, 0x0000, 0x0000, 0x0000, 0x0000, 
  0x0000, 0x0000, 0x0000, 0x0000, 0x0000, 0x0000, 0x0000, 0x0000, 0x0000, 0x0000, 0x0000, 0x0000, 
  0x0000, 0x0000, 0x0000, 0x0000, 0x0000, 0x0000, 0x0000, 0x0000, 0x0000, 0x0000, 0x0000, 0x0000, 
  0x0000, 0x0000, 0x0000, 0x0000, 0x0000, 0x0000, 0x0000, 0x0000, 0x0000, 0x0000, 0x0000, 0x0000, 
  0x0000, 0x0000, 0x0000, 0x0000, 0x0000, 0x0000, 0x0000, 0x0000, 0x0000, 0x0000, 0x0000, 0x0000, 
  0x0000, 0x0000, 0x0000, 0x0000, 0x0000, 0x0000, 0x0000, 0x0000, 0x0000, 0x0000, 0x0000, 0x0000, 
  0x0000, 0x0000, 0x0000, 0x0000, 0x0000, 0x0000, 0x0000, 0x0000, 0x0000, 0x0000, 0x0000, 0x0000, 
  0x0000, 0x0000, 0x0000, 0x0000, 0x0000, 0x0000, 0x0000, 0x0000, 0x0000, 0x0000, 0x0000, 0x0000, 
  0x0000, 0x0000, 0x0000, 0x0000, 0x0000, 0x0000, 0x0000, 0x0000, 0x0000, 0x0000, 0x0000, 0x0000, 
  0x0000, 0x0000, 0x0000, 0x0000, 0x0000, 0x0000, 0x0000, 0x0000, 0x0000, 0x0000, 0x0000, 0x0000, 
  0x0000, 0x0000, 0x0000, 0x0000, 0x0000, 0x0000, 0x0000, 0x0000, 0x0000, 0x0000, 0x0000, 0x0000, 
  0x0000, 0x0000, 0x0000, 0x0000, 0x0000, 0x0000, 0x0000, 0x0000, 0x0000, 0x0000, 0x0000, 0x0000
};

// 6 - Fog
const uint16_t PROGMEM WEATHER48_ICON_6[WEATHER48_W*WEATHER48_H] = {
  0x0000, 0x0000, 0x0000, 0x0000, 0x0000, 0x0000, 0x0000, 0x0000, 0x0000, 0x0000, 0x0000, 0x0000, 
  0x0000, 0x0000, 0x0000, 0x0000, 0x0000, 0x0000, 0x0000, 0x0000, 0x0000, 0x0000, 0x0000, 0x0000, 
  0x0000, 0x0000, 0x0000, 0x0000, 0x0000, 0x0000, 0x0000, 0x0000, 0x0000, 0x0000, 0x0000, 0x0000, 
  0x0000, 0x0000, 0x0000, 0x0000, 0x0000, 0x0000, 0x0000, 0x0000, 0x0000, 0x0000, 0x0000, 0x0000, 
  0x0000, 0x0000, 0x0000, 0x0000, 0x0000, 0x0000, 0x0000, 0x0000, 0x0000, 0x0000, 0x0000, 0x0000, 
  0x0000, 0x0000, 0x0000, 0x0000, 0x0000, 0x0000, 0x0000, 0x0000, 0x0000, 0x0000, 0x0000, 0x0000, 
  0x0000, 0x0000, 0x0000, 0x0000, 0x0000, 0x0000, 0x0000, 0x0000, 0x0000, 0x0000, 0x0000, 0x0000, 
  0x0000, 0x0000, 0x0000, 0x0000, 0x0000, 0x0000, 0x0000, 0x0000, 0x0000, 0x0000, 0x0000, 0x0000, 
  0x0000, 0x0000, 0x0000, 0x0000, 0x0000, 0x0000, 0x0000, 0x0000, 0x0000, 0x0000, 0x0000, 0x0000, 
  0x0000, 0x0000, 0x0000, 0x0000, 0x0000, 0x0000, 0x0000, 0x0000, 0x0000, 0x0000, 0x0000, 0x0000, 
  0x0000, 0x0000, 0x0000, 0x0000, 0x0000, 0x0000, 0x0000, 0x0000, 0x0000, 0x0000, 0x0000, 0x0000, 
  0x0000, 0x0000, 0x0000, 0x0000, 0x0000, 0x0000, 0x0000, 0x0000, 0x0000, 0x0000, 0x0000, 0x0000, 
  0x0000, 0x0000, 0x0000, 0x0000, 0x0000, 0x0000, 0x0000, 0x0000, 0x0000, 0x0000, 0x0000, 0x0000, 
  0x0000, 0x0000, 0x0000, 0x0000, 0x0000, 0x0000, 0x0000, 0x0000, 0x0000, 0x0000, 0x0000, 0x0000, 
  0x0000, 0x0000, 0x0000, 0x0000, 0x0000, 0x0000, 0x0000, 0x0000, 0x0000, 0x0000, 0x0000, 0x0000, 
  0x0000, 0x0000, 0x0000, 0x0000, 0x0000, 0x0000, 0x0000, 0x0000, 0x0000, 0x0000, 0x0000, 0x0000, 
  0x0000, 0x0000, 0x0000, 0x0000, 0x0000, 0x0000, 0x0000, 0x0000, 0x0000, 0x0000, 0x0000, 0x0000, 
  0x0000, 0x0000, 0x0000, 0x0000, 0x0000, 0x0000, 0x0000, 0x0000, 0x0000, 0x0000, 0x0000, 0x0000, 
  0x0000, 0x0000, 0x0000, 0x0000, 0x0000, 0x0000, 0x0000, 0x0000, 0x0000, 0x0000, 0x0000, 0x0000, 
  0x0000, 0x0000, 0x0000, 0x0000, 0x0000, 0x0000, 0x0000, 0x0000, 0x0000, 0x0000, 0x0000, 0x0000, 
  0x0000, 0x0000, 0x0000, 0x0000, 0x0000, 0x0000, 0x0000, 0x0000, 0x0000, 0x0000, 0x0000, 0x0000, 
  0x0000, 0x0000, 0x0000, 0x0000, 0x0000, 0x0000, 0x0000, 0x0000, 0x0000, 0x0000, 0x0000, 0x0000, 
  0x0000, 0x0000, 0x0000, 0x0000, 0x0000, 0x0000, 0x0000, 0x0000, 0x0000, 0x0000, 0x0000, 0x0000, 
  0x0000, 0x0000, 0x0000, 0x0000, 0x0000, 0x0000, 0x0000, 0x0000, 0x0000, 0x0000, 0x0000, 0x0000, 
  0x0000, 0x0000, 0x0000, 0x0000, 0x0000, 0x0000, 0x0000, 0x0000, 0x0000, 0x0000, 0x0000, 0x0000, 
  0x0000, 0x0000, 0x0000, 0x0000, 0x0000, 0x0000, 0x0000, 0x0000, 0x0000, 0x0000, 0x0000, 0x0000, 
  0x0000, 0x0000, 0x0000, 0x0000, 0x0000, 0x0000, 0x0000, 0x0000, 0x0000, 0x0000, 0x0000, 0x0000, 
  0x0000, 0x0000, 0x0000, 0x0000, 0x0000, 0x0000, 0x0000, 0x0000, 0x0000, 0x0000, 0x0000, 0x0000, 
  0x0000, 0x0000, 0x0000, 0x0000, 0x0000, 0x0000, 0x0000, 0x0000, 0x0000, 0x0000, 0x0000, 0x0000, 
  0x0000, 0x0000, 0x0000, 0x0000, 0x0000, 0x0000, 0x0000, 0x0000, 0x0000, 0x0000, 0x0000, 0x0000, 
  0x0000, 0x0000, 0x0000, 0x0000, 0x0000, 0x0000, 0x0000, 0x0000, 0x0000, 0x0000, 0x0000, 0x0000, 
  0x0000, 0x0000, 0x0000, 0x0000, 0x0000, 0x0000, 0x0000, 0x0000, 0x0000, 0x0000, 0x0000, 0x0000, 
  0x0000, 0x0000, 0x0000, 0x0000, 0x0000, 0x0000, 0x0000, 0x0000, 0x0000, 0x0000, 0x0000, 0x0000, 
  0x0000, 0x0000, 0x0000, 0x0000, 0x0000, 0x0000, 0x0000, 0x0000, 0x0000, 0x0000, 0x0000, 0x0000, 
  0x0000, 0x0000, 0x0000, 0x0000, 0x0000, 0x0000, 0x0000, 0x0000, 0x0000, 0x0000, 0x0000, 0x0000, 
  0x0000, 0x0000, 0x0000, 0x0000, 0x0000, 0x0000, 0x0000, 0x0000, 0x0000, 0x0000, 0x0000, 0x0000, 
  0x0000, 0x0000, 0x0000, 0x0000, 0x0000, 0x0000, 0x0000, 0x0000, 0x0000, 0x0000, 0x0000, 0x0000, 
  0x0000, 0x0000, 0x0000, 0x0000, 0x0000, 0x0000, 0x0000, 0x0000, 0x0000, 0x0000, 0x0000, 0x0000, 
  0x0000, 0x0000, 0x0000, 0x0000, 0x0000, 0x0000, 0x0000, 0x0000, 0x0000, 0x0000, 0x0000, 0x0000, 
  0x0000, 0x0000, 0x0000, 0x0000, 0x0000, 0x0000, 0x0000, 0x0000, 0x0000, 0x0000, 0x0000, 0x0000, 
  0x0000, 0x0000, 0x0000, 0x0000, 0x0000, 0x0000, 0x0000, 0x0000, 0x0000, 0x0000, 0x0000, 0x0000, 
  0x0000, 0x0000, 0x0000, 0x0000, 0x0000, 0x0000, 0x0000, 0x0000, 0x0000, 0x0000, 0x0000, 0x0000, 
  0x0000, 0x0000, 0x0000, 0x0000, 0x0000, 0x0000, 0x0000, 0x0000, 0x0000, 0x0000, 0x0000, 0x0000, 
  0x0000, 0x0000, 0x0000, 0x0000, 0x0000, 0x0000, 0x0000, 0x0000, 0x0000, 0x0000, 0x0000, 0x0000, 
  0x0000, 0x0000, 0x0000, 0x0000, 0x0000, 0x0000, 0x0000, 0x0000, 0x0000, 0x0000, 0x0000, 0x0000, 
  0x0000, 0x0000, 0x0000, 0x0000, 0x0000, 0x0000, 0x0000, 0x0000, 0x0000, 0x0000, 0x0000, 0x0000, 
  0x0000, 0x0000, 0x0000, 0x0000, 0x0000, 0x0000, 0x0000, 0x0000, 0x0000, 0x0000, 0x0000, 0x0000, 
  0x0000, 0x0000, 0x0000, 0x0000, 0x0000, 0x0000, 0x0000, 0x0000, 0x0000, 0x0000, 0x0000, 0x0000, 
  0x0000, 0x0000, 0x0000, 0x0000, 0x0000, 0x0000, 0x0000, 0x0000, 0x0000, 0x0000, 0x0000, 0x0000, 
  0x0000, 0x0000, 0x0000, 0x0000, 0x0000, 0x0000, 0x0000, 0x0000, 0x0000, 0x0000, 0x0000, 0x0000, 
  0x0000, 0x0000, 0x0000, 0x0000, 0x0000, 0x0000, 0x0000, 0x0000, 0x0000, 0x0000, 0x0000, 0x0000, 
  0x0000, 0x0000, 0x0000, 0x0000, 0x0000, 0x0000, 0x0000, 0x0000, 0x0000, 0x0000, 0x0000, 0x0000, 
  0x0000, 0x0000, 0x0000, 0x0000, 0x0000, 0x0000, 0x0000, 0x0000, 0x0000, 0x0000, 0x0000, 0x0000, 
  0x0000, 0x0000, 0x0000, 0x0000, 0x0000, 0x0000, 0x0000, 0x0000, 0x0000, 0x0000, 0x0000, 0x0000, 
  0x0000, 0x0000, 0x0000, 0x0000, 0x0000, 0x0000, 0x0000, 0x0000, 0x0000, 0x0000, 0x0000, 0x0000, 
  0x0000, 0x0000, 0x0000, 0x0000, 0x0000, 0x0000, 0x0000, 0x0000, 0x0000, 0x0000, 0x0000, 0x0000, 
  0x0000, 0x0000, 0x0000, 0x0000, 0x0000, 0x0000, 0x0000, 0x0000, 0x0000, 0x0000, 0x0000, 0x0000, 
  0x0000, 0x0000, 0x0000, 0x0000, 0x0000, 0x0000, 0x0000, 0x0000, 0x0000, 0x0000, 0xBE5A, 0xBE5A, 
  0xBE5A, 0xBE5A, 0xBE5A, 0x0000, 0x0000, 0x0000, 0x0000, 0x0000, 0x0000, 0x0000, 0x0000, 0x0000, 
  0x0000, 0x0000, 0x0000, 0x0000, 0x0000, 0x0000, 0x0000, 0x0000, 0x0000, 0x0000, 0x0000, 0x0000, 
  0x0000, 0x0000, 0x0000, 0x0000, 0x0000, 0x0000, 0x0000, 0x0000, 0x0000, 0x0000, 0x0000, 0x0000, 
  0x0000, 0x0000, 0x0000, 0x0000, 0x0000, 0x0000, 0x0000, 0x0000, 0xBE5A, 0xBE5A, 0xBE5A, 0xBE5A, 
  0xBE5A, 0xBE5A, 0xBE5A, 0xBE5A, 0xBE5A, 0x0000, 0x0000, 0x0000, 0x0000, 0x0000, 0x0000, 0x0000, 
  0x0000, 0x0000, 0x0000, 0x0000, 0x0000, 0x0000, 0x0000, 0x0000, 0x0000, 0x0000, 0x0000, 0x0000, 
  0x0000, 0x0000, 0x0000, 0x0000, 0x0000, 0x0000, 0x0000, 0x0000, 0x0000, 0x0000, 0x0000, 0x0000, 
  0x0000, 0x0000, 0xBE5A, 0xBE5A, 0xBE5A, 0xBE5A, 0xBE5A, 0xBE5A, 0xBE5A, 0xBE5A, 0xBE5A, 0xBE5A, 
  0xBE5A, 0xBE5A, 0xBE5A, 0xBE5A, 0xBE5A, 0xBE5A, 0xBE5A, 0xBE5A, 0xBE5A, 0xBE5A, 0xBE5A, 0x0000, 
  0x0000, 0x0000, 0x0000, 0x0000, 0x0000, 0x0000, 0x0000, 0x0000, 0x0000, 0x0000, 0x0000, 0x0000, 
  0x0000, 0x0000, 0x0000, 0x0000, 0x0000, 0x0000, 0x0000, 0x0000, 0x0000, 0x0000, 0x0000, 0x0000, 
  0xBE5A, 0xBE5A, 0xBE5A, 0xBE5A, 0xBE5A, 0xBE5A, 0xBE5A, 0xBE5A, 0xBE5A, 0xBE5A, 0xBE5A, 0xBE5A, 
  0xBE5A, 0xBE5A, 0xBE5A, 0xBE5A, 0xBE5A, 0xBE5A, 0xBE5A, 0xBE5A, 0xBE5A, 0xBE5A, 0xBE5A, 0xBE5A, 
  0xBE5A, 0x0000, 0x0000, 0x0000, 0x0000, 0x0000, 0x0000, 0x0000, 0x0000, 0x0000, 0x0000, 0x0000, 
  0x0000, 0x0000, 0x0000, 0x0000, 0x0000, 0x0000, 0x0000, 0x0000, 0x0000, 0x0000, 0x0000, 0xBE5A, 
  0xBE5A, 0xBE5A, 0xBE5A, 0xBE5A, 0xBE5A, 0xBE5A, 0xBE5A, 0xBE5A, 0xBE5A, 0xBE5A, 0xBE5A, 0xBE5A, 
  0xBE5A, 0xBE5A, 0xBE5A, 0xBE5A, 0xBE5A, 0xBE5A, 0xBE5A, 0xBE5A, 0xBE5A, 0xBE5A, 0xBE5A, 0xBE5A, 
  0xBE5A, 0xBE5A, 0x0000, 0x0000, 0x0000, 0x0000, 0x0000, 0x0000, 0x0000, 0x0000, 0x0000, 0x0000, 
  0x0000, 0x0000, 0x0000, 0x0000, 0x0000, 0x0000, 0x0000, 0x0000, 0x0000, 0x0000, 0xBE5A, 0xBE5A, 
  0xBE5A, 0xBE5A, 0xBE5A, 0xBE5A, 0xBE5A, 0xBE5A, 0xBE5A, 0xBE5A, 0xBE5A, 0xBE5A, 0xBE5A, 0xBE5A, 
  0xBE5A, 0xBE5A, 0xBE5A, 0xBE5A, 0xBE5A, 0xBE5A, 0xBE5A, 0xBE5A, 0xBE5A, 0xBE5A, 0xBE5A, 0xBE5A, 
  0xBE5A, 0xBE5A, 0xBE5A, 0x0000, 0x0000, 0x0000, 0x0000, 0x0000, 0x0000, 0x0000, 0x0000, 0x0000, 
  0x0000, 0x0000, 0x0000, 0x0000, 0x0000, 0x0000, 0x0000, 0x0000, 0x0000, 0xBE5A, 0xBE5A, 0xBE5A, 
  0xBE5A, 0xBE5A, 0xBE5A, 0xBE5A, 0xBE5A, 0xBE5A, 0xBE5A, 0xBE5A, 0xBE5A, 0xBE5A, 0xBE5A, 0xBE5A, 
  0xBE5A, 0xBE5A, 0xBE5A, 0xBE5A, 0xBE5A, 0xBE5A, 0xBE5A, 0xBE5A, 0xBE5A, 0xBE5A, 0xBE5A, 0xBE5A, 
  0xBE5A, 0xBE5A, 0xBE5A, 0xBE5A, 0x0000, 0x0000, 0x0000, 0x0000, 0x0000, 0x0000, 0x0000, 0x0000, 
  0x0000, 0x0000, 0x0000, 0x0000, 0x0000, 0x0000, 0x0000, 0x0000, 0x0000, 0xBE5A, 0xBE5A, 0xBE5A, 
  0xBE5A, 0xBE5A, 0xBE5A, 0xBE5A, 0xBE5A, 0xBE5A, 0xBE5A, 0xBE5A, 0xBE5A, 0xBE5A, 0xBE5A, 0xBE5A, 
  0xBE5A, 0xBE5A, 0xBE5A, 0xBE5A, 0xBE5A, 0xBE5A, 0xBE5A, 0xBE5A, 0xBE5A, 0xBE5A, 0xBE5A, 0xBE5A, 
  0xBE5A, 0xBE5A, 0xBE5A, 0xBE5A, 0x0000, 0x0000, 0x0000, 0x0000, 0x0000, 0x0000, 0x0000, 0x0000, 
  0x0000, 0x0000, 0x0000, 0x0000, 0x0000, 0x0000, 0x0000, 0x0000, 0xBE5A, 0xBE5A, 0xBE5A, 0xBE5A, 
  0xBE5A, 0xBE5A, 0xBE5A, 0xBE5A, 0xBE5A, 0xBE5A, 0xBE5A, 0xBE5A, 0xBE5A, 0xBE5A, 0xBE5A, 0xBE5A, 
  0xBE5A, 0xBE5A, 0xBE5A, 0xBE5A, 0xBE5A, 0xBE5A, 0xBE5A, 0xBE5A, 0xBE5A, 0xBE5A, 0xBE5A, 0xBE5A, 
  0xBE5A, 0xBE5A, 0xBE5A, 0xBE5A, 0xBE5A, 0x0000, 0x0000, 0x0000, 0x0000, 0x0000, 0x0000, 0x0000, 
  0x0000, 0x0000, 0x0000, 0x0000, 0x0000, 0x0000, 0x0000, 0x0000, 0xBE5A, 0xBE5A, 0xBE5A, 0xBE5A, 
  0xBE5A, 0xBE5A, 0xBE5A, 0xBE5A, 0xBE5A, 0xBE5A, 0xBE5A, 0xBE5A, 0xBE5A, 0xBE5A, 0xBE5A, 0xBE5A, 
  0xBE5A, 0xBE5A, 0xBE5A, 0xBE5A, 0xBE5A, 0xBE5A, 0xBE5A, 0xBE5A, 0xBE5A, 0xBE5A, 0xBE5A, 0xBE5A, 
  0xBE5A, 0xBE5A, 0xBE5A, 0xBE5A, 0xBE5A, 0x0000, 0x0000, 0x0000, 0x0000, 0x0000, 0x0000, 0x0000, 
  0x0000, 0x0000, 0x0000, 0x0000, 0x0000, 0x0000, 0x0000, 0x0000, 0xBE5A, 0xBE5A, 0xBE5A, 0xBE5A, 
  0xBE5A, 0xBE5A, 0xBE5A, 0xBE5A, 0xBE5A, 0xBE5A, 0xBE5A, 0xBE5A, 0xBE5A, 0xBE5A, 0xBE5A, 0xBE5A, 
  0xBE5A, 0xBE5A, 0xBE5A, 0xBE5A, 0xBE5A, 0xBE5A, 0xBE5A, 0xBE5A, 0xBE5A, 0xBE5A, 0xBE5A, 0xBE5A, 
  0xBE5A, 0xBE5A, 0xBE5A, 0xBE5A, 0xBE5A, 0x0000, 0x0000, 0x0000, 0x0000, 0x0000, 0x0000, 0x0000, 
  0x0000, 0x0000, 0x0000, 0x0000, 0x0000, 0x0000, 0x0000, 0x0000, 0xBE5A, 0xBE5A, 0xBE5A, 0xBE5A, 
  0xBE5A, 0xBE5A, 0xBE5A, 0xBE5A, 0xBE5A, 0xBE5A, 0xBE5A, 0xBE5A, 0xBE5A, 0xBE5A, 0xBE5A, 0xBE5A, 
  0xBE5A, 0xBE5A, 0xBE5A, 0xBE5A, 0xBE5A, 0xBE5A, 0xBE5A, 0xBE5A, 0xBE5A, 0xBE5A, 0xBE5A, 0xBE5A, 
  0xBE5A, 0xBE5A, 0xBE5A, 0xBE5A, 0xBE5A, 0x0000, 0x0000, 0x0000, 0x0000, 0x0000, 0x0000, 0x0000, 
  0x0000, 0x0000, 0x0000, 0x0000, 0x0000, 0x0000, 0x0000, 0x0000, 0xBE5A, 0xBE5A, 0xBE5A, 0xBE5A, 
  0xBE5A, 0xBE5A, 0xBE5A, 0xBE5A, 0xBE5A, 0xBE5A, 0xBE5A, 0xBE5A, 0xBE5A, 0xBE5A, 0xBE5A, 0xBE5A, 
  0xBE5A, 0xBE5A, 0xBE5A, 0xBE5A, 0xBE5A, 0xBE5A, 0xBE5A, 0xBE5A, 0xBE5A, 0xBE5A, 0xBE5A, 0xBE5A, 
  0xBE5A, 0xBE5A, 0xBE5A, 0xBE5A, 0xBE5A, 0x0000, 0x0000, 0x0000, 0x0000, 0x0000, 0x0000, 0x0000, 
  0x0000, 0x0000, 0x0000, 0x0000, 0x0000, 0x0000, 0x0000, 0x0000, 0x0000, 0xBE5A, 0xBE5A, 0xBE5A, 
  0xBE5A, 0xBE5A, 0xBE5A, 0xBE5A, 0xBE5A, 0xBE5A, 0xBE5A, 0xBE5A, 0xBE5A, 0xBE5A, 0xBE5A, 0xBE5A, 
  0xBE5A, 0xBE5A, 0xBE5A, 0xBE5A, 0xBE5A, 0xBE5A, 0xBE5A, 0xBE5A, 0xBE5A, 0xBE5A, 0xBE5A, 0xBE5A, 
  0xBE5A, 0xBE5A, 0xBE5A, 0xBE5A, 0x0000, 0x0000, 0x0000, 0x0000, 0x0000, 0x0000, 0x0000, 0x0000, 
  0x0000, 0x0000, 0x0000, 0x0000, 0x0000, 0x0000, 0x0000, 0x0000, 0x0000, 0xBE5A, 0xBE5A, 0xBE5A, 
  0xBE5A, 0xBE5A, 0xBE5A, 0xBE5A, 0xBE5A, 0xBE5A, 0xBE5A, 0xBE5A, 0xBE5A, 0xBE5A, 0xBE5A, 0xBE5A, 
  0xBE5A, 0xBE5A, 0xBE5A, 0xBE5A, 0xBE5A, 0xBE5A, 0xBE5A, 0xBE5A, 0xBE5A, 0xBE5A, 0xBE5A, 0xBE5A, 
  0xBE5A, 0xBE5A, 0xBE5A, 0xBE5A, 0x0000, 0x0000, 0x0000, 0x0000, 0x0000, 0x0000, 0x0000, 0x0000, 
  0x0000, 0x0000, 0x0000, 0x0000, 0x0000, 0x0000, 0x0000, 0x0000, 0x0000, 0x0000, 0xBE5A, 0xBE5A, 
  0xBE5A, 0xBE5A, 0xBE5A, 0xBE5A, 0xBE5A, 0xBE5A, 0xBE5A, 0xBE5A, 0xBE5A, 0xBE5A, 0xBE5A, 0xBE5A, 
  0xBE5A, 0xBE5A, 0xBE5A, 0xBE5A, 0xBE5A, 0xBE5A, 0xBE5A, 0xBE5A, 0xBE5A, 0xBE5A, 0xBE5A, 0xBE5A, 
  0xBE5A, 0xBE5A, 0xBE5A, 0x0000, 0x0000, 0x0000, 0x0000, 0x0000, 0x0000, 0x0000, 0x0000, 0x0000, 
  0x0000, 0x0000, 0x0000, 0x0000, 0x0000, 0x0000, 0x0000, 0xADB7, 0xADB7, 0xADB7, 0xADB7, 0xADB7, 
  0xADB7, 0xADB7, 0xADB7, 0xADB7, 0xADB7, 0xADB7, 0xADB7, 0xADB7, 0xADB7, 0xADB7, 0xADB7, 0xADB7, 
  0xADB7, 0xADB7, 0xADB7, 0xADB7, 0xADB7, 0xADB7, 0xADB7, 0xADB7, 0xADB7, 0xADB7, 0xADB7, 0xADB7, 
  0xADB7, 0xADB7, 0xADB7, 0xADB7, 0xADB7, 0xADB7, 0x0000, 0x0000, 0x0000, 0x0000, 0x0000, 0x0000, 
  0x0000, 0x0000, 0x0000, 0x0000, 0x0000, 0x0000, 0xADB7, 0xADB7, 0xADB7, 0xADB7, 0xADB7, 0xADB7, 
  0xADB7, 0xADB7, 0xADB7, 0xADB7, 0xADB7, 0xADB7, 0xADB7, 0xADB7, 0xADB7, 0xADB7, 0xADB7, 0xADB7, 
  0xADB7, 0xADB7, 0xADB7, 0xADB7, 0xADB7, 0xADB7, 0xADB7, 0xADB7, 0xADB7, 0xADB7, 0xADB7, 0xADB7, 
  0xADB7, 0xADB7, 0xADB7, 0xADB7, 0xADB7, 0xADB7, 0xADB7, 0x0000, 0x0000, 0x0000, 0x0000, 0x0000, 
  0x0000, 0x0000, 0x0000, 0x0000, 0x0000, 0x0000, 0xADB7, 0xADB7, 0xADB7, 0xADB7, 0xADB7, 0xADB7, 
  0xADB7, 0xADB7, 0xADB7, 0xADB7, 0xADB7, 0xADB7, 0xADB7, 0xADB7, 0xADB7, 0xADB7, 0xADB7, 0xADB7, 
  0xADB7, 0xADB7, 0xADB7, 0xADB7, 0xADB7, 0xADB7, 0xADB7, 0xADB7, 0xADB7, 0xADB7, 0xADB7, 0xADB7, 
  0xADB7, 0xADB7, 0xADB7, 0xADB7, 0xADB7, 0xADB7, 0xADB7, 0x0000, 0x0000, 0x0000, 0x0000, 0x0000, 
  0x0000, 0x0000, 0x0000, 0x0000, 0x0000, 0x0000, 0x0000, 0xADB7, 0xADB7, 0xADB7, 0xADB7, 0xADB7, 
  0xADB7, 0xADB7, 0xADB7, 0xADB7, 0xADB7, 0xADB7, 0xADB7, 0xADB7, 0xADB7, 0xADB7, 0xADB7, 0xADB7, 
  0xADB7, 0xADB7, 0xADB7, 0xADB7, 0xADB7, 0xADB7, 0xADB7, 0xADB7, 0xADB7, 0xADB7, 0xADB7, 0xADB7, 
  0xADB7, 0xADB7, 0xADB7, 0xADB7, 0xADB7, 0xADB7, 0x0000, 0x0000, 0x0000, 0x0000, 0x0000, 0x0000, 
  0x0000, 0x0000, 0x0000, 0x0000, 0x0000, 0x0000, 0x0000, 0x0000, 0x0000, 0x0000, 0x0000, 0x0000, 
  0x0000, 0x0000, 0x0000, 0x0000, 0x0000, 0x0000, 0x0000, 0x0000, 0x0000, 0x0000, 0x0000, 0x0000, 
  0x0000, 0x0000, 0x0000, 0x0000, 0x0000, 0x0000, 0x0000, 0x0000, 0x0000, 0x0000, 0x0000, 0x0000, 
  0x0000, 0x0000, 0x0000, 0x0000, 0x0000, 0x0000, 0x0000, 0x0000, 0x0000, 0x0000, 0x0000, 0x0000, 
  0x0000, 0x0000, 0x0000, 0x0000, 0x0000, 0x0000, 0x0000, 0xADB7, 0xADB7, 0xADB7, 0xADB7, 0xADB7, 
  0xADB7, 0xADB7, 0xADB7, 0xADB7, 0xADB7, 0xADB7, 0xADB7, 0xADB7, 0xADB7, 0xADB7, 0xADB7, 0xADB7, 
  0xADB7, 0xADB7, 0xADB7, 0xADB7, 0xADB7, 0xADB7, 0xADB7, 0xADB7, 0xADB7, 0xADB7, 0xADB7, 0xADB7, 
  0xADB7, 0xADB7, 0xADB7, 0xADB7, 0xADB7, 0xADB7, 0x0000, 0x0000, 0x0000, 0x0000, 0x0000, 0x0000, 
  0x0000, 0x0000, 0x0000, 0x0000, 0x0000, 0x0000, 0xADB7, 0xADB7, 0xADB7, 0xADB7, 0xADB7, 0xADB7, 
  0xADB7, 0xADB7, 0xADB7, 0xADB7, 0xADB7, 0xADB7, 0xADB7, 0xADB7, 0xADB7, 0xADB7, 0xADB7, 0xADB7, 
  0xADB7, 0xADB7, 0xADB7, 0xADB7, 0xADB7, 0xADB7, 0xADB7, 0xADB7, 0xADB7, 0xADB7, 0xADB7, 0xADB7, 
  0xADB7, 0xADB7, 0xADB7, 0xADB7, 0xADB7, 0xADB7, 0xADB7, 0x0000, 0x0000, 0x0000, 0x0000, 0x0000, 
  0x0000, 0x0000, 0x0000, 0x0000, 0x0000, 0x0000, 0xADB7, 0xADB7, 0xADB7, 0xADB7, 0xADB7, 0xADB7, 
  0xADB7, 0xADB7, 0xADB7, 0xADB7, 0xADB7, 0xADB7, 0xADB7, 0xADB7, 0xADB7, 0xADB7, 0xADB7, 0xADB7, 
  0xADB7, 0xADB7, 0xADB7, 0xADB7, 0xADB7, 0xADB7, 0xADB7, 0xADB7, 0xADB7, 0xADB7, 0xADB7, 0xADB7, 
  0xADB7, 0xADB7, 0xADB7, 0xADB7, 0xADB7, 0xADB7, 0xADB7, 0x0000, 0x0000, 0x0000, 0x0000, 0x0000, 
  0x0000, 0x0000, 0x0000, 0x0000, 0x0000, 0x0000, 0x0000, 0xADB7, 0xADB7, 0xADB7, 0xADB7, 0xADB7, 
  0xADB7, 0xADB7, 0xADB7, 0xADB7, 0xADB7, 0xADB7, 0xADB7, 0xADB7, 0xADB7, 0xADB7, 0xADB7, 0xADB7, 
  0xADB7, 0xADB7, 0xADB7, 0xADB7, 0xADB7, 0xADB7, 0xADB7, 0xADB7, 0xADB7, 0xADB7, 0xADB7, 0xADB7, 
  0xADB7, 0xADB7, 0xADB7, 0xADB7, 0xADB7, 0xADB7, 0x0000, 0x0000, 0x0000, 0x0000, 0x0000, 0x0000, 
  0x0000, 0x0000, 0x0000, 0x0000, 0x0000, 0x0000, 0x0000, 0x0000, 0x0000, 0x0000, 0x0000, 0x0000, 
  0x0000, 0x0000, 0x0000, 0x0000, 0x0000, 0x0000, 0x0000, 0x0000, 0x0000, 0x0000, 0x0000, 0x0000, 
  0x0000, 0x0000, 0x0000, 0x0000, 0x0000, 0x0000, 0x0000, 0x0000, 0x0000, 0x0000, 0x0000, 0x0000, 
  0x0000, 0x0000, 0x0000, 0x0000, 0x0000, 0x0000, 0x0000, 0x0000, 0x0000, 0x0000, 0x0000, 0x0000, 
  0x0000, 0x0000, 0x0000, 0x0000, 0x0000, 0x0000, 0x0000, 0xADB7, 0xADB7, 0xADB7, 0xADB7, 0xADB7, 
  0xADB7, 0xADB7, 0xADB7, 0xADB7, 0xADB7, 0xADB7, 0xADB7, 0xADB7, 0xADB7, 0xADB7, 0xADB7, 0xADB7, 
  0xADB7, 0xADB7, 0xADB7, 0xADB7, 0xADB7, 0xADB7, 0xADB7, 0xADB7, 0xADB7, 0xADB7, 0xADB7, 0xADB7, 
  0xADB7, 0xADB7, 0xADB7, 0xADB7, 0xADB7, 0xADB7, 0x0000, 0x0000, 0x0000, 0x0000, 0x0000, 0x0000, 
  0x0000, 0x0000, 0x0000, 0x0000, 0x0000, 0x0000, 0xADB7, 0xADB7, 0xADB7, 0xADB7, 0xADB7, 0xADB7, 
  0xADB7, 0xADB7, 0xADB7, 0xADB7, 0xADB7, 0xADB7, 0xADB7, 0xADB7, 0xADB7, 0xADB7, 0xADB7, 0xADB7, 
  0xADB7, 0xADB7, 0xADB7, 0xADB7, 0xADB7, 0xADB7, 0xADB7, 0xADB7, 0xADB7, 0xADB7, 0xADB7, 0xADB7, 
  0xADB7, 0xADB7, 0xADB7, 0xADB7, 0xADB7, 0xADB7, 0xADB7, 0x0000, 0x0000, 0x0000, 0x0000, 0x0000, 
  0x0000, 0x0000, 0x0000, 0x0000, 0x0000, 0x0000, 0xADB7, 0xADB7, 0xADB7, 0xADB7, 0xADB7, 0xADB7, 
  0xADB7, 0xADB7, 0xADB7, 0xADB7, 0xADB7, 0xADB7, 0xADB7, 0xADB7, 0xADB7, 0xADB7, 0xADB7, 0xADB7, 
  0xADB7, 0xADB7, 0xADB7, 0xADB7, 0xADB7, 0xADB7, 0xADB7, 0xADB7, 0xADB7, 0xADB7, 0xADB7, 0xADB7, 
  0xADB7, 0xADB7, 0xADB7, 0xADB7, 0xADB7, 0xADB7, 0xADB7, 0x0000, 0x0000, 0x0000, 0x0000, 0x0000, 
  0x0000, 0x0000, 0x0000, 0x0000, 0x0000, 0x0000, 0x0000, 0xADB7, 0xADB7, 0xADB7, 0xADB7, 0xADB7, 
  0xADB7, 0xADB7, 0xADB7, 0xADB7, 0xADB7, 0xADB7, 0xADB7, 0xADB7, 0xADB7, 0xADB7, 0xADB7, 0xADB7, 
  0xADB7, 0xADB7, 0xADB7, 0xADB7, 0xADB7, 0xADB7, 0xADB7, 0xADB7, 0xADB7, 0xADB7, 0xADB7, 0xADB7, 
  0xADB7, 0xADB7, 0xADB7, 0xADB7, 0xADB7, 0xADB7, 0x0000, 0x0000, 0x0000, 0x0000, 0x0000, 0x0000, 
  0x0000, 0x0000, 0x0000, 0x0000, 0x0000, 0x0000, 0x0000, 0x0000, 0x0000, 0x0000, 0x0000, 0x0000, 
  0x0000, 0x0000, 0x0000, 0x0000, 0x0000, 0x0000, 0x0000, 0x0000, 0x0000, 0x0000, 0x0000, 0x0000, 
  0x0000, 0x0000, 0x0000, 0x0000, 0x0000, 0x0000, 0x0000, 0x0000, 0x0000, 0x0000, 0x0000, 0x0000, 
  0x0000, 0x0000, 0x0000, 0x0000, 0x0000, 0x0000, 0x0000, 0x0000, 0x0000, 0x0000, 0x0000, 0x0000, 
  0x0000, 0x0000, 0x0000, 0x0000, 0x0000, 0x0000, 0x0000, 0x0000, 0x0000, 0x0000, 0x0000, 0x0000, 
  0x0000, 0x0000, 0x0000, 0x0000, 0x0000, 0x0000, 0x0000, 0x0000, 0x0000, 0x0000, 0x0000, 0x0000, 
  0x0000, 0x0000, 0x0000, 0x0000, 0x0000, 0x0000, 0x0000, 0x0000, 0x0000, 0x0000, 0x0000, 0x0000, 
  0x0000, 0x0000, 0x0000, 0x0000, 0x0000, 0x0000, 0x0000, 0x0000, 0x0000, 0x0000, 0x0000, 0x0000, 
  0x0000, 0x0000, 0x0000, 0x0000, 0x0000, 0x0000, 0x0000, 0x0000, 0x0000, 0x0000, 0x0000, 0x0000, 
  0x0000, 0x0000, 0x0000, 0x0000, 0x0000, 0x0000, 0x0000, 0x0000, 0x0000, 0x0000, 0x0000, 0x0000, 
  0x0000, 0x0000, 0x0000, 0x0000, 0x0000, 0x0000, 0x0000, 0x0000, 0x0000, 0x0000, 0x0000, 0x0000, 
  0x0000, 0x0000, 0x0000, 0x0000, 0x0000, 0x0000, 0x0000, 0x0000, 0x0000, 0x0000, 0x0000, 0x0000, 
  0x0000, 0x0000, 0x0000, 0x0000, 0x0000, 0x0000, 0x0000, 0x0000, 0x0000, 0x0000, 0x0000, 0x0000, 
  0x0000, 0x0000, 0x0000, 0x0000, 0x0000, 0x0000, 0x0000, 0x0000, 0x0000, 0x0000, 0x0000, 0x0000, 
  0x0000, 0x0000, 0x0000, 0x0000, 0x0000, 0x0000, 0x0000, 0x0000, 0x0000, 0x0000, 0x0000, 0x0000, 
  0x0000, 0x0000, 0x0000, 0x0000, 0x0000, 0x0000, 0x0000, 0x0000, 0x0000, 0x0000, 0x0000, 0x0000
};

// 7 - Unknown
const uint16_t PROGMEM WEATHER48_ICON_7[WEATHER48_W*WEATHER48_H] = {
  0x0000, 0x0000, 0x0000, 0x0000, 0x0000, 0x0000, 0x0000, 0x0000, 0x0000, 0x0000, 0x0000, 0x0000, 
  0x0000, 0x0000, 0x0000, 0x0000, 0x0000, 0x0000, 0x0000, 0x0000, 0x0000, 0x0000, 0x0000, 0x0000, 
  0x0000, 0x0000, 0x0000, 0x0000, 0x0000, 0x0000, 0x0000, 0x0000, 0x0000, 0x0000, 0x0000, 0x0000, 
  0x0000, 0x0000, 0x0000, 0x0000, 0x0000, 0x0000, 0x0000, 0x0000, 0x0000, 0x0000, 0x0000, 0x0000, 
  0x0000, 0x0000, 0x0000, 0x0000, 0x0000, 0x0000, 0x0000, 0x0000, 0x0000, 0x0000, 0x0000, 0x0000, 
  0x0000, 0x0000, 0x0000, 0x0000, 0x0000, 0x0000, 0x0000, 0x0000, 0x0000, 0x0000, 0x0000, 0x0000, 
  0x0000, 0x0000, 0x0000, 0x0000, 0x0000, 0x0000, 0x0000, 0x0000, 0x0000, 0x0000, 0x0000, 0x0000, 
  0x0000, 0x0000, 0x0000, 0x0000, 0x0000, 0x0000, 0x0000, 0x0000, 0x0000, 0x0000, 0x0000, 0x0000, 
  0x0000, 0x0000, 0x0000, 0x0000, 0x0000, 0x0000, 0x0000, 0x0000, 0x0000, 0x0000, 0x0000, 0x0000, 
  0x0000, 0x0000, 0x0000, 0x0000, 0x0000, 0x0000, 0x0000, 0x0000, 0x0000, 0x0000, 0x0000, 0x0000, 
  0x0000, 0x0000, 0x0000, 0x0000, 0x0000, 0x0000, 0x0000, 0x0000, 0x0000, 0x0000, 0x0000, 0x0000, 
  0x0000, 0x0000, 0x0000, 0x0000, 0x0000, 0x0000, 0x0000, 0x0000, 0x0000, 0x0000, 0x0000, 0x0000, 
  0x0000, 0x0000, 0x0000, 0x0000, 0x0000, 0x0000, 0x0000, 0x0000, 0x0000, 0x0000, 0x0000, 0x0000, 
  0x0000, 0x0000, 0x0000, 0x0000, 0x0000, 0x0000, 0x0000, 0x0000, 0x0000, 0x0000, 0x0000, 0x0000, 
  0x0000, 0x0000, 0x0000, 0x0000, 0x0000, 0x0000, 0x0000, 0x0000, 0x0000, 0x0000, 0x0000, 0x0000, 
  0x0000, 0x0000, 0x0000, 0x0000, 0x0000, 0x0000, 0x0000, 0x0000, 0x0000, 0x0000, 0x0000, 0x0000, 
  0x0000, 0x0000, 0x0000, 0x0000, 0x0000, 0x0000, 0x0000, 0x0000, 0x0000, 0x0000, 0x0000, 0x0000, 
  0x0000, 0x0000, 0x0000, 0x0000, 0x0000, 0x0000, 0x0000, 0x0000, 0x0000, 0x0000, 0x0000, 0x0000, 
  0x0000, 0x0000, 0x0000, 0x0000, 0x0000, 0x0000, 0x0000, 0x0000, 0x0000, 0x0000, 0x0000, 0x0000, 
  0x0000, 0x0000, 0x0000, 0x0000, 0x0000, 0x0000, 0x0000, 0x0000, 0x0000, 0x0000, 0x0000, 0x0000, 
  0x0000, 0x0000, 0x0000, 0x0000, 0x0000, 0x0000, 0x0000, 0x0000, 0x0000, 0x0000, 0x0000, 0x0000, 
  0x0000, 0x0000, 0x0000, 0x0000, 0x0000, 0x0000, 0x0000, 0x0000, 0x0000, 0x0000, 0x0000, 0x0000, 
  0x0000, 0x0000, 0x0000, 0x0000, 0x0000, 0x0000, 0x0000, 0x0000, 0x0000, 0x0000, 0x0000, 0x0000, 
  0x0000, 0x0000, 0x0000, 0x0000, 0x0000, 0x0000, 0x0000, 0x0000, 0x0000, 0x0000, 0x0000, 0x0000, 
  0x0000, 0x0000, 0x0000, 0x0000, 0x0000, 0x0000, 0x0000, 0x0000, 0x0000, 0x0000, 0x0000, 0x0000, 
  0x0000, 0x0000, 0x0000, 0x0000, 0x0000, 0x0000, 0x0000, 0x0000, 0x0000, 0x0000, 0x0000, 0x0000, 
  0x0000, 0x0000, 0x0000, 0x0000, 0x0000, 0x0000, 0x0000, 0x0000, 0x0000, 0x0000, 0x0000, 0x0000, 
  0x0000, 0x0000, 0x0000, 0x0000, 0x0000, 0x0000, 0x0000, 0x0000, 0x0000, 0x0000, 0x0000, 0x0000, 
  0x0000, 0x0000, 0x0000, 0x0000, 0x0000, 0x0000, 0x0000, 0x0000, 0x0000, 0x0000, 0x0000, 0x0000, 
  0x0000, 0x0000, 0x0000, 0x0000, 0x0000, 0x0000, 0x0000, 0x0000, 0x0000, 0x0000, 0x0000, 0x0000, 
  0x0000, 0x0000, 0x0000, 0x0000, 0x0000, 0x0000, 0x0000, 0x0000, 0x0000, 0x0000, 0x0000, 0x0000, 
  0x0000, 0x0000, 0x0000, 0x0000, 0x0000, 0x0000, 0x0000, 0x0000, 0x0000, 0x0000, 0x0000, 0x0000, 
  0x0000, 0x0000, 0x0000, 0x0000, 0x0000, 0x0000, 0x0000, 0x0000, 0x0000, 0x0000, 0x0000, 0x0000, 
  0x0000, 0x0000, 0x0000, 0x0000, 0x0000, 0x0000, 0x0000, 0x0000, 0x0000, 0x0000, 0x0000, 0x0000, 
  0x0000, 0x0000, 0x0000, 0x0000, 0x0000, 0x0000, 0x0000, 0x0000, 0x0000, 0x0000, 0x0000, 0x0000, 
  0x0000, 0x0000, 0x0000, 0x0000, 0x0000, 0x0000, 0x0000, 0x0000, 0x0000, 0x0000, 0x0000, 0x0000, 
  0x0000, 0x0000, 0x0000, 0x0000, 0x0000, 0x0000, 0x0000, 0x0000, 0x0000, 0x0000, 0x0000, 0x0000, 
  0x0000, 0x0000, 0x0000, 0x0000, 0x0000, 0x0000, 0x0000, 0x0000, 0x0000, 0x0000, 0x0000, 0x0000, 
  0x0000, 0x0000, 0x0000, 0x0000, 0x0000, 0x0000, 0x0000, 0x0000, 0x0000, 0x0000, 0x0000, 0x0000, 
  0x0000, 0x0000, 0x0000, 0x0000, 0x0000, 0x0000, 0x0000, 0x0000, 0x0000, 0x0000, 0x0000, 0x0000, 
  0x0000, 0x0000, 0x0000, 0x0000, 0x0000, 0x0000, 0x0000, 0x0000, 0x0000, 0x0000, 0x0000, 0x0000, 
  0x0000, 0x0000, 0x0000, 0x0000, 0x0000, 0x0000, 0x0000, 0x0000, 0x0000, 0x0000, 0x0000, 0x0000, 
  0x0000, 0x0000, 0x0000, 0x0000, 0x0000, 0x0000, 0x0000, 0x0000, 0x0000, 0x0000, 0x0000, 0x0000, 
  0x0000, 0x0000, 0x0000, 0x0000, 0x0000, 0x0000, 0x0000, 0x0000, 0x0000, 0x0000, 0x0000, 0x0000, 
  0x0000, 0x0000, 0x0000, 0x0000, 0x0000, 0x0000, 0x0000, 0x0000, 0x0000, 0x0000, 0x0000, 0x0000, 
  0x0000, 0x0000, 0x0000, 0x0000, 0x0000, 0x0000, 0x0000, 0x0000, 0x0000, 0x0000, 0x0000, 0x0000, 
  0x0000, 0x0000, 0x0000, 0x0000, 0x0000, 0x0000, 0x0000, 0x0000, 0x0000, 0x0000, 0x0000, 0x0000, 
  0x0000, 0x0000, 0x0000, 0x0000, 0x0000, 0x0000, 0x0000, 0x0000, 0x0000, 0x0000, 0x0000, 0x0000, 
  0x0000, 0x0000, 0x0000, 0x0000, 0x0000, 0x0000, 0x0000, 0x0000, 0x0000, 0x0000, 0x0000, 0x0000, 
  0x0000, 0x0000, 0x0000, 0x0000, 0x0000, 0x0000, 0x0000, 0x0000, 0x0000, 0x0000, 0x0000, 0x0000, 
  0x0000, 0x0000, 0x0000, 0x0000, 0x0000, 0x0000, 0x0000, 0x0000, 0x0000, 0x0000, 0x0000, 0x0000, 
  0x0000, 0x0000, 0x0000, 0x0000, 0x0000, 0x0000, 0x0000, 0x0000, 0x0000, 0x0000, 0x0000, 0x0000, 
  0x0000, 0x0000, 0x0000, 0x0000, 0x0000, 0x0000, 0x0000, 0x0000, 0x0000, 0x0000, 0x0000, 0x0000, 
  0x0000, 0x0000, 0x0000, 0x0000, 0x0000, 0x0000, 0x0000, 0x0000, 0x0000, 0xFFFF, 0xFFFF, 0xFFFF, 
  0x0000, 0x0000, 0x0000, 0x0000, 0x0000, 0x0000, 0x0000, 0x0000, 0x0000, 0x0000, 0x0000, 0x0000, 
  0x0000, 0x0000, 0x0000, 0x0000, 0x0000, 0x0000, 0x0000, 0x0000, 0x0000, 0x0000, 0x0000, 0x0000, 
  0x0000, 0x0000, 0x0000, 0x0000, 0x0000, 0x0000, 0x0000, 0x0000, 0x0000, 0x0000, 0x0000, 0x0000, 
  0x0000, 0x0000, 0x0000, 0x0000, 0x0000, 0x0000, 0x0000, 0x0000, 0xFFFF, 0x0000, 0x0000, 0xFFFF, 
  0xFFFF, 0x0000, 0x0000, 0x0000, 0x0000, 0x0000, 0x0000, 0x0000, 0x0000, 0x0000, 0x0000, 0x0000, 
  0x0000, 0x0000, 0x0000, 0x0000, 0x0000, 0x0000, 0x0000, 0x0000, 0x0000, 0x0000, 0x0000, 0x0000, 
  0x0000, 0x0000, 0x0000, 0x0000, 0x0000, 0x0000, 0x0000, 0x0000, 0x0000, 0x0000, 0x0000, 0x0000, 
  0x0000, 0x0000, 0x0000, 0x0000, 0x0000, 0x0000, 0x0000, 0x0000, 0x0000, 0x0000, 0xFFFF, 0xFFFF, 
  0x0000, 0x0000, 0x0000, 0x0000, 0x0000, 0x0000, 0x0000, 0x0000, 0x0000, 0x0000, 0x0000, 0x0000, 
  0x0000, 0x0000, 0x0000, 0x0000, 0x0000, 0x0000, 0x0000, 0x0000, 0x0000, 0x0000, 0x0000, 0x0000, 
  0x0000, 0x0000, 0x0000, 0x0000, 0x0000, 0x0000, 0x0000, 0x0000, 0x0000, 0x0000, 0x0000, 0x0000, 
  0x0000, 0x0000, 0x0000, 0x0000, 0x0000, 0x0000, 0x0000, 0x0000, 0x0000, 0xFFFF, 0xFFFF, 0x0000, 
  0x0000, 0x0000, 0x0000, 0x0000, 0x0000, 0x0000, 0x0000, 0x0000, 0x0000, 0x0000, 0x0000, 0x0000, 
  0x0000, 0x0000, 0x0000, 0x0000, 0x0000, 0x0000, 0x0000, 0x0000, 0x0000, 0x0000, 0x0000, 0x0000, 
  0x0000, 0x0000, 0x0000, 0x0000, 0x0000, 0x0000, 0x0000, 0x0000, 0x0000, 0x0000, 0x0000, 0x0000, 
  0x0000, 0x0000, 0x0000, 0x0000, 0x0000, 0x0000, 0x0000, 0x0000, 0x0000, 0x0000, 0x0000, 0x0000, 
  0x0000, 0x0000, 0x0000, 0x0000, 0x0000, 0x0000, 0x0000, 0x0000, 0x0000, 0x0000, 0x0000, 0x0000, 
  0x0000, 0x0000, 0x0000, 0x0000, 0x0000, 0x0000, 0x0000, 0x0000, 0x0000, 0x0000, 0x0000, 0x0000, 
  0x0000, 0x0000, 0x0000, 0x0000, 0x0000, 0x0000, 0x0000, 0x0000, 0x0000, 0x0000, 0x0000, 0x0000, 
  0x0000, 0x0000, 0x0000, 0x0000, 0x0000, 0x0000, 0x0000, 0x0000, 0x0000, 0xFFFF, 0xFFFF, 0x0000, 
  0x0000, 0x0000, 0x0000, 0x0000, 0x0000, 0x0000, 0x0000, 0x0000, 0x0000, 0x0000, 0x0000, 0x0000, 
  0x0000, 0x0000, 0x0000, 0x0000, 0x0000, 0x0000, 0x0000, 0x0000, 0x0000, 0x0000, 0x0000, 0x0000, 
  0x0000, 0x0000, 0x0000, 0x0000, 0x0000, 0x0000, 0x0000, 0x0000, 0x0000, 0x0000, 0x0000, 0x0000, 
  0x0000, 0x0000, 0x0000, 0x0000, 0x0000, 0x0000, 0x0000, 0x0000, 0x0000, 0x0000, 0x0000, 0x0000, 
  0x0000, 0x0000, 0x0000, 0x0000, 0x0000, 0x0000, 0x0000, 0x0000, 0x0000, 0x0000, 0x0000, 0x0000, 
  0x0000, 0x0000, 0x0000, 0x0000, 0x0000, 0x0000, 0x0000, 0x0000, 0x0000, 0x0000, 0x0000, 0x0000, 
  0x0000, 0x0000, 0x0000, 0x0000, 0x0000, 0x0000, 0x0000, 0x0000, 0x0000, 0x0000, 0x0000, 0x0000, 
  0x0000, 0x0000, 0x0000, 0x0000, 0x0000, 0x0000, 0x0000, 0x0000, 0x0000, 0x0000, 0x0000, 0x0000, 
  0x0000, 0x0000, 0x0000, 0x0000, 0x0000, 0x0000, 0x0000, 0x0000, 0x0000, 0x0000, 0x0000, 0x0000, 
  0x0000, 0x0000, 0x0000, 0x0000, 0x0000, 0x0000, 0x0000, 0x0000, 0x0000, 0x0000, 0x0000, 0x0000, 
  0x0000, 0x0000, 0x0000, 0x0000, 0x0000, 0x0000, 0x0000, 0x0000, 0x0000, 0x0000, 0x0000, 0x0000, 
  0x0000, 0x0000, 0x0000, 0x0000, 0x0000, 0x0000, 0x0000, 0x0000, 0x0000, 0x0000, 0x0000, 0x0000, 
  0x0000, 0x0000, 0x0000, 0x0000, 0x0000, 0x0000, 0x0000, 0x0000, 0x0000, 0x0000, 0x0000, 0x0000, 
  0x0000, 0x0000, 0x0000, 0x0000, 0x0000, 0x0000, 0x0000, 0x0000, 0x0000, 0x0000, 0x0000, 0x0000, 
  0x0000, 0x0000, 0x0000, 0x0000, 0x0000, 0x0000, 0x0000, 0x0000, 0x0000, 0x0000, 0x0000, 0x0000, 
  0x0000, 0x0000, 0x0000, 0x0000, 0x0000, 0x0000, 0x0000, 0x0000, 0x0000, 0x0000, 0x0000, 0x0000, 
  0x0000, 0x0000, 0x0000, 0x0000, 0x0000, 0x0000, 0x0000, 0x0000, 0x0000, 0x0000, 0x0000, 0x0000, 
  0x0000, 0x0000, 0x0000, 0x0000, 0x0000, 0x0000, 0x0000, 0x0000, 0x0000, 0x0000, 0x0000, 0x0000, 
  0x0000, 0x0000, 0x0000, 0x0000, 0x0000, 0x0000, 0x0000, 0x0000, 0x0000, 0x0000, 0x0000, 0x0000, 
  0x0000, 0x0000, 0x0000, 0x0000, 0x0000, 0x0000, 0x0000, 0x0000, 0x0000, 0x0000, 0x0000, 0x0000, 
  0x0000, 0x0000, 0x0000, 0x0000, 0x0000, 0x0000, 0x0000, 0x0000, 0x0000, 0x0000, 0x0000, 0x0000, 
  0x0000, 0x0000, 0x0000, 0x0000, 0x0000, 0x0000, 0x0000, 0x0000, 0x0000, 0x0000, 0x0000, 0x0000, 
  0x0000, 0x0000, 0x0000, 0x0000, 0x0000, 0x0000, 0x0000, 0x0000, 0x0000, 0x0000, 0x0000, 0x0000, 
  0x0000, 0x0000, 0x0000, 0x0000, 0x0000, 0x0000, 0x0000, 0x0000, 0x0000, 0x0000, 0x0000, 0x0000, 
  0x0000, 0x0000, 0x0000, 0x0000, 0x0000, 0x0000, 0x0000, 0x0000, 0x0000, 0x0000, 0x0000, 0x0000, 
  0x0000, 0x0000, 0x0000, 0x0000, 0x0000, 0x0000, 0x0000, 0x0000, 0x0000, 0x0000, 0x0000, 0x0000, 
  0x0000, 0x0000, 0x0000, 0x0000, 0x0000, 0x0000, 0x0000, 0x0000, 0x0000, 0x0000, 0x0000, 0x0000, 
  0x0000, 0x0000, 0x0000, 0x0000, 0x0000, 0x0000, 0x0000, 0x0000, 0x0000, 0x0000, 0x0000, 0x0000, 
  0x0000, 0x0000, 0x0000, 0x0000, 0x0000, 0x0000, 0x0000, 0x0000, 0x0000, 0x0000, 0x0000, 0x0000, 
  0x0000, 0x0000, 0x0000, 0x0000, 0x0000, 0x0000, 0x0000, 0x0000, 0x0000, 0x0000, 0x0000, 0x0000, 
  0x0000, 0x0000, 0x0000, 0x0000, 0x0000, 0x0000, 0x0000, 0x0000, 0x0000, 0x0000, 0x0000, 0x0000, 
  0x0000, 0x0000, 0x0000, 0x0000, 0x0000, 0x0000, 0x0000, 0x0000, 0x0000, 0x0000, 0x0000, 0x0000, 
  0x0000, 0x0000, 0x0000, 0x0000, 0x0000, 0x0000, 0x0000, 0x0000, 0x0000, 0x0000, 0x0000, 0x0000, 
  0x0000, 0x0000, 0x0000, 0x0000, 0x0000, 0x0000, 0x0000, 0x0000, 0x0000, 0x0000, 0x0000, 0x0000, 
  0x0000, 0x0000, 0x0000, 0x0000, 0x0000, 0x0000, 0x0000, 0x0000, 0x0000, 0x0000, 0x0000, 0x0000, 
  0x0000, 0x0000, 0x0000, 0x0000, 0x0000, 0x0000, 0x0000, 0x0000, 0x0000, 0x0000, 0x0000, 0x0000, 
  0x0000, 0x0000, 0x0000, 0x0000, 0x0000, 0x0000, 0x0000, 0x0000, 0x0000, 0x0000, 0x0000, 0x0000, 
  0x0000, 0x0000, 0x0000, 0x0000, 0x0000, 0x0000, 0x0000, 0x0000, 0x0000, 0x0000, 0x0000, 0x0000, 
  0x0000, 0x0000, 0x0000, 0x0000, 0x0000, 0x0000, 0x0000, 0x0000, 0x0000, 0x0000, 0x0000, 0x0000, 
  0x0000, 0x0000, 0x0000, 0x0000, 0x0000, 0x0000, 0x0000, 0x0000, 0x0000, 0x0000, 0x0000, 0x0000, 
  0x0000, 0x0000, 0x0000, 0x0000, 0x0000, 0x0000, 0x0000, 0x0000, 0x0000, 0x0000, 0x0000, 0x0000, 
  0x0000, 0x0000, 0x0000, 0x0000, 0x0000, 0x0000, 0x0000, 0x0000, 0x0000, 0x0000, 0x0000, 0x0000, 
  0x0000, 0x0000, 0x0000, 0x0000, 0x0000, 0x0000, 0x0000, 0x0000, 0x0000, 0x0000, 0x0000, 0x0000, 
  0x0000, 0x0000, 0x0000, 0x0000, 0x0000, 0x0000, 0x0000, 0x0000, 0x0000, 0x0000, 0x0000, 0x0000, 
  0x0000, 0x0000, 0x0000, 0x0000, 0x0000, 0x0000, 0x0000, 0x0000, 0x0000, 0x0000, 0x0000, 0x0000, 
  0x0000, 0x0000, 0x0000, 0x0000, 0x0000, 0x0000, 0x0000, 0x0000, 0x0000, 0x0000, 0x0000, 0x0000, 
  0x0000, 0x0000, 0x0000, 0x0000, 0x0000, 0x0000, 0x0000, 0x0000, 0x0000, 0x0000, 0x0000, 0x0000, 
  0x0000, 0x0000, 0x0000, 0x0000, 0x0000, 0x0000, 0x0000, 0x0000, 0x0000, 0x0000, 0x0000, 0x0000, 
  0x0000, 0x0000, 0x0000, 0x0000, 0x0000, 0x0000, 0x0000, 0x0000, 0x0000, 0x0000, 0x0000, 0x0000, 
  0x0000, 0x0000, 0x0000, 0x0000, 0x0000, 0x0000, 0x0000, 0x0000, 0x0000, 0x0000, 0x0000, 0x0000, 
  0x0000, 0x0000, 0x0000, 0x0000, 0x0000, 0x0000, 0x0000, 0x0000, 0x0000, 0x0000, 0x0000, 0x0000, 
  0x0000, 0x0000, 0x0000, 0x0000, 0x0000, 0x0000, 0x0000, 0x0000, 0x0000, 0x0000, 0x0000, 0x0000, 
  0x0000, 0x0000, 0x0000, 0x0000, 0x0000, 0x0000, 0x0000, 0x0000, 0x0000, 0x0000, 0x0000, 0x0000, 
  0x0000, 0x0000, 0x0000, 0x0000, 0x0000, 0x0000, 0x0000, 0x0000, 0x0000, 0x0000, 0x0000, 0x0000, 
  0x0000, 0x0000, 0x0000, 0x0000, 0x0000, 0x0000, 0x0000, 0x0000, 0x0000, 0x0000, 0x0000, 0x0000, 
  0x0000, 0x0000, 0x0000, 0x0000, 0x0000, 0x0000, 0x0000, 0x0000, 0x0000, 0x0000, 0x0000, 0x0000, 
  0x0000, 0x0000, 0x0000, 0x0000, 0x0000, 0x0000, 0x0000, 0x0000, 0x0000, 0x0000, 0x0000, 0x0000, 
  0x0000, 0x0000, 0x0000, 0x0000, 0x0000, 0x0000, 0x0000, 0x0000, 0x0000, 0x0000, 0x0000, 0x0000, 
  0x0000, 0x0000, 0x0000, 0x0000, 0x0000, 0x0000, 0x0000, 0x0000, 0x0000, 0x0000, 0x0000, 0x0000, 
  0x0000, 0x0000, 0x0000, 0x0000, 0x0000, 0x0000, 0x0000, 0x0000, 0x0000, 0x0000, 0x0000, 0x0000, 
  0x0000, 0x0000, 0x0000, 0x0000, 0x0000, 0x0000, 0x0000, 0x0000, 0x0000, 0x0000, 0x0000, 0x0000, 
  0x0000, 0x0000, 0x0000, 0x0000, 0x0000, 0x0000, 0x0000, 0x0000, 0x0000, 0x0000, 0x0000, 0x0000, 
  0x0000, 0x0000, 0x0000, 0x0000, 0x0000, 0x0000, 0x0000, 0x0000, 0x0000, 0x0000, 0x0000, 0x0000, 
  0x0000, 0x0000, 0x0000, 0x0000, 0x0000, 0x0000, 0x0000, 0x0000, 0x0000, 0x0000, 0x0000, 0x0000, 
  0x0000, 0x0000, 0x0000, 0x0000, 0x0000, 0x0000, 0x0000, 0x0000, 0x0000, 0x0000, 0x0000, 0x0000, 
  0x0000, 0x0000, 0x0000, 0x0000, 0x0000, 0x0000, 0x0000, 0x0000, 0x0000, 0x0000, 0x0000, 0x0000, 
  0x0000, 0x0000, 0x0000, 0x0000, 0x0000, 0x0000, 0x0000, 0x0000, 0x0000, 0x0000, 0x0000, 0x0000, 
  0x0000, 0x0000, 0x0000, 0x0000, 0x0000, 0x0000, 0x0000, 0x0000, 0x0000, 0x0000, 0x0000, 0x0000, 
  0x0000, 0x0000, 0x0000, 0x0000, 0x0000, 0x0000, 0x0000, 0x0000, 0x0000, 0x0000, 0x0000, 0x0000, 
  0x0000, 0x0000, 0x0000, 0x0000, 0x0000, 0x0000, 0x0000, 0x0000, 0x0000, 0x0000, 0x0000, 0x0000, 
  0x0000, 0x0000, 0x0000, 0x0000, 0x0000, 0x0000, 0x0000, 0x0000, 0x0000, 0x0000, 0x0000, 0x0000, 
  0x0000, 0x0000, 0x0000, 0x0000, 0x0000, 0x0000, 0x0000, 0x0000, 0x0000, 0x0000, 0x0000, 0x0000, 
  0x0000, 0x0000, 0x0000, 0x0000, 0x0000, 0x0000, 0x0000, 0x0000, 0x0000, 0x0000, 0x0000, 0x0000, 
  0x0000, 0x0000, 0x0000, 0x0000, 0x0000, 0x0000, 0x0000, 0x0000, 0x0000, 0x0000, 0x0000, 0x0000, 
  0x0000, 0x0000, 0x0000, 0x0000, 0x0000, 0x0000, 0x0000, 0x0000, 0x0000, 0x0000, 0x0000, 0x0000, 
  0x0000, 0x0000, 0x0000, 0x0000, 0x0000, 0x0000, 0x0000, 0x0000, 0x0000, 0x0000, 0x0000, 0x0000, 
  0x0000, 0x0000, 0x0000, 0x0000, 0x0000, 0x0000, 0x0000, 0x0000, 0x0000, 0x0000, 0x0000, 0x0000, 
  0x0000, 0x0000, 0x0000, 0x0000, 0x0000, 0x0000, 0x0000, 0x0000, 0x0000, 0x0000, 0x0000, 0x0000, 
  0x0000, 0x0000, 0x0000, 0x0000, 0x0000, 0x0000, 0x0000, 0x0000, 0x0000, 0x0000, 0x0000, 0x0000, 
  0x0000, 0x0000, 0x0000, 0x0000, 0x0000, 0x0000, 0x0000, 0x0000, 0x0000, 0x0000, 0x0000, 0x0000, 
  0x0000, 0x0000, 0x0000, 0x0000, 0x0000, 0x0000, 0x0000, 0x0000, 0x0000, 0x0000, 0x0000, 0x0000, 
  0x0000, 0x0000, 0x0000, 0x0000, 0x0000, 0x0000, 0x0000, 0x0000, 0x0000, 0x0000, 0x0000, 0x0000, 
  0x0000, 0x0000, 0x0000, 0x0000, 0x0000, 0x0000, 0x0000, 0x0000, 0x0000, 0x0000, 0x0000, 0x0000, 
  0x0000, 0x0000, 0x0000, 0x0000, 0x0000, 0x0000, 0x0000, 0x0000, 0x0000, 0x0000, 0x0000, 0x0000, 
  0x0000, 0x0000, 0x0000, 0x0000, 0x0000, 0x0000, 0x0000, 0x0000, 0x0000, 0x0000, 0x0000, 0x0000, 
  0x0000, 0x0000, 0x0000, 0x0000, 0x0000, 0x0000, 0x0000, 0x0000, 0x0000, 0x0000, 0x0000, 0x0000, 
  0x0000, 0x0000, 0x0000, 0x0000, 0x0000, 0x0000, 0x0000, 0x0000, 0x0000, 0x0000, 0x0000, 0x0000, 
  0x0000, 0x0000, 0x0000, 0x0000, 0x0000, 0x0000, 0x0000, 0x0000, 0x0000, 0x0000, 0x0000, 0x0000, 
  0x0000, 0x0000, 0x0000, 0x0000, 0x0000, 0x0000, 0x0000, 0x0000, 0x0000, 0x0000, 0x0000, 0x0000, 
  0x0000, 0x0000, 0x0000, 0x0000, 0x0000, 0x0000, 0x0000, 0x0000, 0x0000, 0x0000, 0x0000, 0x0000, 
  0x0000, 0x0000, 0x0000, 0x0000, 0x0000, 0x0000, 0x0000, 0x0000, 0x0000, 0x0000, 0x0000, 0x0000, 
  0x0000, 0x0000, 0x0000, 0x0000, 0x0000, 0x0000, 0x0000, 0x0000, 0x0000, 0x0000, 0x0000, 0x0000, 
  0x0000, 0x0000, 0x0000, 0x0000, 0x0000, 0x0000, 0x0000, 0x0000, 0x0000, 0x0000, 0x0000, 0x0000, 
  0x0000, 0x0000, 0x0000, 0x0000, 0x0000, 0x0000, 0x0000, 0x0000, 0x0000, 0x0000, 0x0000, 0x0000, 
  0x0000, 0x0000, 0x0000, 0x0000, 0x0000, 0x0000, 0x0000, 0x0000, 0x0000, 0x0000, 0x0000, 0x0000, 
  0x0000, 0x0000, 0x0000, 0x0000, 0x0000, 0x0000, 0x0000, 0x0000, 0x0000, 0x0000, 0x0000, 0x0000, 
  0x0000, 0x0000, 0x0000, 0x0000, 0x0000, 0x0000, 0x0000, 0x0000, 0x0000, 0x0000, 0x0000, 0x0000, 
  0x0000, 0x0000, 0x0000, 0x0000, 0x0000, 0x0000, 0x0000, 0x0000, 0x0000, 0x0000, 0x0000, 0x0000, 
  0x0000, 0x0000, 0x0000, 0x0000, 0x0000, 0x0000, 0x0000, 0x0000, 0x0000, 0x0000, 0x0000, 0x0000, 
  0x0000, 0x0000, 0x0000, 0x0000, 0x0000, 0x0000, 0x0000, 0x0000, 0x0000, 0x0000, 0x0000, 0x0000, 
  0x0000, 0x0000, 0x0000, 0x0000, 0x0000, 0x0000, 0x0000, 0x0000, 0x0000, 0x0000, 0x0000, 0x0000, 
  0x0000, 0x0000, 0x0000, 0x0000, 0x0000, 0x0000, 0x0000, 0x0000, 0x0000, 0x0000, 0x0000, 0x0000, 
  0x0000, 0x0000, 0x0000, 0x0000, 0x0000, 0x0000, 0x0000, 0x0000, 0x0000, 0x0000, 0x0000, 0x0000, 
  0x0000, 0x0000, 0x0000, 0x0000, 0x0000, 0x0000, 0x0000, 0x0000, 0x0000, 0x0000, 0x0000, 0x0000, 
  0x0000, 0x0000, 0x0000, 0x0000, 0x0000, 0x0000, 0x0000, 0x0000, 0x0000, 0x0000, 0x0000, 0x0000, 
  0x0000, 0x0000, 0x0000, 0x0000, 0x0000, 0x0000, 0x0000, 0x0000, 0x0000, 0x0000, 0x0000, 0x0000, 
  0x0000, 0x0000, 0x0000, 0x0000, 0x0000, 0x0000, 0x0000, 0x0000, 0x0000, 0x0000, 0x0000, 0x0000, 
  0x0000, 0x0000, 0x0000, 0x0000, 0x0000, 0x0000, 0x0000, 0x0000, 0x0000, 0x0000, 0x0000, 0x0000, 
  0x0000, 0x0000, 0x0000, 0x0000, 0x0000, 0x0000, 0x0000, 0x0000, 0x0000, 0x0000, 0x0000, 0x0000, 
  0x0000, 0x0000, 0x0000, 0x0000, 0x0000, 0x0000, 0x0000, 0x0000, 0x0000, 0x0000, 0x0000, 0x0000, 
  0x0000, 0x0000, 0x0000, 0x0000, 0x0000, 0x0000, 0x0000, 0x0000, 0x0000, 0x0000, 0x0000, 0x0000, 
  0x0000, 0x0000, 0x0000, 0x0000, 0x0000, 0x0000, 0x0000, 0x0000, 0x0000, 0x0000, 0x0000, 0x0000, 
  0x0000, 0x0000, 0x0000, 0x0000, 0x0000, 0x0000, 0x0000, 0x0000, 0x0000, 0x0000, 0x0000, 0x0000, 
  0x0000, 0x0000, 0x0000, 0x0000, 0x0000, 0x0000, 0x0000, 0x0000, 0x0000, 0x0000, 0x0000, 0x0000, 
  0x0000, 0x0000, 0x0000, 0x0000, 0x0000, 0x0000, 0x0000, 0x0000, 0x0000, 0x0000, 0x0000, 0x0000, 
  0x0000, 0x0000, 0x0000, 0x0000, 0x0000, 0x0000, 0x0000, 0x0000, 0x0000, 0x0000, 0x0000, 0x0000, 
  0x0000, 0x0000, 0x0000, 0x0000, 0x0000, 0x0000, 0x0000, 0x0000, 0x0000, 0x0000, 0x0000, 0x0000, 
  0x0000, 0x0000, 0x0000, 0x0000, 0x0000, 0x0000, 0x0000, 0x0000, 0x0000, 0x0000, 0x0000, 0x0000
};

static const uint16_t* const WEATHER48_PTRS[8] PROGMEM = {
  WEATHER48_ICON_0,
  WEATHER48_ICON_1,
  WEATHER48_ICON_2,
  WEATHER48_ICON_3,
  WEATHER48_ICON_4,
  WEATHER48_ICON_5,
  WEATHER48_ICON_6,
  WEATHER48_ICON_7
};

static const char* const WEATHER48_LABELS[8] PROGMEM = {
  "Clear",
  "Partly cloudy",
  "Cloudy",
  "Rain",
  "Thunderstorm",
  "Snow",
  "Fog",
  "Unknown"
};

static inline const uint16_t* getWeather48Icon(uint8_t idx, uint16_t &w, uint16_t &h){
  if (idx>7) idx=7; w=WEATHER48_W; h=WEATHER48_H; return (const uint16_t*)pgm_read_ptr(&WEATHER48_PTRS[idx]);
}
static inline void getWeather48Label(uint8_t idx, char* out, size_t outLen){
  if (idx>7) idx=7; strncpy_P(out, (PGM_P)pgm_read_ptr(&WEATHER48_LABELS[idx]), outLen); out[outLen-1]='\0';
}
