const uint8_t DigitaltsLime35pt7bBitmaps[] PROGMEM = {
  0x00, 0xFF, 0xFF, 0xB0, 0x00, 0x6C, 0x00, 0x1F, 0x00, 0x07, 0xC0, 0x01,
  0xF0, 0x00, 0x7C, 0x00, 0x1F, 0x00, 0x07, 0xC0, 0x01, 0xF0, 0x00, 0x7C,
  0x00, 0x1F, 0x00, 0x07, 0xC0, 0x01, 0xF0, 0x00, 0x7C, 0x00, 0x1F, 0x00,
  0x07, 0xC0, 0x01, 0xF0, 0x00, 0x7C, 0x00, 0x1F, 0x00, 0x07, 0xC0, 0x01,
  0xF0, 0x00, 0x7C, 0x00, 0x1F, 0x00, 0x07, 0xC0, 0x01, 0xF0, 0x00, 0x7C,
  0x00, 0x1F, 0x00, 0x07, 0xC0, 0x01, 0xFF, 0xFF, 0xFF, 0xFF, 0xFF, 0xFF,
  0xFF, 0xC0, 0x03, 0xF0, 0x00, 0xEC, 0x00, 0x3B, 0x00, 0x0E, 0xC0, 0x03,
  0xB0, 0x00, 0xEC, 0x00, 0x3B, 0x00, 0x0E, 0xC0, 0x03, 0xB0, 0x00, 0xEC,
  0x00, 0x3B, 0xFF, 0xFE, 0xFF, 0xFF, 0x9F, 0xFF, 0xE3, 0xFF, 0xF8, 0x3F,
  0xFC, 0xFF, 0xF8, 0xFF, 0xFF, 0xFF, 0xFB, 0x00, 0x1C, 0x00, 0x3E, 0x00,
  0x38, 0x00, 0x7C, 0x00, 0x70, 0x00, 0xF8, 0x00, 0xE0, 0x01, 0xF0, 0x01,
  0xC0, 0x03, 0xE0, 0x03, 0x80, 0x07, 0xC0, 0x07, 0x00, 0x0F, 0x80, 0x0E,
  0x00, 0x1F, 0x00, 0x1C, 0x00, 0x3E, 0x00, 0x78, 0x00, 0xFC, 0x00, 0xF0,
  0x01, 0xF8, 0x01, 0xF0, 0x03, 0xB8, 0x03, 0xE0, 0x07, 0x30, 0x0F, 0xC0,
  0x1E, 0x60, 0x1F, 0x80, 0x3C, 0xC0, 0x3B, 0x00, 0x79, 0x80, 0x76, 0x01,
  0xE3, 0x01, 0xEC, 0x03, 0xC7, 0xFF, 0xDF, 0xFF, 0x8F, 0xFF, 0xBF, 0xFF,
  0x0F, 0xFE, 0x3F, 0xFC, 0x1F, 0xFC, 0x7F, 0xF8, 0x03, 0xFF, 0xDF, 0xFE,
  0x00, 0x06, 0x01, 0xF0, 0x06, 0x00, 0x0C, 0x03, 0xE0, 0x0E, 0x00, 0x18,
  0x07, 0xC0, 0x1C, 0x00, 0x30, 0x0F, 0x80, 0x38, 0x00, 0x60, 0x1F, 0x00,
  0x70, 0x00, 0xC0, 0x3E, 0x00, 0xE0, 0x01, 0x80, 0x7C, 0x01, 0xC0, 0x03,
  0x00, 0xF8, 0x03, 0x80, 0xFE, 0x01, 0xF0, 0x07, 0xF9, 0x80, 0x00, 0x00,
  0x00, 0x3B, 0x00, 0x00, 0x00, 0x00, 0x76, 0x00, 0x00, 0x00, 0x00, 0xEC,
  0x00, 0x00, 0x00, 0x01, 0xD8, 0x00, 0x00, 0x00, 0x03, 0xB0, 0x00, 0x00,
  0x00, 0x07, 0x60, 0x00, 0x00, 0x00, 0x0E, 0xFE, 0x01, 0xF0, 0x07, 0xFD,
  0xFC, 0x03, 0xE0, 0x0F, 0xFB, 0xF8, 0x07, 0xC0, 0x1F, 0xF3, 0xF0, 0x0F,
  0x80, 0x3F, 0xE0, 0x60, 0x1F, 0x00, 0x70, 0x00, 0xC0, 0x3E, 0x00, 0xE0,
  0x7F, 0x80, 0x7C, 0x01, 0xFC, 0xC0, 0x00, 0x00, 0x00, 0x1D, 0x80, 0x00,
  0x00, 0x00, 0x3B, 0x00, 0x00, 0x00, 0x00, 0x76, 0x00, 0x00, 0x00, 0x00,
  0xEC, 0x00, 0x00, 0x00, 0x01, 0xD8, 0x00, 0x00, 0x00, 0x03, 0xB0, 0x00,
  0x00, 0x00, 0x07, 0x7F, 0x80, 0x7C, 0x01, 0xFE, 0xFF, 0x00, 0xF8, 0x03,
  0xFC, 0xFE, 0x01, 0xF0, 0x07, 0xF8, 0xFC, 0x03, 0xE0, 0x0F, 0xF0, 0x18,
  0x07, 0xC0, 0x1C, 0x00, 0x30, 0x0F, 0x80, 0x38, 0x00, 0x60, 0x1F, 0x00,
  0x70, 0x00, 0xC0, 0x3E, 0x00, 0xE0, 0x01, 0x80, 0x7C, 0x01, 0xC0, 0x03,
  0xFF, 0xFF, 0xFF, 0x80, 0x07, 0xFF, 0xFF, 0xFF, 0x00, 0x07, 0xFF, 0xBF,
  0xFE, 0x00, 0x07, 0xFF, 0x3F, 0xFC, 0x00, 0x00, 0xFF, 0xFE, 0x00, 0x00,
  0x18, 0x00, 0x60, 0x00, 0x03, 0x00, 0x0E, 0x00, 0x00, 0x60, 0x01, 0xC0,
  0x00, 0x0C, 0x00, 0x38, 0x00, 0x01, 0x80, 0x07, 0x00, 0x00, 0x30, 0x00,
  0xE0, 0x00, 0x06, 0x00, 0x1C, 0x00, 0x00, 0xC0, 0x03, 0x80, 0x00, 0x18,
  0x00, 0x78, 0x00, 0x07, 0x00, 0x0F, 0xFC, 0x01, 0x80, 0x00, 0x01, 0xE0,
  0xC0, 0x00, 0x00, 0x3C, 0x30, 0x00, 0x00, 0x07, 0x8C, 0x00, 0x00, 0x00,
  0xF1, 0x00, 0x00, 0x00, 0x1E, 0x60, 0x00, 0x00, 0x03, 0x8C, 0x00, 0x00,
  0x00, 0x71, 0x00, 0x00, 0x00, 0x1E, 0x60, 0x01, 0xFC, 0x03, 0xCC, 0x00,
  0x7F, 0xFC, 0x79, 0x80, 0x0F, 0xFF, 0xFF, 0x30, 0x01, 0xFF, 0xFF, 0xE6,
  0x00, 0x0F, 0xBF, 0xFC, 0xC0, 0x00, 0x3E, 0x7F, 0x18, 0x00, 0x00, 0x79,
  0xE3, 0x80, 0x00, 0x01, 0xC4, 0x70, 0x00, 0x00, 0x0E, 0x07, 0x00, 0x00,
  0x00, 0xE0, 0xE0, 0x00, 0x00, 0x0E, 0x0E, 0x00, 0x00, 0x00, 0xE1, 0xF0,
  0x00, 0x00, 0x0E, 0x1F, 0x80, 0x00, 0x01, 0xC1, 0xFE, 0x00, 0x00, 0x18,
  0x1F, 0xFC, 0x00, 0x03, 0x81, 0xFF, 0xE0, 0x00, 0x73, 0x0F, 0xFE, 0x00,
  0x0E, 0x7C, 0x3F, 0xC0, 0x01, 0xCD, 0xF8, 0xF8, 0x00, 0x3B, 0x81, 0xFE,
  0x00, 0x07, 0x60, 0x00, 0x00, 0x01, 0xEC, 0x00, 0x00, 0x00, 0x3D, 0x80,
  0x00, 0x00, 0x07, 0x30, 0x00, 0x00, 0x01, 0xE6, 0x00, 0x00, 0x00, 0x3C,
  0xC0, 0x00, 0x00, 0x0F, 0x30, 0x00, 0x00, 0x07, 0xE6, 0x00, 0x00, 0x01,
  0xF8, 0xC0, 0x00, 0x01, 0xFE, 0x1F, 0xF8, 0x00, 0x3F, 0x83, 0xFF, 0x00,
  0x07, 0xE0, 0x7F, 0xE0, 0x00, 0xF0, 0x07, 0xFC, 0x00, 0x1C, 0x00, 0x01,
  0x80, 0x03, 0x80, 0x00, 0x30, 0x00, 0x70, 0x00, 0x06, 0x00, 0x0E, 0x00,
  0x00, 0xC0, 0x01, 0xC0, 0x00, 0x18, 0x00, 0x38, 0x00, 0x03, 0x00, 0x07,
  0x00, 0x00, 0x7F, 0xFF, 0xE0, 0x00, 0x0F, 0xFF, 0xFC, 0x00, 0x00, 0xFF,
  0xFF, 0x80, 0x00, 0x0F, 0xFF, 0xF0, 0x00, 0x01, 0xFF, 0x80, 0x00, 0x00,
  0x00, 0x00, 0x06, 0x00, 0xF0, 0x00, 0x3F, 0xFF, 0x80, 0x08, 0x00, 0x18,
  0x00, 0x60, 0x00, 0xE0, 0x10, 0x00, 0x0C, 0x00, 0x40, 0x00, 0x70, 0x20,
  0x00, 0x06, 0x00, 0x80, 0x00, 0xF0, 0x60, 0x00, 0x07, 0x01, 0x80, 0x01,
  0xF0, 0x40, 0x00, 0x03, 0x03, 0x00, 0x01, 0xF0, 0x40, 0x00, 0x03, 0x86,
  0x00, 0x03, 0xE0, 0xC0, 0x38, 0x03, 0x8C, 0x00, 0x07, 0xC0, 0xC0, 0x38,
  0x03, 0x9C, 0x00, 0x0F, 0x80, 0xC0, 0x38, 0x03, 0xB8, 0x00, 0x0F, 0x80,
  0xC0, 0x38, 0x03, 0xF0, 0x00, 0x1F, 0x00, 0xC0, 0x00, 0x03, 0xE0, 0x00,
  0x3E, 0x00, 0xC0, 0x00, 0x03, 0xC0, 0x00, 0x7C, 0x00, 0xC0, 0x00, 0x03,
  0xC0, 0x00, 0x78, 0x00, 0xE0, 0x00, 0x07, 0x80, 0x00, 0xF8, 0x00, 0x60,
  0x00, 0x07, 0x00, 0x01, 0xF0, 0x00, 0x70, 0x00, 0x0E, 0x00, 0x03, 0xE0,
  0x00, 0x78, 0x00, 0x1E, 0x00, 0x03, 0xC0, 0x00, 0x3F, 0x00, 0x7C, 0x00,
  0x07, 0xC0, 0x00, 0x1F, 0xFF, 0xF8, 0x00, 0x0F, 0x80, 0x00, 0x0F, 0xFF,
  0xF0, 0x00, 0x1F, 0xFF, 0x00, 0x07, 0xFF, 0xE0, 0x00, 0x1E, 0x01, 0xE0,
  0x00, 0xFF, 0xE0, 0x00, 0x38, 0x00, 0x30, 0x00, 0x01, 0xC0, 0x00, 0x70,
  0x00, 0x18, 0x00, 0x01, 0x80, 0x00, 0xE0, 0x00, 0x0C, 0x00, 0x03, 0x00,
  0x01, 0xE0, 0x00, 0x0E, 0x00, 0x06, 0x00, 0x01, 0xC0, 0x00, 0x06, 0x00,
  0x0E, 0x00, 0x03, 0xC0, 0x00, 0x06, 0x00, 0x0C, 0x00, 0x07, 0xC0, 0x00,
  0x07, 0x00, 0x18, 0x00, 0x0F, 0xC0, 0x38, 0x07, 0x00, 0x30, 0x00, 0x1F,
  0xC0, 0x38, 0x07, 0x00, 0x70, 0x00, 0x1F, 0xC0, 0x38, 0x07, 0x00, 0xE0,
  0x00, 0x3E, 0xC0, 0x38, 0x07, 0x00, 0xC0, 0x00, 0x7C, 0xC0, 0x00, 0x07,
  0x01, 0x80, 0x00, 0xF8, 0xC0, 0x00, 0x07, 0x03, 0x00, 0x01, 0xF0, 0xE0,
  0x00, 0x0F, 0x07, 0x00, 0x03, 0xF0, 0xE0, 0x00, 0x0E, 0x06, 0x00, 0x03,
  0xE0, 0x70, 0x00, 0x1E, 0x0C, 0x00, 0x07, 0xC0, 0x78, 0x00, 0x3E, 0x0E,
  0x00, 0x0F, 0x80, 0x3F, 0x00, 0xFC, 0x0F, 0xFF, 0xFF, 0x00, 0x3F, 0xFF,
  0xF8, 0x0F, 0xFF, 0xFF, 0x00, 0x0F, 0xFF, 0xF8, 0x07, 0xFF, 0xFE, 0x00,
  0x07, 0xFF, 0xE0, 0x01, 0xFF, 0xFC, 0x00, 0x00, 0xFF, 0x80, 0x00, 0x07,
  0xFF, 0xE0, 0x00, 0x00, 0x1E, 0x00, 0x0F, 0xC0, 0x00, 0x1C, 0x00, 0x00,
  0x70, 0x00, 0x0C, 0x00, 0x00, 0x1C, 0x00, 0x06, 0x00, 0x00, 0x07, 0x00,
  0x03, 0x00, 0x00, 0x01, 0xC0, 0x00, 0xC0, 0x00, 0x00, 0xF0, 0x00, 0x20,
  0x00, 0x00, 0x38, 0x00, 0x18, 0x00, 0x00, 0x0E, 0x00, 0x06, 0x00, 0x00,
  0x03, 0x80, 0x01, 0x80, 0x00, 0x00, 0xE0, 0x00, 0x60, 0x00, 0x00, 0x38,
  0x00, 0x18, 0x00, 0x7F, 0xFE, 0x00, 0x06, 0x00, 0x3F, 0xFF, 0x00, 0x01,
  0x80, 0x0F, 0xFF, 0xC0, 0x00, 0x70, 0x01, 0xFF, 0xFF, 0xFE, 0x0C, 0x00,
  0x0C, 0x00, 0x01, 0xC3, 0x80, 0x02, 0x00, 0x00, 0x70, 0x60, 0x01, 0x00,
  0x00, 0x1C, 0x1C, 0x00, 0x40, 0x00, 0x07, 0x06, 0x00, 0x00, 0x00, 0x01,
  0xC2, 0x00, 0x00, 0x00, 0x00, 0x71, 0x00, 0x00, 0x00, 0x00, 0x1C, 0xC0,
  0x00, 0x00, 0x00, 0x07, 0x20, 0x00, 0x00, 0x00, 0x01, 0xD8, 0x00, 0x3F,
  0x00, 0x0F, 0xF4, 0x00, 0x1F, 0xC0, 0x03, 0xFF, 0x00, 0x07, 0xF0, 0x00,
  0x7F, 0xC0, 0x01, 0xFC, 0x00, 0x1F, 0xF0, 0x00, 0x3E, 0x00, 0x06, 0x0C,
  0x00, 0x00, 0x00, 0x01, 0x83, 0x00, 0x00, 0x00, 0x00, 0x60, 0xC0, 0x00,
  0x00, 0x00, 0x18, 0x38, 0x00, 0x00, 0x00, 0x06, 0x0E, 0x00, 0x00, 0x00,
  0x03, 0x81, 0xC0, 0x00, 0x00, 0x00, 0xE0, 0x70, 0x00, 0x00, 0x00, 0x70,
  0x1E, 0x00, 0x00, 0x00, 0x3C, 0x03, 0xE0, 0x00, 0x00, 0x1E, 0x00, 0x7E,
  0x00, 0x00, 0x1F, 0x80, 0x0F, 0xF0, 0x00, 0x7F, 0xC0, 0x01, 0xFF, 0xFF,
  0xFF, 0xE0, 0x00, 0x3F, 0xFF, 0xFF, 0xE0, 0x00, 0x03, 0xFF, 0xFF, 0xE0,
  0x00, 0x00, 0x07, 0xFF, 0xC0, 0x00, 0x00, 0x3F, 0xFC, 0x40, 0x06, 0xC0,
  0x07, 0xC0, 0x07, 0xC0, 0x07, 0xC0, 0x07, 0xC0, 0x07, 0xC0, 0x07, 0xC0,
  0x07, 0xC0, 0x07, 0xC0, 0x07, 0xC0, 0x0F, 0xC0, 0x0F, 0xE0, 0x0E, 0xE0,
  0x0E, 0x60, 0x1E, 0x60, 0x1E, 0x60, 0x1E, 0x60, 0x1C, 0x60, 0x3C, 0x7F,
  0xFC, 0x7F, 0xFC, 0x3F, 0xF8, 0x3F, 0xF8, 0x00, 0x00, 0x00, 0x0F, 0xF8,
  0x00, 0x31, 0xFF, 0xC0, 0xC0, 0x0F, 0x06, 0x00, 0x3C, 0x18, 0x00, 0xF0,
  0x60, 0x03, 0x81, 0x00, 0x0E, 0x0C, 0x00, 0x38, 0x30, 0x01, 0xE0, 0x80,
  0x07, 0x86, 0x00, 0x1E, 0x18, 0x00, 0x78, 0x40, 0x01, 0xC3, 0x00, 0x07,
  0x0C, 0x00, 0x1C, 0x30, 0x00, 0x70, 0xC0, 0x01, 0xC2, 0x00, 0x07, 0x18,
  0x00, 0x3C, 0x60, 0x00, 0xF1, 0x80, 0x03, 0x86, 0x00, 0x0E, 0x10, 0x00,
  0x38, 0xC0, 0x00, 0xE3, 0x00, 0x03, 0x8C, 0x00, 0x0E, 0x30, 0x00, 0x38,
  0xC0, 0x00, 0xE3, 0x00, 0x03, 0x8C, 0x00, 0x0E, 0x30, 0x00, 0x38, 0xC0,
  0x00, 0xE3, 0x00, 0x03, 0x8C, 0x00, 0x0E, 0x30, 0x00, 0x38, 0xC0, 0x00,
  0xE3, 0x00, 0x03, 0x8C, 0x00, 0x0E, 0x30, 0x00, 0x38, 0xE0, 0x00, 0xE1,
  0x80, 0x03, 0x86, 0x00, 0x0E, 0x18, 0x00, 0x38, 0x60, 0x00, 0x71, 0xC0,
  0x01, 0xC7, 0x00, 0x07, 0x0C, 0x00, 0x1C, 0x30, 0x00, 0x70, 0xE0, 0x01,
  0xC3, 0x80, 0x07, 0x06, 0x00, 0x1C, 0x18, 0x00, 0x70, 0x70, 0x00, 0xE1,
  0xC0, 0x03, 0x83, 0x00, 0x0E, 0x0E, 0x00, 0x38, 0x38, 0x00, 0xE0, 0x60,
  0x03, 0x81, 0xC0, 0x1F, 0x07, 0x3F, 0xFC, 0x0F, 0xFF, 0xF0, 0x3F, 0xFF,
  0xC0, 0xFF, 0xF8, 0x01, 0xE0, 0x00, 0x00, 0x01, 0x00, 0x07, 0xFC, 0x0F,
  0xFC, 0x70, 0x30, 0x01, 0xC0, 0xC0, 0x03, 0x83, 0x80, 0x0E, 0x06, 0x00,
  0x38, 0x18, 0x00, 0x70, 0x60, 0x01, 0xC1, 0x80, 0x07, 0x06, 0x00, 0x0E,
  0x1C, 0x00, 0x38, 0x70, 0x00, 0xE0, 0xC0, 0x03, 0x83, 0x00, 0x07, 0x0C,
  0x00, 0x1C, 0x30, 0x00, 0x70, 0xC0, 0x01, 0xC3, 0x00, 0x03, 0x8C, 0x00,
  0x0E, 0x38, 0x00, 0x38, 0xE0, 0x00, 0xE1, 0x80, 0x03, 0x86, 0x00, 0x06,
  0x18, 0x00, 0x1C, 0x60, 0x00, 0x71, 0x80, 0x01, 0xC6, 0x00, 0x07, 0x18,
  0x00, 0x1C, 0x60, 0x00, 0x71, 0x80, 0x01, 0xC6, 0x00, 0x07, 0x18, 0x00,
  0x1C, 0x60, 0x00, 0x71, 0x80, 0x01, 0xC6, 0x00, 0x07, 0x18, 0x00, 0x1C,
  0x60, 0x00, 0x71, 0x80, 0x01, 0xC6, 0x00, 0x0F, 0x18, 0x00, 0x3C, 0x60,
  0x00, 0xE1, 0x80, 0x03, 0x8C, 0x00, 0x0E, 0x30, 0x00, 0x38, 0xC0, 0x01,
  0xE3, 0x00, 0x07, 0x8C, 0x00, 0x1C, 0x30, 0x00, 0x70, 0xC0, 0x03, 0xC3,
  0x00, 0x0F, 0x0C, 0x00, 0x38, 0x20, 0x00, 0xE1, 0x80, 0x07, 0x86, 0x00,
  0x1E, 0x18, 0x00, 0x70, 0x60, 0x03, 0xC1, 0x80, 0x0F, 0x04, 0x00, 0x3C,
  0x3C, 0x01, 0xE0, 0xFF, 0xF7, 0x83, 0xFF, 0xFE, 0x0F, 0xFF, 0xF0, 0x07,
  0xFF, 0xC0, 0x00, 0x1F, 0x00, 0x00, 0x0F, 0xF0, 0x00, 0x00, 0x08, 0x0C,
  0x00, 0x00, 0x0C, 0x07, 0x00, 0x00, 0x06, 0x03, 0x80, 0x00, 0x03, 0x01,
  0xC0, 0x00, 0x01, 0x80, 0xE0, 0x00, 0x7C, 0xC0, 0x73, 0xE0, 0x67, 0xE0,
  0x3F, 0x78, 0x30, 0x78, 0x3C, 0x1C, 0x30, 0x0C, 0x18, 0x0F, 0x18, 0x02,
  0x08, 0x03, 0x8C, 0x00, 0x00, 0x01, 0xCE, 0x00, 0x00, 0x00, 0xE7, 0x80,
  0x00, 0x00, 0xFB, 0xF8, 0x00, 0x07, 0xFC, 0xFF, 0xE0, 0x3F, 0xFC, 0x3F,
  0xC0, 0x07, 0xFE, 0x07, 0xC0, 0x81, 0xF8, 0x00, 0xC0, 0x40, 0x70, 0x00,
  0xC0, 0x20, 0x1C, 0x00, 0x60, 0x38, 0x06, 0x00, 0x60, 0x1C, 0x03, 0x80,
  0x70, 0x1F, 0x01, 0xC0, 0x3C, 0x1F, 0xC1, 0xF0, 0x0F, 0x1F, 0xF1, 0xF0,
  0x07, 0xFF, 0xFF, 0xF8, 0x01, 0xFF, 0x9F, 0xF8, 0x00, 0x7F, 0xC7, 0xF8,
  0x00, 0x0F, 0xC1, 0xF0, 0x00, 0x01, 0xC0, 0x60, 0x00, 0x00, 0x00, 0x00,
  0x00, 0x00, 0x3F, 0xFF, 0x80, 0x00, 0x01, 0x80, 0x06, 0x00, 0x00, 0x0C,
  0x00, 0x38, 0x00, 0x00, 0x60, 0x01, 0xC0, 0x00, 0x03, 0x00, 0x0E, 0x00,
  0x00, 0x18, 0x00, 0x70, 0x00, 0x00, 0xC0, 0x03, 0x80, 0x00, 0x06, 0x00,
  0x1C, 0x00, 0x00, 0x30, 0x00, 0xE0, 0x00, 0x01, 0x80, 0x07, 0x00, 0x00,
  0x0C, 0x00, 0x38, 0x01, 0xFF, 0xE0, 0x01, 0xFF, 0xCC, 0x00, 0x00, 0x00,
  0x03, 0x60, 0x00, 0x00, 0x00, 0x1F, 0x00, 0x00, 0x00, 0x00, 0xF8, 0x00,
  0x00, 0x00, 0x07, 0xC0, 0x00, 0x00, 0x00, 0x3E, 0x00, 0x00, 0x00, 0x01,
  0xF0, 0x00, 0x00, 0x00, 0x0F, 0x80, 0x00, 0x00, 0x00, 0x7C, 0x00, 0x00,
  0x00, 0x03, 0xE0, 0x00, 0x00, 0x00, 0x1F, 0x00, 0x00, 0x00, 0x00, 0xFF,
  0xFE, 0x00, 0x1F, 0xFF, 0xFF, 0xF0, 0x00, 0xFF, 0xFB, 0xFF, 0x80, 0x07,
  0xFF, 0xCF, 0xFC, 0x00, 0x3F, 0xFE, 0x00, 0x60, 0x01, 0xC0, 0x00, 0x03,
  0x00, 0x0E, 0x00, 0x00, 0x18, 0x00, 0x70, 0x00, 0x00, 0xC0, 0x03, 0x80,
  0x00, 0x06, 0x00, 0x1C, 0x00, 0x00, 0x30, 0x00, 0xE0, 0x00, 0x01, 0xFF,
  0xFF, 0x00, 0x00, 0x0F, 0xFF, 0xF8, 0x00, 0x00, 0x3F, 0xFF, 0xC0, 0x00,
  0x00, 0xFF, 0xFE, 0x00, 0x00, 0xFF, 0xFE, 0x60, 0x01, 0xB0, 0x00, 0xF8,
  0x00, 0x7C, 0x00, 0x3E, 0x00, 0x1F, 0x00, 0x0F, 0x80, 0x07, 0xC0, 0x03,
  0xE0, 0x01, 0xF0, 0x00, 0xF8, 0x00, 0xFF, 0x80, 0x7F, 0xC0, 0x39, 0xE0,
  0x1C, 0x70, 0x1E, 0x18, 0x0F, 0x0C, 0x07, 0x86, 0x03, 0x83, 0x03, 0xC1,
  0xFF, 0xE0, 0xFF, 0xF0, 0x7F, 0xF0, 0x3F, 0xF8, 0xFF, 0xFF, 0xFF, 0xF9,
  0x80, 0x00, 0x00, 0x1B, 0x00, 0x00, 0x00, 0x3E, 0x00, 0x00, 0x00, 0x7C,
  0x00, 0x00, 0x00, 0xF8, 0x00, 0x00, 0x01, 0xF0, 0x00, 0x00, 0x03, 0xE0,
  0x00, 0x00, 0x07, 0xC0, 0x00, 0x00, 0x0F, 0x80, 0x00, 0x00, 0x1F, 0x00,
  0x00, 0x00, 0x3E, 0x00, 0x00, 0x00, 0x7F, 0xFF, 0xFF, 0xFF, 0xFF, 0xFF,
  0xFF, 0xFF, 0xDF, 0xFF, 0xFF, 0xFF, 0x9F, 0xFF, 0xFF, 0xFF, 0xFF, 0xFE,
  0x60, 0x01, 0xB0, 0x00, 0xF8, 0x00, 0x7C, 0x00, 0x3E, 0x00, 0x1F, 0x00,
  0x0F, 0x80, 0x07, 0xC0, 0x03, 0xE0, 0x01, 0xF0, 0x00, 0xF8, 0x00, 0x7F,
  0xFF, 0xFF, 0xFF, 0xFD, 0xFF, 0xFE, 0x7F, 0xFF, 0x00, 0x01, 0xFF, 0xFF,
  0x00, 0x00, 0x80, 0x03, 0x80, 0x00, 0xC0, 0x01, 0xE0, 0x00, 0x60, 0x00,
  0xF0, 0x00, 0x20, 0x00, 0x78, 0x00, 0x30, 0x00, 0x78, 0x00, 0x10, 0x00,
  0x3C, 0x00, 0x08, 0x00, 0x1E, 0x00, 0x0C, 0x00, 0x0F, 0x00, 0x04, 0x00,
  0x0F, 0x00, 0x06, 0x00, 0x07, 0x80, 0x03, 0x00, 0x03, 0xC0, 0x01, 0x00,
  0x01, 0xE0, 0x01, 0x80, 0x01, 0xE0, 0x00, 0xC0, 0x00, 0xF0, 0x00, 0x60,
  0x00, 0x78, 0x00, 0x60, 0x00, 0x78, 0x00, 0x30, 0x00, 0x3C, 0x00, 0x18,
  0x00, 0x1E, 0x00, 0x08, 0x00, 0x0F, 0x00, 0x0C, 0x00, 0x0F, 0x00, 0x06,
  0x00, 0x07, 0x80, 0x02, 0x00, 0x03, 0xC0, 0x03, 0x00, 0x03, 0xC0, 0x01,
  0x80, 0x01, 0xE0, 0x00, 0x80, 0x00, 0xF0, 0x00, 0xC0, 0x00, 0x78, 0x00,
  0x60, 0x00, 0x78, 0x00, 0x30, 0x00, 0x3C, 0x00, 0x30, 0x00, 0x1E, 0x00,
  0x18, 0x00, 0x1E, 0x00, 0x0C, 0x00, 0x0F, 0x00, 0x04, 0x00, 0x07, 0x80,
  0x06, 0x00, 0x07, 0x80, 0x03, 0x00, 0x03, 0xC0, 0x01, 0x80, 0x01, 0xE0,
  0x01, 0x80, 0x00, 0xF0, 0x00, 0xC0, 0x00, 0xF0, 0x00, 0x60, 0x00, 0x78,
  0x00, 0x20, 0x00, 0x3C, 0x00, 0x30, 0x00, 0x3C, 0x00, 0x18, 0x00, 0x1E,
  0x00, 0x0C, 0x00, 0x0F, 0x00, 0x0C, 0x00, 0x0F, 0x00, 0x06, 0x00, 0x07,
  0x80, 0x03, 0x00, 0x07, 0xC0, 0x01, 0x80, 0x03, 0xC0, 0x01, 0x80, 0x01,
  0xE0, 0x00, 0xC0, 0x01, 0xE0, 0x00, 0x7F, 0xFF, 0xF0, 0x00, 0x3F, 0xFF,
  0xF8, 0x00, 0x1F, 0xFF, 0xF8, 0x00, 0x07, 0xFF, 0xFC, 0x00, 0x00, 0x00,
  0x07, 0xFF, 0x00, 0x00, 0x00, 0x70, 0x03, 0xE0, 0x00, 0x03, 0x80, 0x00,
  0x70, 0x00, 0x0C, 0x00, 0x00, 0x38, 0x00, 0x30, 0x00, 0x00, 0x38, 0x00,
  0xC0, 0x00, 0x00, 0x38, 0x03, 0x00, 0x00, 0x00, 0x38, 0x04, 0x00, 0x00,
  0x00, 0x30, 0x18, 0x00, 0x00, 0x00, 0x30, 0x20, 0x00, 0x00, 0x00, 0x60,
  0xC0, 0x00, 0x00, 0x00, 0xE1, 0x00, 0x00, 0x00, 0x00, 0xC6, 0x00, 0x00,
  0x00, 0x01, 0xCC, 0x00, 0x0E, 0x00, 0x03, 0x98, 0x00, 0x1E, 0x00, 0x07,
  0x20, 0x00, 0x7C, 0x00, 0x06, 0xC0, 0x00, 0xFC, 0x00, 0x0D, 0x80, 0x01,
  0xF8, 0x00, 0x1F, 0x00, 0x03, 0xF0, 0x00, 0x3E, 0x00, 0x07, 0xE0, 0x00,
  0x7C, 0x00, 0x0F, 0xC0, 0x00, 0xF8, 0x00, 0x1F, 0x80, 0x01, 0xF0, 0x00,
  0x3F, 0x00, 0x03, 0xE0, 0x00, 0x7E, 0x00, 0x07, 0xC0, 0x00, 0xFC, 0x00,
  0x0F, 0x80, 0x01, 0xF8, 0x00, 0x1F, 0x00, 0x03, 0xF0, 0x00, 0x3E, 0x00,
  0x07, 0xE0, 0x00, 0x7C, 0x00, 0x0F, 0x80, 0x00, 0xFC, 0x00, 0x0F, 0x00,
  0x03, 0xD8, 0x00, 0x1E, 0x00, 0x07, 0x30, 0x00, 0x00, 0x00, 0x0E, 0x60,
  0x00, 0x00, 0x00, 0x1C, 0xE0, 0x00, 0x00, 0x00, 0x79, 0xC0, 0x00, 0x00,
  0x00, 0xF1, 0xC0, 0x00, 0x00, 0x03, 0xC3, 0x80, 0x00, 0x00, 0x07, 0x83,
  0x80, 0x00, 0x00, 0x1E, 0x07, 0x80, 0x00, 0x00, 0x7C, 0x07, 0x80, 0x00,
  0x01, 0xF0, 0x0F, 0x80, 0x00, 0x07, 0xE0, 0x0F, 0xC0, 0x00, 0x1F, 0x80,
  0x0F, 0xF8, 0x01, 0xFE, 0x00, 0x07, 0xFF, 0xFF, 0xF8, 0x00, 0x07, 0xFF,
  0xFF, 0xE0, 0x00, 0x01, 0xFF, 0xFF, 0x00, 0x00, 0x00, 0x7F, 0xF0, 0x00,
  0x00, 0x01, 0xFF, 0xF3, 0xF8, 0x00, 0x6C, 0x00, 0x01, 0xF0, 0x00, 0x07,
  0xC0, 0x00, 0x1F, 0x00, 0x00, 0x7C, 0x00, 0x01, 0xF0, 0x00, 0x07, 0xC0,
  0x00, 0x1F, 0x00, 0x00, 0x7C, 0x00, 0x01, 0xF0, 0x00, 0x07, 0xC0, 0x00,
  0x1F, 0xC0, 0x00, 0x7F, 0x00, 0x01, 0xFC, 0x00, 0x07, 0xF0, 0x00, 0x1C,
  0xC0, 0x00, 0x73, 0x00, 0x01, 0xCC, 0x00, 0x07, 0x30, 0x00, 0x1C, 0xC0,
  0x00, 0x73, 0x00, 0x01, 0xCC, 0x00, 0x07, 0x30, 0x00, 0x1C, 0xC0, 0x00,
  0x73, 0x00, 0x01, 0xCC, 0x00, 0x07, 0x30, 0x00, 0x1C, 0xC0, 0x00, 0x73,
  0x00, 0x01, 0xCC, 0x00, 0x07, 0x30, 0x00, 0x1C, 0xC0, 0x00, 0x73, 0x00,
  0x01, 0xCC, 0x00, 0x07, 0x30, 0x00, 0x1C, 0xC0, 0x00, 0x73, 0x00, 0x01,
  0xCC, 0x00, 0x07, 0x30, 0x00, 0x1C, 0xC0, 0x00, 0x73, 0x00, 0x01, 0xCF,
  0xFF, 0xFF, 0x3F, 0xFF, 0xFC, 0x7F, 0xFF, 0xF0, 0xFF, 0xFF, 0xC0, 0x00,
  0xFF, 0xFE, 0x00, 0x1F, 0x80, 0x01, 0xE0, 0x18, 0x00, 0x00, 0x1C, 0x0C,
  0x00, 0x00, 0x07, 0x06, 0x00, 0x00, 0x00, 0xC3, 0x00, 0x00, 0x00, 0x71,
  0x80, 0x00, 0x00, 0x18, 0xC0, 0x00, 0x00, 0x0E, 0x70, 0x00, 0x00, 0x03,
  0x18, 0x00, 0x00, 0x01, 0x8C, 0x00, 0x00, 0x00, 0xE6, 0x03, 0xE0, 0x00,
  0x73, 0x0F, 0xFC, 0x00, 0x39, 0xBF, 0xFE, 0x00, 0x1C, 0xFF, 0xFE, 0x00,
  0x0E, 0x7F, 0xFE, 0x00, 0x07, 0x3F, 0xBC, 0x00, 0x07, 0x8F, 0x38, 0x00,
  0x03, 0xC6, 0x70, 0x00, 0x01, 0xE0, 0x60, 0x00, 0x01, 0xE0, 0x60, 0x00,
  0x00, 0xF0, 0x60, 0x00, 0x00, 0xF8, 0x60, 0x00, 0x00, 0xF8, 0x20, 0x00,
  0x01, 0xF8, 0x30, 0x00, 0x01, 0xFC, 0x10, 0x00, 0x03, 0xFC, 0x18, 0x00,
  0x07, 0xFC, 0x0C, 0x00, 0x07, 0xFC, 0x0C, 0x00, 0x0F, 0xFC, 0x06, 0x00,
  0x07, 0xF8, 0x03, 0x00, 0x03, 0xFF, 0xF9, 0x80, 0x00, 0x00, 0x06, 0xC0,
  0x00, 0x00, 0x03, 0xE0, 0x00, 0x00, 0x01, 0xF0, 0x00, 0x00, 0x00, 0xF8,
  0x00, 0x00, 0x00, 0x7C, 0x00, 0x00, 0x00, 0x3E, 0x00, 0x00, 0x00, 0x1F,
  0x00, 0x00, 0x00, 0x0F, 0x80, 0x00, 0x00, 0x07, 0xC0, 0x00, 0x00, 0x03,
  0xE0, 0x00, 0x00, 0x01, 0xF0, 0x00, 0x00, 0x00, 0xFF, 0xFF, 0xFF, 0xFF,
  0xFF, 0xFF, 0xFF, 0xFF, 0xFF, 0xFF, 0xFF, 0xFF, 0xFD, 0xFF, 0xFF, 0xFF,
  0xFE, 0x03, 0xFF, 0xF0, 0x00, 0x3F, 0x00, 0x07, 0xC0, 0x06, 0x00, 0x00,
  0x1C, 0x01, 0x80, 0x00, 0x01, 0xC0, 0x60, 0x00, 0x00, 0x38, 0x18, 0x00,
  0x00, 0x06, 0x06, 0x00, 0x00, 0x00, 0xC1, 0x80, 0x00, 0x00, 0x38, 0x70,
  0x00, 0x00, 0x0E, 0x1C, 0x00, 0x00, 0x01, 0x83, 0x00, 0x00, 0x00, 0x70,
  0xC0, 0x00, 0x00, 0x1C, 0x3F, 0xFF, 0x00, 0x07, 0x0F, 0xFF, 0xE0, 0x01,
  0xC3, 0xFF, 0xF8, 0x00, 0x70, 0xFF, 0xFE, 0x00, 0x1C, 0x07, 0xFE, 0x00,
  0x0F, 0x01, 0x80, 0x00, 0x03, 0xC0, 0x60, 0x00, 0x00, 0xE0, 0x18, 0x00,
  0x00, 0x78, 0x06, 0x00, 0x00, 0x3E, 0x01, 0x80, 0x00, 0x1F, 0x00, 0x60,
  0x00, 0x03, 0xC0, 0x18, 0x00, 0x00, 0x38, 0x06, 0x00, 0x00, 0x07, 0x01,
  0x80, 0x00, 0x01, 0xC0, 0x7F, 0xF0, 0x00, 0x38, 0x1F, 0xFE, 0x00, 0x06,
  0x07, 0xFF, 0x80, 0x01, 0xC1, 0xFF, 0xE0, 0x00, 0x73, 0xFF, 0xF0, 0x00,
  0x1C, 0xC0, 0x00, 0x00, 0x07, 0x30, 0x00, 0x00, 0x01, 0xCC, 0x00, 0x00,
  0x00, 0x73, 0x00, 0x00, 0x00, 0x3C, 0xC0, 0x00, 0x00, 0x0F, 0x20, 0x00,
  0x00, 0x03, 0x98, 0x00, 0x00, 0x01, 0xE6, 0x00, 0x00, 0x00, 0x79, 0x80,
  0x00, 0x00, 0x3C, 0x60, 0x00, 0x00, 0x3F, 0x18, 0x00, 0x00, 0x3F, 0x87,
  0xC0, 0x00, 0x7F, 0xC1, 0xFF, 0xFF, 0xFF, 0xE0, 0x7F, 0xFF, 0xFF, 0xE0,
  0x3F, 0xFF, 0xFF, 0xE0, 0x00, 0x3F, 0xFF, 0x80, 0x00, 0x00, 0x1F, 0xFF,
  0xFF, 0xC0, 0x03, 0x00, 0x00, 0x06, 0x00, 0x30, 0x00, 0x00, 0x70, 0x02,
  0x00, 0x00, 0x07, 0x00, 0x60, 0x00, 0x00, 0x70, 0x04, 0x00, 0x00, 0x07,
  0x00, 0xC0, 0x00, 0x00, 0x70, 0x0C, 0x00, 0x00, 0x07, 0x00, 0x80, 0x00,
  0x00, 0x70, 0x18, 0x00, 0x00, 0x07, 0x01, 0x00, 0x00, 0x00, 0x70, 0x30,
  0x01, 0x00, 0x07, 0x03, 0x00, 0x10, 0x00, 0x70, 0x20, 0x01, 0x00, 0x07,
  0x06, 0x00, 0x10, 0x00, 0x70, 0x60, 0x03, 0x00, 0x07, 0x04, 0x00, 0x30,
  0x00, 0x70, 0xC0, 0x03, 0x00, 0x07, 0x0C, 0x00, 0x70, 0x00, 0x70, 0x80,
  0x07, 0x00, 0x07, 0x18, 0x00, 0x70, 0x00, 0x71, 0x80, 0x0F, 0x00, 0x07,
  0x10, 0x00, 0xF0, 0x00, 0x73, 0x00, 0x0F, 0x00, 0x07, 0x30, 0x01, 0xF0,
  0x00, 0x72, 0x00, 0x00, 0x00, 0x07, 0x60, 0x00, 0x00, 0x00, 0x76, 0x00,
  0x00, 0x00, 0x07, 0x40, 0x00, 0x00, 0x00, 0x7C, 0x00, 0x00, 0x00, 0x07,
  0xC0, 0x00, 0x00, 0x00, 0x7C, 0x00, 0x00, 0x00, 0x07, 0xC0, 0x00, 0x00,
  0x00, 0x7C, 0x00, 0x00, 0x00, 0x07, 0xC0, 0x00, 0x00, 0x00, 0x7C, 0x00,
  0x00, 0x00, 0x07, 0xFF, 0xFF, 0xF0, 0x00, 0x7F, 0xFF, 0xFF, 0x00, 0x07,
  0x7F, 0xFF, 0xF0, 0x00, 0x73, 0xFF, 0xFF, 0x00, 0x07, 0x00, 0x00, 0x30,
  0x00, 0x70, 0x00, 0x03, 0x00, 0x07, 0x00, 0x00, 0x30, 0x00, 0x70, 0x00,
  0x03, 0xFF, 0xFF, 0x00, 0x00, 0x3F, 0xFF, 0xF0, 0x00, 0x01, 0xFF, 0xFF,
  0x00, 0x00, 0x0F, 0xFF, 0xF0, 0x7F, 0xFF, 0xFF, 0xFE, 0x0C, 0x00, 0x00,
  0x00, 0x61, 0x80, 0x00, 0x00, 0x0E, 0x30, 0x00, 0x00, 0x01, 0xC6, 0x00,
  0x00, 0x00, 0x38, 0xC0, 0x00, 0x00, 0x07, 0x18, 0x00, 0x00, 0x00, 0xE3,
  0x00, 0x00, 0x00, 0x1C, 0x60, 0x00, 0x00, 0x03, 0x8C, 0x00, 0x00, 0x00,
  0x71, 0x80, 0x00, 0x00, 0x0E, 0x30, 0x00, 0x00, 0x01, 0xC6, 0x00, 0x00,
  0x00, 0x38, 0xC0, 0x01, 0xFF, 0xFF, 0x18, 0x00, 0x3F, 0xFF, 0xE3, 0x00,
  0x07, 0xFF, 0xFC, 0x60, 0x00, 0xFF, 0xFF, 0x8C, 0x00, 0x00, 0x7C, 0x01,
  0x80, 0x00, 0x01, 0xE0, 0x30, 0x00, 0x00, 0x0E, 0x06, 0x00, 0x00, 0x00,
  0xE0, 0xC0, 0x00, 0x00, 0x0E, 0x18, 0x00, 0x00, 0x00, 0xE3, 0x00, 0x00,
  0x00, 0x1C, 0x60, 0x00, 0x00, 0x01, 0xCC, 0x00, 0x00, 0x00, 0x39, 0xFF,
  0xFE, 0x00, 0x03, 0x3F, 0xFF, 0xC0, 0x00, 0x77, 0xFF, 0xFC, 0x00, 0x0E,
  0x7F, 0xFF, 0x80, 0x01, 0xCF, 0xFF, 0xE0, 0x00, 0x39, 0xFF, 0xF8, 0x00,
  0x07, 0x30, 0x00, 0x00, 0x00, 0xE6, 0x00, 0x00, 0x00, 0x1C, 0xC0, 0x00,
  0x00, 0x07, 0x98, 0x00, 0x00, 0x00, 0xF2, 0x00, 0x00, 0x00, 0x1C, 0xC0,
  0x00, 0x00, 0x07, 0x98, 0x00, 0x00, 0x00, 0xF3, 0x00, 0x00, 0x00, 0x3C,
  0x60, 0x00, 0x00, 0x1F, 0x8C, 0x00, 0x00, 0x0F, 0xE1, 0xF0, 0x00, 0x0F,
  0xF8, 0x3F, 0xFF, 0xFF, 0xFE, 0x07, 0xFF, 0xFF, 0xFF, 0x01, 0xFF, 0xFF,
  0xFF, 0x80, 0x00, 0xFF, 0xFF, 0x00, 0x00, 0x00, 0x01, 0xFF, 0xF8, 0x00,
  0x00, 0x70, 0x00, 0xFF, 0x80, 0x1C, 0x00, 0x00, 0x3C, 0x01, 0x80, 0x00,
  0x01, 0xC0, 0x30, 0x00, 0x00, 0x0E, 0x03, 0x00, 0x00, 0x00, 0x70, 0x30,
  0x00, 0x00, 0x03, 0x81, 0x00, 0x00, 0x00, 0x1C, 0x18, 0x00, 0x00, 0x01,
  0xE0, 0x80, 0x00, 0x00, 0x0F, 0x0C, 0x00, 0x00, 0x00, 0x78, 0x40, 0x00,
  0x00, 0x03, 0xC6, 0x00, 0x00, 0x00, 0x1C, 0x30, 0x00, 0x3F, 0xFF, 0xE1,
  0x80, 0x03, 0xFF, 0xFF, 0x08, 0x00, 0x1F, 0xFF, 0xF8, 0xC0, 0x00, 0x00,
  0x7F, 0xC6, 0x00, 0x00, 0x00, 0x78, 0x30, 0x00, 0x00, 0x00, 0xE1, 0x80,
  0x00, 0x00, 0x03, 0x8C, 0x00, 0x00, 0x00, 0x0C, 0x60, 0x00, 0x00, 0x00,
  0x73, 0x00, 0x00, 0x00, 0x01, 0xD8, 0x00, 0x00, 0x00, 0x0E, 0xC0, 0x00,
  0x00, 0x00, 0x76, 0x00, 0x03, 0xC0, 0x01, 0xF0, 0x00, 0x3F, 0x00, 0x0F,
  0x80, 0x01, 0xF8, 0x00, 0x7C, 0x00, 0x0F, 0xC0, 0x03, 0xF0, 0x00, 0x7E,
  0x00, 0x1D, 0x80, 0x01, 0xE0, 0x00, 0xEC, 0x00, 0x00, 0x00, 0x07, 0x60,
  0x00, 0x00, 0x00, 0x3B, 0x80, 0x00, 0x00, 0x03, 0xCC, 0x00, 0x00, 0x00,
  0x1E, 0x70, 0x00, 0x00, 0x00, 0xE3, 0x80, 0x00, 0x00, 0x0F, 0x0E, 0x00,
  0x00, 0x00, 0x78, 0x78, 0x00, 0x00, 0x07, 0x81, 0xE0, 0x00, 0x00, 0x7C,
  0x07, 0x80, 0x00, 0x07, 0xC0, 0x3F, 0x00, 0x00, 0xFC, 0x00, 0xFF, 0x00,
  0x3F, 0xE0, 0x01, 0xFF, 0xFF, 0xFE, 0x00, 0x07, 0xFF, 0xFF, 0xC0, 0x00,
  0x0F, 0xFF, 0xF8, 0x00, 0x00, 0x07, 0xFE, 0x00, 0x00, 0xFF, 0xFF, 0xFF,
  0xFF, 0xCC, 0x00, 0x00, 0x00, 0x06, 0xC0, 0x00, 0x00, 0x00, 0x7C, 0x00,
  0x00, 0x00, 0x07, 0xC0, 0x00, 0x00, 0x00, 0x7C, 0x00, 0x00, 0x00, 0x07,
  0xC0, 0x00, 0x00, 0x00, 0x7C, 0x00, 0x00, 0x00, 0x07, 0xC0, 0x00, 0x00,
  0x00, 0x7C, 0x00, 0x00, 0x00, 0x07, 0xC0, 0x00, 0x00, 0x00, 0xFC, 0x00,
  0x00, 0x00, 0x0F, 0xC0, 0x00, 0x00, 0x01, 0xEF, 0xFF, 0xF8, 0x00, 0x3E,
  0xFF, 0xFF, 0x80, 0x03, 0xC7, 0xFF, 0xF0, 0x00, 0x7C, 0x3F, 0xFF, 0x00,
  0x07, 0x80, 0x00, 0x60, 0x00, 0xF0, 0x00, 0x0C, 0x00, 0x0F, 0x00, 0x00,
  0xC0, 0x01, 0xE0, 0x00, 0x18, 0x00, 0x1E, 0x00, 0x01, 0x80, 0x03, 0xC0,
  0x00, 0x30, 0x00, 0x3C, 0x00, 0x02, 0x00, 0x07, 0x80, 0x00, 0x60, 0x00,
  0x78, 0x00, 0x04, 0x00, 0x07, 0x80, 0x00, 0xC0, 0x00, 0xF0, 0x00, 0x08,
  0x00, 0x0F, 0x00, 0x01, 0x80, 0x00, 0xE0, 0x00, 0x18, 0x00, 0x1E, 0x00,
  0x01, 0x00, 0x01, 0xE0, 0x00, 0x30, 0x00, 0x1C, 0x00, 0x03, 0x00, 0x01,
  0xC0, 0x00, 0x60, 0x00, 0x1C, 0x00, 0x06, 0x00, 0x01, 0xC0, 0x00, 0x60,
  0x00, 0x1C, 0x00, 0x06, 0x00, 0x01, 0xC0, 0x00, 0x60, 0x00, 0x1C, 0x00,
  0x06, 0x00, 0x01, 0xC0, 0x00, 0x60, 0x00, 0x1C, 0x00, 0x06, 0x00, 0x01,
  0xC0, 0x00, 0x60, 0x00, 0x1C, 0x00, 0x06, 0x00, 0x01, 0xC0, 0x00, 0x7F,
  0xFF, 0xFC, 0x00, 0x07, 0xFF, 0xFF, 0xC0, 0x00, 0x3F, 0xFF, 0xFC, 0x00,
  0x01, 0xFF, 0xFF, 0xC0, 0x00, 0x00, 0x03, 0xFF, 0xC0, 0x00, 0x00, 0x3C,
  0x00, 0x7C, 0x00, 0x00, 0xC0, 0x00, 0x07, 0x00, 0x03, 0x00, 0x00, 0x01,
  0x80, 0x06, 0x00, 0x00, 0x00, 0xE0, 0x0C, 0x00, 0x00, 0x00, 0x60, 0x08,
  0x00, 0x00, 0x00, 0x30, 0x18, 0x00, 0x00, 0x00, 0x38, 0x18, 0x00, 0x00,
  0x00, 0x38, 0x30, 0x00, 0x00, 0x00, 0x18, 0x30, 0x00, 0x00, 0x00, 0x1C,
  0x30, 0x00, 0x78, 0x00, 0x1C, 0x30, 0x00, 0xFC, 0x00, 0x1C, 0x30, 0x00,
  0xFC, 0x00, 0x1C, 0x30, 0x00, 0xFC, 0x00, 0x1C, 0x30, 0x00, 0xFC, 0x00,
  0x1C, 0x38, 0x00, 0x78, 0x00, 0x3C, 0x38, 0x00, 0x00, 0x00, 0x3C, 0x18,
  0x00, 0x00, 0x00, 0x38, 0x1C, 0x00, 0x00, 0x00, 0x78, 0x1E, 0x00, 0x00,
  0x00, 0xF8, 0x0F, 0x00, 0x00, 0x01, 0xF0, 0x0E, 0x00, 0x00, 0x00, 0xF0,
  0x18, 0x00, 0x00, 0x00, 0x38, 0x10, 0x00, 0x00, 0x00, 0x1C, 0x30, 0x00,
  0x00, 0x00, 0x1C, 0x60, 0x00, 0x7C, 0x00, 0x0E, 0x60, 0x00, 0xFE, 0x00,
  0x0E, 0xC0, 0x00, 0xFE, 0x00, 0x07, 0xC0, 0x00, 0xFE, 0x00, 0x07, 0xC0,
  0x00, 0xFE, 0x00, 0x07, 0xC0, 0x00, 0x7C, 0x00, 0x07, 0xC0, 0x00, 0x00,
  0x00, 0x07, 0xC0, 0x00, 0x00, 0x00, 0x07, 0xC0, 0x00, 0x00, 0x00, 0x07,
  0xE0, 0x00, 0x00, 0x00, 0x0F, 0xE0, 0x00, 0x00, 0x00, 0x0E, 0x70, 0x00,
  0x00, 0x00, 0x1E, 0x70, 0x00, 0x00, 0x00, 0x1E, 0x38, 0x00, 0x00, 0x00,
  0x3C, 0x3C, 0x00, 0x00, 0x00, 0x7C, 0x1F, 0x00, 0x00, 0x01, 0xF8, 0x0F,
  0xF0, 0x00, 0x1F, 0xF0, 0x07, 0xFF, 0xFF, 0xFF, 0xE0, 0x03, 0xFF, 0xFF,
  0xFF, 0xC0, 0x00, 0x7F, 0xFF, 0xFE, 0x00, 0x00, 0x07, 0xFF, 0xE0, 0x00,
  0x00, 0x0F, 0xFC, 0x00, 0x00, 0x03, 0x80, 0x1E, 0x00, 0x00, 0x60, 0x00,
  0x1C, 0x00, 0x0C, 0x00, 0x00, 0x30, 0x00, 0xC0, 0x00, 0x00, 0xE0, 0x0C,
  0x00, 0x00, 0x03, 0x80, 0x40, 0x00, 0x00, 0x0C, 0x06, 0x00, 0x00, 0x00,
  0x30, 0x20, 0x00, 0x00, 0x01, 0xC3, 0x00, 0x00, 0x00, 0x06, 0x18, 0x00,
  0x00, 0x00, 0x38, 0x80, 0x00, 0x00, 0x00, 0xCC, 0x00, 0x1E, 0x00, 0x06,
  0x60, 0x01, 0xF8, 0x00, 0x3B, 0x00, 0x0F, 0xC0, 0x01, 0xD8, 0x00, 0x7E,
  0x00, 0x06, 0xC0, 0x03, 0xF0, 0x00, 0x36, 0x00, 0x0F, 0x00, 0x01, 0xF0,
  0x00, 0x00, 0x00, 0x0F, 0x80, 0x00, 0x00, 0x00, 0x7E, 0x00, 0x00, 0x00,
  0x03, 0xF0, 0x00, 0x00, 0x00, 0x1D, 0x80, 0x00, 0x00, 0x00, 0xEE, 0x00,
  0x00, 0x00, 0x07, 0x78, 0x00, 0x00, 0x00, 0x39, 0xC0, 0x00, 0x00, 0x01,
  0xCF, 0x80, 0x00, 0x00, 0x0E, 0x3E, 0x00, 0x00, 0x00, 0x70, 0xFE, 0x00,
  0x00, 0x07, 0x83, 0xFF, 0xF8, 0x00, 0x3C, 0x7F, 0xFF, 0x80, 0x01, 0xC3,
  0x00, 0x00, 0x00, 0x0E, 0x18, 0x00, 0x00, 0x00, 0x70, 0xC0, 0x00, 0x00,
  0x07, 0x86, 0x00, 0x00, 0x00, 0x38, 0x30, 0x00, 0x00, 0x03, 0xC1, 0x00,
  0x00, 0x00, 0x1E, 0x18, 0x00, 0x00, 0x01, 0xE0, 0xC0, 0x00, 0x00, 0x1F,
  0x06, 0x00, 0x00, 0x01, 0xF0, 0x30, 0x00, 0x00, 0x1F, 0x01, 0x80, 0x00,
  0x03, 0xF0, 0x0F, 0xE0, 0x01, 0xFF, 0x00, 0x7F, 0xFF, 0xFF, 0xF0, 0x03,
  0xFF, 0xFF, 0xFE, 0x00, 0x1F, 0xFF, 0xFF, 0xC0, 0x00, 0x01, 0xFF, 0xF0,
  0x00, 0x00, 0xFF, 0xFE, 0x60, 0x01, 0xB0, 0x00, 0xF8, 0x00, 0x7C, 0x00,
  0x3E, 0x00, 0x1F, 0x00, 0x0F, 0x80, 0x07, 0xC0, 0x03, 0xE0, 0x01, 0xF0,
  0x00, 0xFF, 0xFF, 0xFF, 0xFF, 0xFF, 0xFF, 0xFD, 0xFF, 0xFE, 0x00, 0x00,
  0x00, 0x00, 0x00, 0x00, 0x00, 0x00, 0x00, 0x00, 0x0F, 0xFF, 0xE6, 0x00,
  0x1B, 0x00, 0x0F, 0x80, 0x07, 0xC0, 0x03, 0xE0, 0x01, 0xF0, 0x00, 0xF8,
  0x00, 0x7C, 0x00, 0x3E, 0x00, 0x1F, 0x00, 0x0F, 0x80, 0x07, 0xFF, 0xFF,
  0xFF, 0xFF, 0xDF, 0xFF, 0xE7, 0xFF, 0xF0, 0xFF, 0xFE, 0x60, 0x01, 0xB0,
  0x00, 0xF8, 0x00, 0x7C, 0x00, 0x3E, 0x00, 0x1F, 0x00, 0x0F, 0x80, 0x07,
  0xC0, 0x03, 0xE0, 0x01, 0xF0, 0x00, 0xF8, 0x00, 0x7F, 0xFF, 0xFF, 0xFF,
  0xFD, 0xFF, 0xFE, 0x7F, 0xFF, 0x00, 0x00, 0x00, 0x00, 0x00, 0x00, 0x00,
  0x00, 0x00, 0x00, 0x07, 0xFF, 0xF3, 0x00, 0x0D, 0x80, 0x07, 0xC0, 0x03,
  0xE0, 0x01, 0xF0, 0x00, 0xF8, 0x00, 0x7C, 0x00, 0x3E, 0x00, 0x1F, 0x00,
  0x0F, 0x80, 0x07, 0xC0, 0x07, 0xFC, 0x03, 0xFE, 0x01, 0xCF, 0x00, 0xE3,
  0x80, 0xF0, 0xC0, 0x78, 0x60, 0x3C, 0x30, 0x1C, 0x18, 0x1E, 0x0F, 0xFF,
  0x07, 0xFF, 0x83, 0xFF, 0x81, 0xFF, 0xC0, 0x00, 0x00, 0x00, 0x00, 0x00,
  0x00, 0x01, 0xF0, 0x00, 0x00, 0x0E, 0x70, 0x00, 0x00, 0xF0, 0xE0, 0x00,
  0x07, 0x80, 0xC0, 0x00, 0x38, 0x01, 0x80, 0x01, 0xC0, 0x03, 0x80, 0x0E,
  0x00, 0x07, 0x00, 0x70, 0x00, 0x0E, 0x03, 0x80, 0x00, 0x1C, 0x18, 0x00,
  0x00, 0x38, 0xC0, 0x00, 0x00, 0x76, 0x00, 0x00, 0x01, 0xF8, 0x00, 0x00,
  0x0F, 0xF0, 0x00, 0x00, 0x7F, 0xE0, 0x00, 0x07, 0xFE, 0xC0, 0x00, 0x3F,
  0xF1, 0x80, 0x01, 0xFF, 0x83, 0x00, 0x0F, 0xFC, 0x06, 0x00, 0x07, 0xE0,
  0x0C, 0x00, 0x01, 0xE0, 0x18, 0x00, 0x00, 0xF0, 0x30, 0x00, 0x00, 0x78,
  0x60, 0x00, 0x00, 0x3C, 0xF0, 0x00, 0x00, 0x1D, 0xF8, 0x00, 0x00, 0x1D,
  0xFC, 0x00, 0x00, 0x39, 0xFE, 0x00, 0x00, 0x70, 0xFF, 0x00, 0x00, 0xE0,
  0x7F, 0xC0, 0x01, 0xC0, 0x3F, 0xE0, 0x03, 0x80, 0x1F, 0xF0, 0x07, 0x00,
  0x0F, 0xF8, 0x0E, 0x00, 0x07, 0xFC, 0x1C, 0x00, 0x03, 0xFF, 0x30, 0x00,
  0x01, 0xFF, 0xE0, 0x00, 0x00, 0x7F, 0xC0, 0x00, 0x00, 0x3F, 0x80, 0x00,
  0x00, 0x1F, 0x00, 0x00, 0x00, 0x0E, 0xFF, 0xFF, 0xFF, 0xFC, 0xC0, 0x00,
  0x00, 0x06, 0xC0, 0x00, 0x00, 0x07, 0xC0, 0x00, 0x00, 0x07, 0xC0, 0x00,
  0x00, 0x07, 0xC0, 0x00, 0x00, 0x07, 0xC0, 0x00, 0x00, 0x07, 0xC0, 0x00,
  0x00, 0x07, 0xC0, 0x00, 0x00, 0x07, 0xC0, 0x00, 0x00, 0x07, 0xFF, 0xFF,
  0xFF, 0xFF, 0xFF, 0xFF, 0xFF, 0xFF, 0xFF, 0xFF, 0xFF, 0xFF, 0x7F, 0xFF,
  0xFF, 0xFF, 0xFF, 0xFF, 0xFF, 0xFE, 0xC0, 0x00, 0x00, 0x07, 0xC0, 0x00,
  0x00, 0x07, 0xC0, 0x00, 0x00, 0x07, 0xC0, 0x00, 0x00, 0x07, 0xC0, 0x00,
  0x00, 0x07, 0xC0, 0x00, 0x00, 0x07, 0xC0, 0x00, 0x00, 0x07, 0xC0, 0x00,
  0x00, 0x07, 0xC0, 0x00, 0x00, 0x07, 0xC0, 0x00, 0x00, 0x07, 0xFF, 0xFF,
  0xFF, 0xFF, 0xFF, 0xFF, 0xFF, 0xFF, 0x7F, 0xFF, 0xFF, 0xFF, 0x3F, 0xFF,
  0xFF, 0xFF, 0x60, 0x00, 0x00, 0x00, 0xF0, 0x00, 0x00, 0x01, 0xF8, 0x00,
  0x00, 0x02, 0x3C, 0x00, 0x00, 0x04, 0x1F, 0x00, 0x00, 0x18, 0x0F, 0x80,
  0x00, 0x30, 0x07, 0xC0, 0x00, 0x60, 0x01, 0xE0, 0x00, 0xC0, 0x00, 0xF0,
  0x01, 0x80, 0x00, 0x78, 0x03, 0x00, 0x00, 0x3C, 0x06, 0x00, 0x00, 0x1E,
  0x0C, 0x00, 0x00, 0x0F, 0x1C, 0x00, 0x00, 0x07, 0xBE, 0x00, 0x00, 0x03,
  0x7F, 0x80, 0x00, 0x07, 0x7F, 0xC0, 0x00, 0x0E, 0x3F, 0xE0, 0x00, 0x1C,
  0x1F, 0xF0, 0x00, 0x38, 0x0F, 0xF8, 0x00, 0x70, 0x03, 0xC0, 0x00, 0xE0,
  0x1C, 0x00, 0x01, 0xC0, 0xE0, 0x00, 0x03, 0x87, 0x00, 0x00, 0x07, 0x38,
  0x00, 0x00, 0x0F, 0xC0, 0x00, 0x00, 0x7F, 0x00, 0x00, 0x03, 0xFE, 0x00,
  0x00, 0x1F, 0xFC, 0x00, 0x00, 0xFF, 0x98, 0x00, 0x07, 0xFE, 0x30, 0x00,
  0x3F, 0xE0, 0x60, 0x03, 0xFF, 0x00, 0xC0, 0x1F, 0xF8, 0x01, 0x80, 0xFF,
  0xC0, 0x03, 0x87, 0xFE, 0x00, 0x03, 0x7F, 0xF0, 0x00, 0x07, 0xFF, 0x80,
  0x00, 0x0F, 0xFC, 0x00, 0x00, 0x0F, 0xC0, 0x00, 0x00, 0x0E, 0x00, 0x00,
  0x00, 0x01, 0xFF, 0xF8, 0x00, 0x7F, 0x00, 0x07, 0x80, 0xE0, 0x00, 0x00,
  0xE0, 0x60, 0x00, 0x00, 0x30, 0x60, 0x00, 0x00, 0x18, 0x60, 0x00, 0x00,
  0x0C, 0x60, 0x00, 0x00, 0x0E, 0x60, 0x00, 0x00, 0x06, 0x60, 0x00, 0x00,
  0x06, 0x70, 0x00, 0x00, 0x07, 0x70, 0x00, 0x00, 0x07, 0x30, 0x3F, 0x80,
  0x07, 0x31, 0xFF, 0x80, 0x07, 0x37, 0xFF, 0x80, 0x07, 0x3F, 0xFF, 0x00,
  0x0F, 0x3F, 0xF6, 0x00, 0x0F, 0x3F, 0x8C, 0x00, 0x0E, 0x3C, 0x18, 0x00,
  0x1E, 0x18, 0x30, 0x00, 0x3E, 0x10, 0x60, 0x00, 0x7C, 0x00, 0xC0, 0x00,
  0xF8, 0x00, 0xC0, 0x00, 0xF8, 0x01, 0x80, 0x01, 0xF0, 0x01, 0x80, 0x03,
  0xE0, 0x01, 0x00, 0x07, 0xC0, 0x03, 0x00, 0x07, 0x80, 0x03, 0x00, 0x07,
  0x00, 0x03, 0x00, 0x0F, 0x00, 0x03, 0x00, 0x0E, 0x00, 0x03, 0xFF, 0xFE,
  0x00, 0x03, 0xFF, 0xFE, 0x00, 0x03, 0xFF, 0xFE, 0x00, 0x03, 0x00, 0x0E,
  0x00, 0x03, 0x00, 0x0E, 0x00, 0x03, 0x00, 0x0E, 0x00, 0x03, 0x00, 0x0E,
  0x00, 0x03, 0x00, 0x0E, 0x00, 0x03, 0x00, 0x0E, 0x00, 0x03, 0x00, 0x0E,
  0x00, 0x03, 0x00, 0x0E, 0x00, 0x03, 0x00, 0x0E, 0x00, 0x03, 0x00, 0x0E,
  0x00, 0x03, 0x00, 0x0E, 0x00, 0x03, 0xFF, 0xFE, 0x00, 0x03, 0xFF, 0xFE,
  0x00, 0x01, 0xFF, 0xFE, 0x00, 0x00, 0xFF, 0xFE, 0x00, 0x00, 0x00, 0x3F,
  0xFF, 0xF0, 0x00, 0x00, 0x00, 0xF0, 0x00, 0x07, 0xFC, 0x00, 0x00, 0xC0,
  0x00, 0x00, 0x00, 0xE0, 0x00, 0xC0, 0x00, 0x00, 0x00, 0x0E, 0x00, 0x40,
  0x00, 0x00, 0x00, 0x01, 0x80, 0x60, 0x00, 0x00, 0x00, 0x00, 0x70, 0x30,
  0x00, 0x00, 0x00, 0x00, 0x1C, 0x08, 0x00, 0x00, 0x00, 0x00, 0x07, 0x04,
  0x00, 0x00, 0x00, 0x00, 0x01, 0xC3, 0x00, 0x00, 0x00, 0x00, 0x00, 0x70,
  0x80, 0x00, 0x00, 0x00, 0x00, 0x1C, 0x60, 0x00, 0x00, 0x00, 0x00, 0x07,
  0x10, 0x00, 0x0F, 0xFF, 0xE0, 0x01, 0xC4, 0x00, 0x07, 0xFF, 0xF8, 0x00,
  0x73, 0x00, 0x03, 0xFF, 0xFE, 0x00, 0x1C, 0xC0, 0x01, 0xFF, 0xFF, 0x80,
  0x07, 0x20, 0x00, 0x7F, 0xF8, 0x00, 0x01, 0xD8, 0x00, 0x3F, 0xE0, 0x00,
  0x00, 0x76, 0x00, 0x0F, 0xE0, 0x00, 0x00, 0x1D, 0x80, 0x03, 0xF0, 0x00,
  0x00, 0x07, 0x60, 0x00, 0xF8, 0x00, 0x00, 0x01, 0xD0, 0x00, 0x3C, 0x00,
  0x00, 0x00, 0x7C, 0x00, 0x1E, 0x00, 0x00, 0x00, 0x1F, 0x00, 0x07, 0x80,
  0x00, 0x00, 0x07, 0xC0, 0x01, 0xE0, 0x00, 0x00, 0x01, 0xF0, 0x00, 0x70,
  0x00, 0x00, 0x00, 0x7C, 0x00, 0x1C, 0x00, 0x0E, 0x00, 0x1F, 0x00, 0x07,
  0x00, 0x07, 0x80, 0x07, 0xC0, 0x01, 0xC0, 0x01, 0xE0, 0x01, 0xF0, 0x00,
  0x70, 0x00, 0x78, 0x00, 0x7C, 0x00, 0x1C, 0x00, 0x1E, 0x00, 0x1F, 0x00,
  0x07, 0x00, 0x07, 0x80, 0x07, 0xC0, 0x01, 0xC0, 0x01, 0xE0, 0x01, 0xF0,
  0x00, 0x70, 0x00, 0x38, 0x00, 0x7C, 0x00, 0x1C, 0x00, 0x00, 0x00, 0x1F,
  0x00, 0x07, 0x00, 0x00, 0x00, 0x07, 0xC0, 0x01, 0xE0, 0x00, 0x00, 0x01,
  0xF0, 0x00, 0x78, 0x00, 0x00, 0x00, 0x7E, 0x00, 0x0E, 0x00, 0x00, 0x00,
  0x1F, 0x80, 0x03, 0xC0, 0x00, 0x00, 0x07, 0x60, 0x00, 0xF0, 0x00, 0x00,
  0x01, 0xD8, 0x00, 0x3E, 0x00, 0x00, 0x00, 0x76, 0x00, 0x07, 0xC0, 0x00,
  0x00, 0x1D, 0xC0, 0x01, 0xF8, 0x00, 0x00, 0x07, 0x70, 0x00, 0x7F, 0xC0,
  0x00, 0x1F, 0xCC, 0x00, 0x0F, 0xFF, 0xFF, 0xFF, 0xF3, 0x80, 0x01, 0xFF,
  0xFF, 0xFF, 0xFC, 0xE0, 0x00, 0x3F, 0xFF, 0xFF, 0xFF, 0x1C, 0x00, 0x03,
  0xFF, 0xFF, 0xFE, 0x07, 0x00, 0x00, 0x00, 0x00, 0x03, 0x80, 0xE0, 0x00,
  0x00, 0x00, 0x00, 0x70, 0x38, 0x00, 0x00, 0x00, 0x00, 0x1C, 0x07, 0x00,
  0x00, 0x00, 0x00, 0x07, 0x01, 0xE0, 0x00, 0x00, 0x00, 0x01, 0xC0, 0x3C,
  0x00, 0x00, 0x00, 0x00, 0x70, 0x07, 0xC0, 0x00, 0x00, 0x00, 0x1C, 0x00,
  0xF8, 0x00, 0x00, 0x00, 0x07, 0x00, 0x1F, 0x80, 0x00, 0x00, 0x00, 0xE0,
  0x03, 0xFC, 0x00, 0x00, 0x00, 0x38, 0x00, 0x3F, 0xF0, 0x00, 0x07, 0xFE,
  0x00, 0x07, 0xFF, 0xFF, 0xFF, 0xFF, 0x80, 0x00, 0x7F, 0xFF, 0xFF, 0xFF,
  0xE0, 0x00, 0x03, 0xFF, 0xFF, 0xFF, 0xE0, 0x00, 0x00, 0x07, 0xFF, 0xF8,
  0x00, 0x00, 0xFF, 0xFF, 0xFE, 0x00, 0x00, 0x60, 0x00, 0x01, 0xC0, 0x00,
  0x30, 0x00, 0x00, 0xE0, 0x00, 0x30, 0x00, 0x00, 0x70, 0x00, 0x18, 0x00,
  0x00, 0x38, 0x00, 0x0C, 0x00, 0x00, 0x0E, 0x00, 0x06, 0x00, 0x00, 0x07,
  0x00, 0x03, 0x00, 0x00, 0x03, 0x80, 0x01, 0x00, 0x00, 0x01, 0xC0, 0x01,
  0x80, 0x00, 0x00, 0xE0, 0x00, 0xC0, 0x00, 0x00, 0x38, 0x00, 0x60, 0x02,
  0x00, 0x1C, 0x00, 0x20, 0x01, 0x00, 0x0E, 0x00, 0x30, 0x00, 0x80, 0x07,
  0x00, 0x18, 0x00, 0x40, 0x03, 0xC0, 0x0C, 0x00, 0x20, 0x00, 0xE0, 0x06,
  0x00, 0x10, 0x00, 0x70, 0x02, 0x00, 0x08, 0x00, 0x38, 0x03, 0x00, 0x0C,
  0x00, 0x1C, 0x01, 0x80, 0x07, 0x00, 0x0F, 0x00, 0xC0, 0x03, 0x80, 0x03,
  0x80, 0x60, 0x01, 0xC0, 0x01, 0xC0, 0x20, 0x00, 0xE0, 0x00, 0xE0, 0x30,
  0x00, 0x70, 0x00, 0x70, 0x18, 0x00, 0x38, 0x00, 0x3C, 0x0C, 0x00, 0x1C,
  0x00, 0x0E, 0x06, 0x00, 0x00, 0x00, 0x07, 0x03, 0x00, 0x00, 0x00, 0x03,
  0x81, 0x00, 0x00, 0x00, 0x01, 0xC1, 0x80, 0x00, 0x00, 0x00, 0xF0, 0xC0,
  0x00, 0x00, 0x00, 0x38, 0x60, 0x00, 0x00, 0x00, 0x1C, 0x30, 0x00, 0x00,
  0x00, 0x0E, 0x10, 0x00, 0x00, 0x00, 0x07, 0x18, 0x00, 0x00, 0x00, 0x03,
  0x8C, 0x00, 0x1F, 0xC0, 0x01, 0xE6, 0x00, 0x0F, 0xE0, 0x00, 0x73, 0x00,
  0x07, 0xF0, 0x00, 0x39, 0x80, 0x03, 0xF8, 0x00, 0x1C, 0x80, 0x01, 0xCE,
  0x00, 0x0E, 0xC0, 0x00, 0xE3, 0x00, 0x07, 0x60, 0x00, 0xF1, 0x80, 0x03,
  0xF0, 0x00, 0x78, 0xC0, 0x00, 0xFF, 0xFF, 0xFC, 0x7F, 0xFF, 0xFF, 0xFF,
  0xFE, 0x3F, 0xFF, 0xFB, 0xFF, 0xFE, 0x0F, 0xFF, 0xFD, 0xFF, 0xFF, 0x03,
  0xFF, 0xFE, 0x01, 0xFF, 0xFF, 0x80, 0x07, 0xF0, 0x00, 0x07, 0x80, 0x30,
  0x00, 0x00, 0x07, 0x01, 0x80, 0x00, 0x00, 0x0C, 0x0C, 0x00, 0x00, 0x00,
  0x30, 0x60, 0x00, 0x00, 0x01, 0xC3, 0x00, 0x00, 0x00, 0x06, 0x18, 0x00,
  0x00, 0x00, 0x38, 0xC0, 0x00, 0x00, 0x00, 0xC6, 0x00, 0x00, 0x00, 0x06,
  0x30, 0x00, 0x00, 0x00, 0x39, 0x80, 0x01, 0xC0, 0x01, 0xCC, 0x00, 0x0F,
  0x00, 0x0E, 0x60, 0x00, 0x78, 0x00, 0x73, 0x00, 0x03, 0xC0, 0x03, 0x98,
  0x00, 0x1E, 0x00, 0x1C, 0xC0, 0x00, 0xE0, 0x01, 0xE6, 0x00, 0x00, 0x00,
  0x0F, 0x30, 0x00, 0x00, 0x00, 0x71, 0x80, 0x00, 0x00, 0x07, 0x8C, 0x00,
  0x00, 0x00, 0x7C, 0x60, 0x00, 0x00, 0x07, 0xC3, 0x00, 0x00, 0x00, 0x0E,
  0x18, 0x00, 0x00, 0x00, 0x38, 0xC0, 0x00, 0x00, 0x00, 0xE6, 0x00, 0x00,
  0x00, 0x07, 0x30, 0x00, 0x3C, 0x00, 0x1D, 0x80, 0x01, 0xF0, 0x00, 0x6C,
  0x00, 0x0F, 0x80, 0x03, 0xE0, 0x00, 0x7C, 0x00, 0x1F, 0x00, 0x03, 0xE0,
  0x00, 0xF8, 0x00, 0x1E, 0x00, 0x07, 0xC0, 0x00, 0x00, 0x00, 0x3E, 0x00,
  0x00, 0x00, 0x01, 0xF0, 0x00, 0x00, 0x00, 0x1F, 0x80, 0x00, 0x00, 0x00,
  0xFC, 0x00, 0x00, 0x00, 0x07, 0x60, 0x00, 0x00, 0x00, 0x7B, 0x00, 0x00,
  0x00, 0x03, 0xD8, 0x00, 0x00, 0x00, 0x3C, 0xC0, 0x00, 0x00, 0x07, 0xE6,
  0x00, 0x00, 0x00, 0xFE, 0x3E, 0x00, 0x00, 0x3F, 0xE1, 0xFF, 0xFF, 0xFF,
  0xFE, 0x0F, 0xFF, 0xFF, 0xFF, 0xC0, 0x3F, 0xFF, 0xFF, 0xF8, 0x00, 0x1F,
  0xFF, 0xFC, 0x00, 0x00, 0x00, 0x00, 0xFF, 0xE0, 0x00, 0x07, 0x80, 0x1F,
  0xC0, 0x0C, 0x00, 0x01, 0xE0, 0x18, 0x00, 0x00, 0xE0, 0x10, 0x00, 0x00,
  0x70, 0x10, 0x00, 0x00, 0x78, 0x10, 0x00, 0x00, 0x3C, 0x10, 0x00, 0x00,
  0x1E, 0x18, 0x00, 0x00, 0x0F, 0x08, 0x00, 0x00, 0x07, 0x8C, 0x00, 0x00,
  0x03, 0x86, 0x00, 0x00, 0x01, 0xC6, 0x00, 0x00, 0x00, 0xE3, 0x00, 0x00,
  0xFF, 0xF1, 0x80, 0x00, 0xFF, 0xF8, 0xC0, 0x00, 0x7F, 0xFC, 0x40, 0x00,
  0x7F, 0xFE, 0x60, 0x00, 0x3C, 0x00, 0x30, 0x00, 0x1C, 0x00, 0x18, 0x00,
  0x0E, 0x00, 0x0C, 0x00, 0x07, 0x00, 0x06, 0x00, 0x03, 0x80, 0x03, 0x00,
  0x01, 0xC0, 0x01, 0x80, 0x00, 0xE0, 0x00, 0xC0, 0x00, 0x70, 0x00, 0x60,
  0x00, 0x38, 0x00, 0x30, 0x00, 0x1C, 0x00, 0x18, 0x00, 0x0E, 0x00, 0x0C,
  0x00, 0x03, 0x00, 0x07, 0x00, 0x01, 0xC0, 0x03, 0x80, 0x00, 0x7F, 0xF8,
  0xC0, 0x00, 0x00, 0x1C, 0x60, 0x00, 0x00, 0x0E, 0x38, 0x00, 0x00, 0x07,
  0x1C, 0x00, 0x00, 0x03, 0x86, 0x00, 0x00, 0x01, 0xC3, 0x80, 0x00, 0x00,
  0xE0, 0xE0, 0x00, 0x00, 0x78, 0x70, 0x00, 0x00, 0x3C, 0x1E, 0x00, 0x00,
  0x0E, 0x0F, 0x80, 0x00, 0x07, 0x03, 0xF0, 0x00, 0x03, 0x80, 0xFF, 0x80,
  0x07, 0xC0, 0x1F, 0xFF, 0xFF, 0xE0, 0x07, 0xFF, 0xFF, 0xF0, 0x00, 0xFF,
  0xFF, 0xFC, 0x00, 0x07, 0xFF, 0xC0, 0x01, 0xFF, 0xFC, 0x00, 0x03, 0xF8,
  0x00, 0x1F, 0x00, 0x0C, 0x00, 0x00, 0x07, 0x00, 0x30, 0x00, 0x00, 0x07,
  0x00, 0xC0, 0x00, 0x00, 0x06, 0x03, 0x00, 0x00, 0x00, 0x0C, 0x0C, 0x00,
  0x00, 0x00, 0x18, 0x30, 0x00, 0x00, 0x00, 0x70, 0xC0, 0x00, 0x00, 0x00,
  0xC3, 0x00, 0x00, 0x00, 0x01, 0x8C, 0x00, 0x00, 0x00, 0x07, 0x30, 0x00,
  0x00, 0x00, 0x1C, 0xC0, 0x00, 0x00, 0x00, 0x33, 0x00, 0x03, 0x80, 0x00,
  0xEC, 0x00, 0x0E, 0x00, 0x03, 0xB0, 0x00, 0x38, 0x00, 0x0E, 0xC0, 0x00,
  0xF0, 0x00, 0x1B, 0x00, 0x03, 0xC0, 0x00, 0x7C, 0x00, 0x0F, 0x00, 0x01,
  0xF0, 0x00, 0x3C, 0x00, 0x07, 0xC0, 0x00, 0xF0, 0x00, 0x1F, 0x00, 0x03,
  0xC0, 0x00, 0x7C, 0x00, 0x0F, 0x00, 0x01, 0xF0, 0x00, 0x3C, 0x00, 0x07,
  0xC0, 0x00, 0xF0, 0x00, 0x1F, 0x00, 0x03, 0xC0, 0x00, 0x7C, 0x00, 0x0F,
  0x00, 0x01, 0xF0, 0x00, 0x3C, 0x00, 0x07, 0xC0, 0x00, 0xE0, 0x00, 0x1F,
  0x00, 0x03, 0x80, 0x00, 0xFC, 0x00, 0x0E, 0x00, 0x03, 0xF0, 0x00, 0x00,
  0x00, 0x0E, 0xC0, 0x00, 0x00, 0x00, 0x3B, 0x00, 0x00, 0x00, 0x01, 0xEC,
  0x00, 0x00, 0x00, 0x07, 0xB0, 0x00, 0x00, 0x00, 0x1C, 0xC0, 0x00, 0x00,
  0x00, 0xF3, 0x00, 0x00, 0x00, 0x07, 0x8C, 0x00, 0x00, 0x00, 0x3E, 0x30,
  0x00, 0x00, 0x01, 0xF0, 0xC0, 0x00, 0x00, 0x0F, 0xC3, 0x00, 0x00, 0x00,
  0xFE, 0x0F, 0xE0, 0x00, 0x3F, 0xF0, 0x3F, 0xFF, 0xFF, 0xFF, 0x00, 0xFF,
  0xFF, 0xFF, 0xF8, 0x01, 0xFF, 0xFF, 0xFF, 0x00, 0x00, 0x1F, 0xFF, 0xC0,
  0x00, 0x00, 0xFF, 0xFF, 0xFF, 0xFC, 0xC0, 0x00, 0x00, 0x06, 0xC0, 0x00,
  0x00, 0x07, 0xC0, 0x00, 0x00, 0x07, 0xC0, 0x00, 0x00, 0x07, 0xC0, 0x00,
  0x00, 0x07, 0xC0, 0x00, 0x00, 0x07, 0xC0, 0x00, 0x00, 0x07, 0xC0, 0x00,
  0x00, 0x07, 0xC0, 0x00, 0x00, 0x07, 0xC0, 0x00, 0x00, 0x07, 0xC0, 0x00,
  0x00, 0x07, 0xC0, 0x00, 0x00, 0x07, 0xC0, 0x00, 0xFF, 0xFF, 0xC0, 0x00,
  0xFF, 0xFF, 0xC0, 0x00, 0xFF, 0xFF, 0xC0, 0x00, 0xFF, 0xFF, 0xC0, 0x00,
  0x00, 0x70, 0xC0, 0x00, 0x00, 0x70, 0xC0, 0x00, 0x00, 0x70, 0xC0, 0x00,
  0x00, 0x70, 0xC0, 0x00, 0x00, 0x70, 0xC0, 0x00, 0x00, 0x70, 0xC0, 0x00,
  0x00, 0x70, 0xC0, 0x00, 0x00, 0x70, 0xC0, 0x00, 0x00, 0x70, 0xC0, 0x00,
  0x00, 0x70, 0xC0, 0x00, 0xFF, 0xF0, 0xC0, 0x00, 0xFF, 0xF0, 0xC0, 0x00,
  0xFF, 0xF0, 0xC0, 0x00, 0xFF, 0xFE, 0xC0, 0x00, 0x00, 0x07, 0xC0, 0x00,
  0x00, 0x07, 0xC0, 0x00, 0x00, 0x07, 0xC0, 0x00, 0x00, 0x07, 0xC0, 0x00,
  0x00, 0x07, 0xC0, 0x00, 0x00, 0x07, 0xC0, 0x00, 0x00, 0x07, 0xC0, 0x00,
  0x00, 0x07, 0xC0, 0x00, 0x00, 0x07, 0xC0, 0x00, 0x00, 0x07, 0xC0, 0x00,
  0x00, 0x07, 0xC0, 0x00, 0x00, 0x07, 0xFF, 0xFF, 0xFF, 0xFF, 0xFF, 0xFF,
  0xFF, 0xFF, 0x7F, 0xFF, 0xFF, 0xFF, 0x3F, 0xFF, 0xFF, 0xFF, 0xFF, 0xFF,
  0xFF, 0xF9, 0x80, 0x00, 0x00, 0x1B, 0x00, 0x00, 0x00, 0x3E, 0x00, 0x00,
  0x00, 0x7C, 0x00, 0x00, 0x00, 0xF8, 0x00, 0x00, 0x01, 0xF0, 0x00, 0x00,
  0x03, 0xE0, 0x00, 0x00, 0x07, 0xC0, 0x00, 0x00, 0x0F, 0x80, 0x00, 0x00,
  0x1F, 0x00, 0x00, 0x00, 0x3E, 0x00, 0x00, 0x00, 0x7C, 0x00, 0x00, 0x00,
  0xF8, 0x00, 0x1F, 0xFF, 0xF0, 0x00, 0x3F, 0xFF, 0xE0, 0x00, 0x7F, 0xFF,
  0xC0, 0x00, 0xFF, 0xFF, 0x80, 0x01, 0xC0, 0x03, 0x00, 0x03, 0xFF, 0x06,
  0x00, 0x00, 0x07, 0x0C, 0x00, 0x00, 0x0E, 0x18, 0x00, 0x00, 0x1C, 0x30,
  0x00, 0x00, 0x38, 0x60, 0x00, 0x00, 0x70, 0xC0, 0x00, 0x00, 0xE1, 0x80,
  0x00, 0x01, 0xC3, 0x00, 0x00, 0x03, 0x86, 0x00, 0x00, 0x07, 0x0C, 0x00,
  0x00, 0x0E, 0x18, 0x00, 0x00, 0x1C, 0x30, 0x00, 0x00, 0x38, 0x60, 0x00,
  0x7F, 0xF0, 0xC0, 0x00, 0xFF, 0xE1, 0x80, 0x01, 0xFF, 0xC3, 0x00, 0x03,
  0xFF, 0x86, 0x00, 0x07, 0x00, 0x0C, 0x00, 0x0E, 0x00, 0x18, 0x00, 0x1C,
  0x00, 0x30, 0x00, 0x38, 0x00, 0x60, 0x00, 0x70, 0x00, 0xC0, 0x00, 0xE0,
  0x01, 0x80, 0x01, 0xC0, 0x03, 0x00, 0x03, 0x80, 0x07, 0xFF, 0xFF, 0x00,
  0x0F, 0xFF, 0xFE, 0x00, 0x0F, 0xFF, 0xFC, 0x00, 0x0F, 0xFF, 0xF8, 0x00,
  0x00, 0x00, 0x00, 0xFF, 0xFC, 0x00, 0x00, 0xF0, 0x00, 0xFF, 0x00, 0x30,
  0x00, 0x00, 0x70, 0x0C, 0x00, 0x00, 0x07, 0x01, 0x00, 0x00, 0x00, 0x70,
  0x60, 0x00, 0x00, 0x07, 0x04, 0x00, 0x00, 0x00, 0xF0, 0x80, 0x00, 0x00,
  0x0F, 0x18, 0x00, 0x00, 0x00, 0xF1, 0x00, 0x00, 0x00, 0x0E, 0x30, 0x00,
  0x00, 0x00, 0xE2, 0x00, 0x00, 0x00, 0x0E, 0x60, 0x00, 0x00, 0x00, 0xE6,
  0x00, 0x03, 0xFF, 0xFE, 0x60, 0x00, 0x7F, 0xFF, 0xE4, 0x00, 0x07, 0xFF,
  0xFE, 0x40, 0x00, 0xFF, 0xFF, 0xEC, 0x00, 0x0F, 0x00, 0x00, 0xC0, 0x00,
  0xF0, 0x00, 0x0C, 0x00, 0x0F, 0x00, 0x00, 0xC0, 0x00, 0xFF, 0xFF, 0xEC,
  0x00, 0x0F, 0x80, 0x07, 0xC0, 0x00, 0xF8, 0x00, 0x7C, 0x00, 0x0F, 0x80,
  0x07, 0xC0, 0x00, 0xF8, 0x00, 0x7C, 0x00, 0x0F, 0x80, 0x07, 0xC0, 0x00,
  0xF8, 0x00, 0x7C, 0x00, 0x0F, 0x80, 0x07, 0xC0, 0x00, 0x78, 0x00, 0x7E,
  0x00, 0x07, 0x80, 0x07, 0xE0, 0x00, 0x78, 0x00, 0x76, 0x00, 0x00, 0x00,
  0x07, 0x60, 0x00, 0x00, 0x00, 0x77, 0x00, 0x00, 0x00, 0x07, 0x70, 0x00,
  0x00, 0x00, 0x73, 0x00, 0x00, 0x00, 0x07, 0x38, 0x00, 0x00, 0x00, 0x73,
  0xC0, 0x00, 0x00, 0x07, 0x1C, 0x00, 0x00, 0x00, 0x70, 0xE0, 0x00, 0x00,
  0x07, 0x0F, 0x80, 0x00, 0x00, 0x70, 0x7E, 0x00, 0x00, 0x07, 0x03, 0xFC,
  0x00, 0x0F, 0xF0, 0x0F, 0xFF, 0xFF, 0xFF, 0x00, 0x7F, 0xFF, 0xFF, 0xF0,
  0x01, 0xFF, 0xFF, 0xFE, 0x00, 0x01, 0xFF, 0xF8, 0x00, 0xFF, 0xFF, 0xDF,
  0xFF, 0xF3, 0x00, 0x03, 0xE0, 0x00, 0x6C, 0x00, 0x0F, 0x80, 0x01, 0xF0,
  0x00, 0x3E, 0x00, 0x07, 0xC0, 0x00, 0xF8, 0x00, 0x1F, 0x00, 0x03, 0xE0,
  0x00, 0x7C, 0x00, 0x0F, 0x80, 0x01, 0xF0, 0x00, 0x3E, 0x00, 0x07, 0xC0,
  0x00, 0xF8, 0x00, 0x1F, 0x00, 0x03, 0xE0, 0x00, 0x7C, 0x00, 0x0F, 0x80,
  0x01, 0xF0, 0x00, 0x3E, 0x00, 0x07, 0xC0, 0x00, 0xF8, 0x00, 0x1F, 0x00,
  0x03, 0xE0, 0x00, 0x7C, 0x00, 0x0F, 0x80, 0x01, 0xF0, 0x00, 0x3E, 0x00,
  0x07, 0xC0, 0x00, 0x00, 0x00, 0x1F, 0x00, 0x00, 0x00, 0x00, 0x7C, 0x00,
  0x00, 0x00, 0x01, 0xF0, 0x00, 0x00, 0x00, 0x07, 0xC0, 0x00, 0x00, 0x00,
  0x1F, 0x00, 0x00, 0x00, 0x00, 0x7C, 0x00, 0x00, 0x00, 0x01, 0xF0, 0x00,
  0x00, 0x00, 0x07, 0xC0, 0x00, 0x00, 0x00, 0x1F, 0x00, 0x00, 0x00, 0x00,
  0x7C, 0x00, 0x00, 0x00, 0x01, 0xF0, 0x00, 0x00, 0x00, 0x07, 0xC0, 0x00,
  0xF8, 0x00, 0x1F, 0x00, 0x03, 0xE0, 0x00, 0x7C, 0x00, 0x0F, 0x80, 0x01,
  0xF0, 0x00, 0x3E, 0x00, 0x07, 0xC0, 0x00, 0xF8, 0x00, 0x1F, 0x00, 0x03,
  0xE0, 0x00, 0x7C, 0x00, 0x0F, 0x80, 0x01, 0xF0, 0x00, 0x3E, 0x00, 0x07,
  0xC0, 0x00, 0xF8, 0x00, 0x1F, 0x00, 0x03, 0xE0, 0x00, 0x7C, 0x00, 0x0F,
  0x80, 0x01, 0xF0, 0x00, 0x3E, 0x00, 0x07, 0xC0, 0x00, 0xF8, 0x00, 0x1F,
  0x00, 0x03, 0xE0, 0x00, 0x7C, 0x00, 0x0F, 0x80, 0x01, 0xFF, 0xFF, 0xFF,
  0xFF, 0xFF, 0xFF, 0xFF, 0xFF, 0xFF, 0xFD, 0xFF, 0xFF, 0xFF, 0xFF, 0xF3,
  0xFF, 0xFF, 0xFF, 0xFF, 0xC0, 0xFF, 0xFF, 0x98, 0x00, 0x1B, 0x00, 0x03,
  0xE0, 0x00, 0x7C, 0x00, 0x0F, 0x80, 0x01, 0xF0, 0x00, 0x3E, 0x00, 0x07,
  0xC0, 0x00, 0xF8, 0x00, 0x1F, 0x00, 0x03, 0xE0, 0x00, 0x7C, 0x00, 0x0F,
  0x80, 0x01, 0xF0, 0x00, 0x3E, 0x00, 0x07, 0xC0, 0x00, 0xF8, 0x00, 0x1F,
  0x00, 0x03, 0xE0, 0x00, 0x7C, 0x00, 0x0F, 0x80, 0x01, 0xF0, 0x00, 0x3E,
  0x00, 0x07, 0xC0, 0x00, 0xF8, 0x00, 0x1F, 0x00, 0x03, 0xE0, 0x00, 0x7C,
  0x00, 0x0F, 0x80, 0x01, 0xF0, 0x00, 0x3E, 0x00, 0x07, 0xC0, 0x00, 0xF8,
  0x00, 0x1F, 0x00, 0x03, 0xE0, 0x00, 0x7C, 0x00, 0x0F, 0x80, 0x01, 0xF0,
  0x00, 0x3E, 0x00, 0x07, 0xC0, 0x00, 0xF8, 0x00, 0x1F, 0x00, 0x03, 0xFF,
  0xFF, 0xFF, 0xFF, 0xFE, 0xFF, 0xFF, 0xCF, 0xFF, 0xF8, 0x7F, 0xFF, 0xFF,
  0xF8, 0xC0, 0x00, 0x00, 0x19, 0x80, 0x00, 0x00, 0x3B, 0x00, 0x00, 0x00,
  0x76, 0x00, 0x00, 0x00, 0xEC, 0x00, 0x00, 0x01, 0xD8, 0x00, 0x00, 0x03,
  0xB0, 0x00, 0x00, 0x07, 0x60, 0x00, 0x00, 0x0E, 0xC0, 0x00, 0x00, 0x1D,
  0x80, 0x00, 0x00, 0x3B, 0x00, 0x00, 0x00, 0x76, 0x00, 0x00, 0x00, 0xEF,
  0xFF, 0x80, 0x01, 0xDF, 0xFF, 0x00, 0x03, 0x9F, 0xFE, 0x00, 0x07, 0x1F,
  0xFC, 0x00, 0x0E, 0x00, 0x18, 0x00, 0x1C, 0x00, 0x30, 0x00, 0x38, 0x00,
  0x60, 0x00, 0x70, 0x00, 0xC0, 0x00, 0xE0, 0x01, 0x80, 0x01, 0xC0, 0x03,
  0x00, 0x03, 0x80, 0x06, 0x00, 0x07, 0x00, 0x0C, 0x00, 0x0E, 0x00, 0x18,
  0x00, 0x1C, 0x00, 0x30, 0x00, 0x38, 0x00, 0x60, 0x00, 0x70, 0x00, 0xC0,
  0x00, 0xE0, 0x01, 0x00, 0x01, 0xFF, 0xFE, 0x00, 0x07, 0xE0, 0xF0, 0x00,
  0x0F, 0xC0, 0x00, 0x00, 0x1D, 0x80, 0x00, 0x00, 0x3B, 0x00, 0x00, 0x00,
  0xF6, 0x00, 0x00, 0x01, 0xEC, 0x00, 0x00, 0x07, 0x98, 0x00, 0x00, 0x0F,
  0x30, 0x00, 0x00, 0x3C, 0x60, 0x00, 0x00, 0xF8, 0xC0, 0x00, 0x07, 0xE1,
  0x80, 0x00, 0x3F, 0x83, 0xC0, 0x03, 0xFE, 0x07, 0xFF, 0xFF, 0xF8, 0x0F,
  0xFF, 0xFF, 0xC0, 0x1F, 0xFF, 0xFE, 0x00, 0x03, 0xFF, 0xC0, 0x00, 0x00,
  0xFF, 0xFF, 0x87, 0xFF, 0xFF, 0x80, 0x01, 0x98, 0x00, 0x3F, 0x00, 0x03,
  0xB0, 0x00, 0x7E, 0x00, 0x07, 0xC0, 0x01, 0xEC, 0x00, 0x0F, 0x80, 0x03,
  0xD8, 0x00, 0x1F, 0x00, 0x07, 0xB0, 0x00, 0x3C, 0x00, 0x0E, 0x60, 0x00,
  0x78, 0x00, 0x3C, 0xC0, 0x00, 0xF0, 0x00, 0x79, 0x80, 0x01, 0xC0, 0x00,
  0xF3, 0x00, 0x03, 0x80, 0x03, 0xC6, 0x00, 0x07, 0x00, 0x07, 0x8C, 0x00,
  0x0C, 0x00, 0x1F, 0x18, 0x00, 0x18, 0x00, 0x3C, 0x30, 0x00, 0x30, 0x00,
  0x78, 0x60, 0x00, 0x40, 0x01, 0xE0, 0xC0, 0x00, 0x00, 0x03, 0xC1, 0x80,
  0x00, 0x00, 0x0F, 0x83, 0x00, 0x00, 0x00, 0x1E, 0x06, 0x00, 0x00, 0x00,
  0x7C, 0x0C, 0x00, 0x00, 0x01, 0xF0, 0x18, 0x00, 0x00, 0x1F, 0xE0, 0x30,
  0x00, 0x00, 0x07, 0x80, 0x60, 0x00, 0x00, 0x07, 0x00, 0xC0, 0x00, 0x00,
  0x07, 0x01, 0x80, 0x00, 0x00, 0x07, 0x03, 0x00, 0x02, 0x00, 0x0E, 0x06,
  0x00, 0x04, 0x00, 0x1E, 0x0C, 0x00, 0x0C, 0x00, 0x1C, 0x18, 0x00, 0x18,
  0x00, 0x38, 0x30, 0x00, 0x30, 0x00, 0x38, 0x60, 0x00, 0x70, 0x00, 0x70,
  0xC0, 0x00, 0xE0, 0x00, 0xE1, 0x80, 0x01, 0xC0, 0x00, 0xE3, 0x00, 0x03,
  0x80, 0x01, 0xC6, 0x00, 0x07, 0x80, 0x03, 0x8C, 0x00, 0x0F, 0x00, 0x07,
  0x98, 0x00, 0x1E, 0x00, 0x07, 0x30, 0x00, 0x3C, 0x00, 0x0E, 0x60, 0x00,
  0x7C, 0x00, 0x1C, 0xC0, 0x00, 0xF8, 0x00, 0x1D, 0x80, 0x01, 0xF0, 0x00,
  0x3B, 0x00, 0x03, 0xF0, 0x00, 0x77, 0xFF, 0xFF, 0xFF, 0xFF, 0xEF, 0xFF,
  0xFF, 0xFF, 0xFF, 0xEF, 0xFF, 0xFD, 0xFF, 0xFF, 0xDF, 0xFF, 0xF9, 0xFF,
  0xFF, 0x80, 0xFF, 0xFF, 0x80, 0x01, 0x80, 0x01, 0x80, 0x03, 0x00, 0x03,
  0x80, 0x06, 0x00, 0x07, 0x00, 0x0C, 0x00, 0x0E, 0x00, 0x18, 0x00, 0x1C,
  0x00, 0x30, 0x00, 0x38, 0x00, 0x60, 0x00, 0x70, 0x00, 0xC0, 0x00, 0xE0,
  0x01, 0x80, 0x01, 0xC0, 0x03, 0x00, 0x03, 0x80, 0x06, 0x00, 0x07, 0x00,
  0x0C, 0x00, 0x0E, 0x00, 0x18, 0x00, 0x1C, 0x00, 0x30, 0x00, 0x38, 0x00,
  0x60, 0x00, 0x70, 0x00, 0xC0, 0x00, 0xE0, 0x01, 0x80, 0x01, 0xC0, 0x03,
  0x00, 0x03, 0x80, 0x06, 0x00, 0x07, 0x00, 0x0C, 0x00, 0x0E, 0x00, 0x18,
  0x00, 0x1C, 0x00, 0x30, 0x00, 0x38, 0x00, 0x60, 0x00, 0x70, 0x00, 0xC0,
  0x00, 0xE0, 0x01, 0x80, 0x01, 0xC0, 0x03, 0x00, 0x03, 0x80, 0x06, 0x00,
  0x07, 0x00, 0x0C, 0x00, 0x0E, 0x00, 0x18, 0x00, 0x1C, 0x00, 0x30, 0x00,
  0x3F, 0xFE, 0x60, 0x00, 0x00, 0x06, 0xC0, 0x00, 0x00, 0x0F, 0x80, 0x00,
  0x00, 0x1F, 0x00, 0x00, 0x00, 0x3E, 0x00, 0x00, 0x00, 0x7C, 0x00, 0x00,
  0x00, 0xF8, 0x00, 0x00, 0x01, 0xF0, 0x00, 0x00, 0x03, 0xE0, 0x00, 0x00,
  0x07, 0xC0, 0x00, 0x00, 0x0F, 0x80, 0x00, 0x00, 0x1F, 0x00, 0x00, 0x00,
  0x3F, 0xFF, 0xFF, 0xFF, 0xFF, 0xFF, 0xFF, 0xFF, 0xEF, 0xFF, 0xFF, 0xFF,
  0xCF, 0xFF, 0xFF, 0xFF, 0x80, 0xFF, 0xFF, 0x00, 0x00, 0xFF, 0xFC, 0xC0,
  0x03, 0x80, 0x03, 0x00, 0x06, 0xC0, 0x01, 0xC0, 0x02, 0x00, 0x07, 0xC0,
  0x01, 0xC0, 0x06, 0x00, 0x07, 0xC0, 0x00, 0xE0, 0x04, 0x00, 0x07, 0xC0,
  0x00, 0xE0, 0x0C, 0x00, 0x07, 0xC0, 0x00, 0x70, 0x08, 0x00, 0x07, 0xC0,
  0x00, 0x70, 0x18, 0x00, 0x07, 0xC0, 0x00, 0x78, 0x10, 0x00, 0x07, 0xC0,
  0x00, 0x38, 0x30, 0x00, 0x07, 0xC0, 0x00, 0x3C, 0x20, 0x00, 0x07, 0xC0,
  0x00, 0x1C, 0x60, 0x00, 0x07, 0xC0, 0x00, 0x1E, 0x40, 0x00, 0x07, 0xC0,
  0x00, 0x0E, 0xC0, 0x00, 0x07, 0xC0, 0x00, 0x0E, 0x80, 0x00, 0x07, 0xC0,
  0x00, 0x07, 0x80, 0x00, 0x07, 0xC0, 0x00, 0x07, 0x00, 0x00, 0x07, 0xC0,
  0x00, 0x03, 0x00, 0x00, 0x07, 0xC0, 0x00, 0x02, 0x00, 0x00, 0x07, 0xC0,
  0x00, 0x00, 0x00, 0x00, 0x07, 0xC0, 0x00, 0x00, 0x00, 0x00, 0x07, 0xC0,
  0x00, 0x00, 0x00, 0x00, 0x07, 0xC0, 0x00, 0x00, 0x00, 0x00, 0x07, 0xC0,
  0x00, 0x00, 0x00, 0x00, 0x07, 0xC0, 0x00, 0x00, 0x01, 0x00, 0x07, 0xC0,
  0x01, 0x00, 0x01, 0x00, 0x07, 0xC0, 0x01, 0x00, 0x03, 0x00, 0x07, 0xC0,
  0x01, 0x80, 0x03, 0x00, 0x07, 0xC0, 0x01, 0x80, 0x07, 0x00, 0x07, 0xC0,
  0x01, 0xC0, 0x07, 0x00, 0x07, 0xC0, 0x01, 0xC0, 0x0F, 0x00, 0x07, 0xC0,
  0x01, 0xC0, 0x0F, 0x00, 0x07, 0xC0, 0x01, 0xE0, 0x1F, 0x00, 0x07, 0xC0,
  0x01, 0xE0, 0x1F, 0x00, 0x07, 0xC0, 0x01, 0xF0, 0x3F, 0x00, 0x07, 0xC0,
  0x01, 0xF0, 0x3F, 0x00, 0x07, 0xC0, 0x01, 0xF8, 0x7F, 0x00, 0x07, 0xC0,
  0x01, 0xF8, 0x7B, 0x00, 0x07, 0xC0, 0x01, 0xFC, 0xFB, 0x00, 0x07, 0xC0,
  0x01, 0xDD, 0xF3, 0x00, 0x07, 0xC0, 0x01, 0xDF, 0xF3, 0x00, 0x07, 0xC0,
  0x01, 0xCF, 0xE3, 0x00, 0x07, 0xC0, 0x01, 0xCF, 0xE3, 0x00, 0x07, 0xFF,
  0xFF, 0xC3, 0x83, 0xFF, 0xFF, 0xFF, 0xFF, 0xC0, 0x03, 0xFF, 0xFF, 0x7F,
  0xFF, 0xC0, 0x01, 0xFF, 0xFF, 0x7F, 0xFF, 0xC0, 0x00, 0xFF, 0xFF, 0xFF,
  0xFF, 0x1F, 0xFF, 0xF3, 0x00, 0x0E, 0x60, 0x00, 0x6C, 0x00, 0x39, 0x80,
  0x01, 0xF0, 0x00, 0x76, 0x00, 0x07, 0xC0, 0x01, 0xD8, 0x00, 0x1F, 0x00,
  0x03, 0xE0, 0x00, 0x7C, 0x00, 0x0F, 0x80, 0x01, 0xF0, 0x00, 0x3E, 0x00,
  0x07, 0xC0, 0x00, 0x78, 0x00, 0x1F, 0x00, 0x01, 0xE0, 0x00, 0x7C, 0x00,
  0x07, 0x80, 0x01, 0xF0, 0x00, 0x0E, 0x00, 0x07, 0xC0, 0x00, 0x38, 0x00,
  0x1F, 0x00, 0x00, 0x60, 0x00, 0x7C, 0x00, 0x01, 0x80, 0x01, 0xF0, 0x00,
  0x06, 0x00, 0x07, 0xC0, 0x00, 0x08, 0x00, 0x1F, 0x00, 0x00, 0x20, 0x00,
  0x7C, 0x00, 0x00, 0x80, 0x01, 0xF0, 0x00, 0x00, 0x00, 0x07, 0xC0, 0x00,
  0x00, 0x00, 0x1F, 0x00, 0x00, 0x00, 0x00, 0x7C, 0x00, 0x00, 0x00, 0x01,
  0xF0, 0x00, 0x00, 0x00, 0x07, 0xC0, 0x00, 0x00, 0x00, 0x1F, 0x00, 0x08,
  0x00, 0x00, 0x7C, 0x00, 0x10, 0x00, 0x01, 0xF0, 0x00, 0x40, 0x00, 0x07,
  0xC0, 0x01, 0x80, 0x00, 0x1F, 0x00, 0x06, 0x00, 0x00, 0x7C, 0x00, 0x1C,
  0x00, 0x01, 0xF0, 0x00, 0x70, 0x00, 0x07, 0xC0, 0x01, 0xC0, 0x00, 0x1F,
  0x00, 0x07, 0x80, 0x00, 0x7C, 0x00, 0x1E, 0x00, 0x01, 0xF0, 0x00, 0x7C,
  0x00, 0x07, 0xC0, 0x01, 0xF0, 0x00, 0x1F, 0x00, 0x07, 0xC0, 0x00, 0x7C,
  0x00, 0x1F, 0x80, 0x01, 0xF0, 0x00, 0x7E, 0x00, 0x07, 0xC0, 0x01, 0xFC,
  0x00, 0x1F, 0x00, 0x07, 0xF0, 0x00, 0x7C, 0x00, 0x1D, 0xC0, 0x01, 0xFF,
  0xFF, 0xF7, 0xFF, 0xFF, 0xFF, 0xFF, 0xCF, 0xFF, 0xFD, 0xFF, 0xFF, 0x3F,
  0xFF, 0xF7, 0xFF, 0xFC, 0x7F, 0xFF, 0xC0, 0x00, 0x03, 0xFF, 0x80, 0x00,
  0x00, 0x1C, 0x00, 0xF8, 0x00, 0x00, 0x60, 0x00, 0x1E, 0x00, 0x01, 0x80,
  0x00, 0x03, 0x80, 0x03, 0x00, 0x00, 0x01, 0xC0, 0x06, 0x00, 0x00, 0x00,
  0xE0, 0x0C, 0x00, 0x00, 0x00, 0x70, 0x08, 0x00, 0x00, 0x00, 0x30, 0x18,
  0x00, 0x00, 0x00, 0x38, 0x10, 0x00, 0x00, 0x00, 0x18, 0x30, 0x00, 0x00,
  0x00, 0x1C, 0x20, 0x00, 0x00, 0x00, 0x0C, 0x60, 0x00, 0x00, 0x00, 0x0E,
  0x60, 0x00, 0x78, 0x00, 0x0E, 0x60, 0x00, 0x78, 0x00, 0x0E, 0x40, 0x00,
  0xF8, 0x00, 0x0E, 0xC0, 0x00, 0xFC, 0x00, 0x06, 0xC0, 0x00, 0xFC, 0x00,
  0x07, 0xC0, 0x00, 0xFC, 0x00, 0x07, 0xC0, 0x00, 0xFC, 0x00, 0x07, 0xC0,
  0x00, 0xFC, 0x00, 0x07, 0xC0, 0x00, 0xFC, 0x00, 0x07, 0xC0, 0x00, 0xFC,
  0x00, 0x07, 0xC0, 0x00, 0xFC, 0x00, 0x07, 0xC0, 0x00, 0xFC, 0x00, 0x07,
  0xC0, 0x00, 0xFC, 0x00, 0x07, 0xC0, 0x00, 0xFC, 0x00, 0x07, 0xC0, 0x00,
  0xFC, 0x00, 0x07, 0xC0, 0x00, 0x78, 0x00, 0x0F, 0xE0, 0x00, 0x78, 0x00,
  0x0F, 0x60, 0x00, 0x78, 0x00, 0x0E, 0x60, 0x00, 0x00, 0x00, 0x0E, 0x60,
  0x00, 0x00, 0x00, 0x1E, 0x70, 0x00, 0x00, 0x00, 0x1E, 0x70, 0x00, 0x00,
  0x00, 0x1C, 0x38, 0x00, 0x00, 0x00, 0x3C, 0x38, 0x00, 0x00, 0x00, 0x3C,
  0x1C, 0x00, 0x00, 0x00, 0x78, 0x1E, 0x00, 0x00, 0x00, 0xF8, 0x0F, 0x00,
  0x00, 0x01, 0xF0, 0x07, 0x80, 0x00, 0x03, 0xE0, 0x03, 0xE0, 0x00, 0x0F,
  0xE0, 0x01, 0xFE, 0x00, 0x7F, 0xC0, 0x00, 0xFF, 0xFF, 0xFF, 0x00, 0x00,
  0x3F, 0xFF, 0xFE, 0x00, 0x00, 0x0F, 0xFF, 0xF8, 0x00, 0x00, 0x00, 0xFF,
  0xC0, 0x00, 0x03, 0xFF, 0xFE, 0x00, 0x07, 0xF0, 0x00, 0x0F, 0x00, 0x30,
  0x00, 0x00, 0x07, 0x01, 0x80, 0x00, 0x00, 0x0C, 0x0C, 0x00, 0x00, 0x00,
  0x30, 0x60, 0x00, 0x00, 0x00, 0xC3, 0x00, 0x00, 0x00, 0x03, 0x18, 0x00,
  0x00, 0x00, 0x1C, 0xC0, 0x00, 0x00, 0x00, 0x66, 0x00, 0x00, 0x00, 0x03,
  0xB0, 0x00, 0x00, 0x00, 0x1D, 0x80, 0x00, 0x00, 0x00, 0x6C, 0x00, 0x00,
  0x00, 0x03, 0x60, 0x00, 0x70, 0x00, 0x1F, 0x00, 0x03, 0xC0, 0x00, 0xF8,
  0x00, 0x1E, 0x00, 0x07, 0xC0, 0x00, 0xF0, 0x00, 0x3E, 0x00, 0x07, 0x80,
  0x01, 0xF0, 0x00, 0x3C, 0x00, 0x0F, 0x80, 0x01, 0xE0, 0x00, 0x7C, 0x00,
  0x0F, 0x00, 0x03, 0xE0, 0x00, 0x70, 0x00, 0x1F, 0x00, 0x00, 0x00, 0x01,
  0xF8, 0x00, 0x00, 0x00, 0x0F, 0xC0, 0x00, 0x00, 0x00, 0x76, 0x00, 0x00,
  0x00, 0x03, 0xB0, 0x00, 0x00, 0x00, 0x3D, 0x80, 0x00, 0x00, 0x01, 0xEC,
  0x00, 0x00, 0x00, 0x1E, 0x60, 0x00, 0x00, 0x01, 0xF3, 0x00, 0x00, 0x00,
  0x3F, 0x18, 0x00, 0x00, 0x07, 0xF0, 0xC0, 0x00, 0x01, 0xFF, 0x06, 0x00,
  0x07, 0xFF, 0xF0, 0x30, 0x00, 0x3F, 0xFE, 0x01, 0x80, 0x01, 0xFF, 0xC0,
  0x0C, 0x00, 0x0F, 0xF0, 0x00, 0x60, 0x00, 0x70, 0x00, 0x03, 0x00, 0x03,
  0x80, 0x00, 0x18, 0x00, 0x1C, 0x00, 0x00, 0xC0, 0x00, 0xE0, 0x00, 0x06,
  0x00, 0x07, 0x00, 0x00, 0x30, 0x00, 0x38, 0x00, 0x01, 0xFF, 0xFF, 0xC0,
  0x00, 0x0F, 0xFF, 0xFE, 0x00, 0x00, 0x3F, 0xFF, 0xF0, 0x00, 0x00, 0xFF,
  0xFF, 0x80, 0x00, 0x00, 0x00, 0x03, 0xFF, 0x00, 0x00, 0x00, 0x1C, 0x01,
  0xF0, 0x00, 0x00, 0x60, 0x00, 0x1C, 0x00, 0x01, 0x80, 0x00, 0x07, 0x00,
  0x03, 0x00, 0x00, 0x01, 0x80, 0x06, 0x00, 0x00, 0x00, 0xE0, 0x04, 0x00,
  0x00, 0x00, 0x60, 0x08, 0x00, 0x00, 0x00, 0x30, 0x18, 0x00, 0x00, 0x00,
  0x38, 0x10, 0x00, 0x00, 0x00, 0x18, 0x30, 0x00, 0x00, 0x00, 0x1C, 0x20,
  0x00, 0x00, 0x00, 0x0C, 0x60, 0x00, 0x00, 0x00, 0x0E, 0x60, 0x00, 0x78,
  0x00, 0x0E, 0x60, 0x00, 0x78, 0x00, 0x0E, 0x40, 0x00, 0xFC, 0x00, 0x06,
  0xC0, 0x00, 0xFC, 0x00, 0x07, 0xC0, 0x00, 0xFC, 0x00, 0x07, 0xC0, 0x00,
  0xFC, 0x00, 0x07, 0xC0, 0x00, 0xFC, 0x00, 0x07, 0xC0, 0x00, 0xFC, 0x00,
  0x07, 0xC0, 0x00, 0xFC, 0x00, 0x07, 0xC0, 0x00, 0xFC, 0x00, 0x07, 0xC0,
  0x00, 0xFC, 0x00, 0x07, 0xC0, 0x00, 0xFC, 0x00, 0x07, 0xC0, 0x00, 0xFC,
  0x00, 0x07, 0xC0, 0x00, 0xFC, 0x00, 0x07, 0xC0, 0x00, 0x78, 0x00, 0x0F,
  0xE0, 0x00, 0x78, 0x00, 0x0F, 0xE0, 0x00, 0x00, 0x00, 0x0E, 0x60, 0x00,
  0x00, 0x00, 0x0E, 0x60, 0x00, 0x00, 0x00, 0x1E, 0x70, 0x00, 0x00, 0x00,
  0x1E, 0x70, 0x00, 0x00, 0x00, 0x3C, 0x38, 0x00, 0x00, 0x00, 0x3C, 0x38,
  0x00, 0x00, 0x00, 0x7C, 0x1C, 0x00, 0x00, 0x00, 0xF8, 0x1E, 0x00, 0x00,
  0x01, 0xF8, 0x0F, 0x80, 0x00, 0x03, 0xF0, 0x0F, 0xC0, 0x00, 0x0F, 0xE0,
  0x07, 0xF0, 0x00, 0x7F, 0xC0, 0x03, 0xF0, 0x07, 0xFF, 0xF8, 0x00, 0xE0,
  0x03, 0xFC, 0x78, 0x00, 0x60, 0x00, 0x00, 0x78, 0x00, 0x60, 0x00, 0x00,
  0x78, 0x00, 0x60, 0x00, 0x00, 0x38, 0x00, 0x60, 0x00, 0x00, 0x38, 0x00,
  0x70, 0x00, 0x00, 0x38, 0x00, 0x70, 0x00, 0x00, 0x38, 0x00, 0x38, 0x00,
  0x00, 0x38, 0x00, 0x3C, 0x00, 0x00, 0x3C, 0x00, 0x1F, 0x00, 0x00, 0x3C,
  0x00, 0x0F, 0xC0, 0x00, 0x1C, 0x00, 0x07, 0xF8, 0x00, 0xFC, 0x00, 0x03,
  0xFF, 0xFF, 0xFC, 0x00, 0x00, 0xFF, 0xFF, 0xFC, 0x00, 0x00, 0x3F, 0xFF,
  0xFC, 0x00, 0x00, 0x07, 0xFF, 0x80, 0x01, 0xFF, 0xFF, 0xC0, 0x00, 0xFE,
  0x00, 0x00, 0x3C, 0x00, 0xC0, 0x00, 0x00, 0x07, 0x00, 0xC0, 0x00, 0x00,
  0x03, 0x80, 0xC0, 0x00, 0x00, 0x00, 0xC0, 0xC0, 0x00, 0x00, 0x00, 0xE0,
  0xC0, 0x00, 0x00, 0x00, 0x60, 0xC0, 0x00, 0x00, 0x00, 0x70, 0xC0, 0x00,
  0x00, 0x00, 0x30, 0xC0, 0x00, 0x00, 0x00, 0x30, 0xC0, 0x00, 0x00, 0x00,
  0x38, 0xC0, 0x01, 0xE0, 0x00, 0x38, 0xC0, 0x01, 0xF0, 0x00, 0x38, 0xC0,
  0x01, 0xF0, 0x00, 0x38, 0xC0, 0x01, 0xF0, 0x00, 0x38, 0xC0, 0x01, 0xF0,
  0x00, 0x38, 0xC0, 0x01, 0xE0, 0x00, 0x78, 0xC0, 0x00, 0x00, 0x00, 0x78,
  0xC0, 0x00, 0x00, 0x00, 0xF0, 0xC0, 0x00, 0x00, 0x00, 0xF0, 0xC0, 0x00,
  0x00, 0x01, 0xF0, 0xC0, 0x00, 0x00, 0x03, 0xE0, 0xC0, 0x00, 0x00, 0x07,
  0xE0, 0xC0, 0x00, 0x00, 0x1F, 0xC0, 0xC0, 0x00, 0x00, 0x0F, 0x80, 0xC0,
  0x00, 0x00, 0x07, 0x00, 0xC0, 0x01, 0x00, 0x03, 0x80, 0xC0, 0x01, 0x80,
  0x03, 0xC0, 0xC0, 0x01, 0x80, 0x01, 0xC0, 0xC0, 0x01, 0x80, 0x01, 0xE0,
  0xC0, 0x01, 0x80, 0x00, 0xE0, 0xC0, 0x01, 0xC0, 0x00, 0xE0, 0xC0, 0x01,
  0xC0, 0x00, 0xF0, 0xC0, 0x01, 0xC0, 0x00, 0x70, 0xC0, 0x01, 0xE0, 0x00,
  0x70, 0xC0, 0x01, 0xE0, 0x00, 0x38, 0xC0, 0x01, 0xE0, 0x00, 0x38, 0xC0,
  0x01, 0xF0, 0x00, 0x38, 0xC0, 0x01, 0xF0, 0x00, 0x1C, 0xC0, 0x01, 0xF0,
  0x00, 0x1C, 0xC0, 0x01, 0xF8, 0x00, 0x1C, 0xC0, 0x01, 0xF8, 0x00, 0x1C,
  0xC0, 0x01, 0xFC, 0x00, 0x0E, 0xFF, 0xFF, 0xFF, 0xFF, 0xFE, 0xFF, 0xFF,
  0xFF, 0xFF, 0xFE, 0x7F, 0xFF, 0xEF, 0xFF, 0xFE, 0x3F, 0xFF, 0xE7, 0xFF,
  0xFF, 0x00, 0x1F, 0xFF, 0xE0, 0x00, 0x1E, 0x00, 0x07, 0xFC, 0x06, 0x00,
  0x00, 0x01, 0xE0, 0x80, 0x00, 0x00, 0x1E, 0x10, 0x00, 0x00, 0x01, 0xC3,
  0x00, 0x00, 0x00, 0x1C, 0x20, 0x00, 0x00, 0x01, 0xC6, 0x00, 0x00, 0x00,
  0x1C, 0x40, 0x00, 0x00, 0x03, 0xCC, 0x00, 0x00, 0x00, 0x3C, 0xC0, 0x00,
  0x00, 0x03, 0xCC, 0x00, 0x1F, 0xE0, 0x3C, 0xC0, 0x03, 0xFF, 0xE3, 0x8C,
  0x00, 0x3F, 0xFF, 0xB8, 0xC0, 0x00, 0xFF, 0xFF, 0x8C, 0x00, 0x03, 0xFF,
  0xF8, 0xC0, 0x00, 0x03, 0xFF, 0x8E, 0x00, 0x00, 0x0F, 0x78, 0xE0, 0x00,
  0x00, 0x3D, 0x86, 0x00, 0x00, 0x00, 0xE0, 0x70, 0x00, 0x00, 0x07, 0x07,
  0x80, 0x00, 0x00, 0x38, 0x3C, 0x00, 0x00, 0x01, 0xC1, 0xE0, 0x00, 0x00,
  0x0C, 0x1F, 0x00, 0x00, 0x00, 0xE0, 0xFC, 0x00, 0x00, 0x0E, 0x07, 0xF8,
  0x00, 0x00, 0x60, 0x1F, 0xF8, 0x00, 0x07, 0x38, 0xFF, 0xE0, 0x00, 0x73,
  0xFB, 0xFE, 0x00, 0x07, 0x23, 0xFF, 0xE0, 0x00, 0x76, 0x01, 0xFC, 0x00,
  0x07, 0x60, 0x00, 0x00, 0x00, 0x76, 0x00, 0x00, 0x00, 0x07, 0x60, 0x00,
  0x00, 0x00, 0xF6, 0x00, 0x00, 0x00, 0x0E, 0x60, 0x00, 0x00, 0x00, 0xE6,
  0x00, 0x00, 0x00, 0x1E, 0x40, 0x00, 0x00, 0x03, 0xCC, 0x00, 0x00, 0x00,
  0x7C, 0xC0, 0x00, 0x00, 0x0F, 0x8C, 0x00, 0x00, 0x03, 0xF8, 0xF8, 0x00,
  0x03, 0xFF, 0x0F, 0xFF, 0xFF, 0xFF, 0xC0, 0xFF, 0xFF, 0xFF, 0xF8, 0x0F,
  0xFF, 0xFF, 0xFE, 0x00, 0x07, 0xFF, 0xFE, 0x00, 0x00, 0xFF, 0xFF, 0xFF,
  0xFF, 0xCC, 0x00, 0x00, 0x00, 0x06, 0xC0, 0x00, 0x00, 0x00, 0x7C, 0x00,
  0x00, 0x00, 0x07, 0xC0, 0x00, 0x00, 0x00, 0x7C, 0x00, 0x00, 0x00, 0x07,
  0xC0, 0x00, 0x00, 0x00, 0x7C, 0x00, 0x00, 0x00, 0x07, 0xC0, 0x00, 0x00,
  0x00, 0x7C, 0x00, 0x00, 0x00, 0x07, 0xC0, 0x00, 0x00, 0x00, 0x7C, 0x00,
  0x00, 0x00, 0x07, 0xC0, 0x00, 0x00, 0x00, 0x7F, 0xFC, 0x00, 0x07, 0xFF,
  0xFF, 0xC0, 0x00, 0x7F, 0xF7, 0xFC, 0x00, 0x07, 0xFF, 0x7F, 0xC0, 0x00,
  0x7F, 0xF0, 0x0C, 0x00, 0x07, 0x00, 0x00, 0xC0, 0x00, 0x70, 0x00, 0x0C,
  0x00, 0x07, 0x00, 0x00, 0xC0, 0x00, 0x70, 0x00, 0x0C, 0x00, 0x07, 0x00,
  0x00, 0xC0, 0x00, 0x70, 0x00, 0x0C, 0x00, 0x07, 0x00, 0x00, 0xC0, 0x00,
  0x70, 0x00, 0x0C, 0x00, 0x07, 0x00, 0x00, 0xC0, 0x00, 0x70, 0x00, 0x0C,
  0x00, 0x07, 0x00, 0x00, 0xC0, 0x00, 0x70, 0x00, 0x0C, 0x00, 0x07, 0x00,
  0x00, 0xC0, 0x00, 0x70, 0x00, 0x0C, 0x00, 0x07, 0x00, 0x00, 0xC0, 0x00,
  0x70, 0x00, 0x0C, 0x00, 0x07, 0x00, 0x00, 0xC0, 0x00, 0x70, 0x00, 0x0C,
  0x00, 0x07, 0x00, 0x00, 0xC0, 0x00, 0x70, 0x00, 0x0C, 0x00, 0x07, 0x00,
  0x00, 0xC0, 0x00, 0x70, 0x00, 0x0C, 0x00, 0x07, 0x00, 0x00, 0xC0, 0x00,
  0x70, 0x00, 0x0C, 0x00, 0x07, 0x00, 0x00, 0xC0, 0x00, 0x70, 0x00, 0x0F,
  0xFF, 0xFF, 0x00, 0x00, 0xFF, 0xFF, 0xF0, 0x00, 0x07, 0xFF, 0xFF, 0x00,
  0x00, 0x3F, 0xFF, 0xF0, 0x00, 0xFF, 0xFF, 0x8F, 0xFF, 0xF9, 0x80, 0x01,
  0xD8, 0x00, 0x1B, 0x00, 0x03, 0xB0, 0x00, 0x3E, 0x00, 0x07, 0xE0, 0x00,
  0x7C, 0x00, 0x0F, 0xC0, 0x00, 0xF8, 0x00, 0x1F, 0x80, 0x01, 0xF0, 0x00,
  0x3F, 0x00, 0x03, 0xE0, 0x00, 0x7E, 0x00, 0x07, 0xC0, 0x00, 0xFC, 0x00,
  0x0F, 0x80, 0x01, 0xF8, 0x00, 0x1F, 0x00, 0x03, 0xF0, 0x00, 0x3E, 0x00,
  0x07, 0xE0, 0x00, 0x7C, 0x00, 0x0F, 0xC0, 0x00, 0xF8, 0x00, 0x1F, 0x80,
  0x01, 0xF0, 0x00, 0x3F, 0x00, 0x03, 0xE0, 0x00, 0x7E, 0x00, 0x07, 0xC0,
  0x00, 0xFC, 0x00, 0x0F, 0x80, 0x01, 0xF8, 0x00, 0x1F, 0x00, 0x03, 0xF0,
  0x00, 0x3E, 0x00, 0x07, 0xE0, 0x00, 0x7C, 0x00, 0x0F, 0xC0, 0x00, 0xF8,
  0x00, 0x1F, 0x80, 0x01, 0xF0, 0x00, 0x3F, 0x00, 0x03, 0xE0, 0x00, 0x7E,
  0x00, 0x07, 0xC0, 0x00, 0xFC, 0x00, 0x0F, 0x80, 0x01, 0xF8, 0x00, 0x1F,
  0x00, 0x03, 0xF0, 0x00, 0x3E, 0x00, 0x07, 0xE0, 0x00, 0x7C, 0x00, 0x0F,
  0xC0, 0x00, 0xF8, 0x00, 0x0F, 0x80, 0x03, 0xF8, 0x00, 0x1E, 0x00, 0x07,
  0xB0, 0x00, 0x00, 0x00, 0x0E, 0x60, 0x00, 0x00, 0x00, 0x1C, 0xC0, 0x00,
  0x00, 0x00, 0x79, 0xC0, 0x00, 0x00, 0x00, 0xF1, 0x80, 0x00, 0x00, 0x01,
  0xC3, 0x80, 0x00, 0x00, 0x07, 0x87, 0x00, 0x00, 0x00, 0x1F, 0x07, 0x00,
  0x00, 0x00, 0x3C, 0x0F, 0x00, 0x00, 0x00, 0xF8, 0x0F, 0x80, 0x00, 0x07,
  0xE0, 0x0F, 0xC0, 0x00, 0x1F, 0x80, 0x0F, 0xF0, 0x01, 0xFE, 0x00, 0x0F,
  0xFF, 0xFF, 0xF8, 0x00, 0x07, 0xFF, 0xFF, 0xE0, 0x00, 0x03, 0xFF, 0xFF,
  0x00, 0x00, 0x00, 0x7F, 0xF0, 0x00, 0x00, 0xFF, 0xFF, 0xC1, 0xFF, 0xFF,
  0x18, 0x00, 0x38, 0x60, 0x00, 0xE6, 0x00, 0x07, 0x18, 0x00, 0x39, 0x80,
  0x01, 0xCC, 0x00, 0x0E, 0x60, 0x00, 0x73, 0x00, 0x03, 0x9C, 0x00, 0x1C,
  0xC0, 0x01, 0xE7, 0x00, 0x07, 0xB0, 0x00, 0x79, 0xC0, 0x00, 0xEC, 0x00,
  0x1E, 0x30, 0x00, 0x3B, 0x00, 0x07, 0x8C, 0x00, 0x0F, 0x80, 0x01, 0xE3,
  0x00, 0x03, 0xE0, 0x00, 0xF0, 0xE0, 0x00, 0xF8, 0x00, 0x3C, 0x38, 0x00,
  0x3E, 0x00, 0x0F, 0x06, 0x00, 0x07, 0x80, 0x03, 0xC1, 0x80, 0x01, 0xE0,
  0x00, 0xF0, 0x60, 0x00, 0x70, 0x00, 0x38, 0x18, 0x00, 0x1C, 0x00, 0x1E,
  0x07, 0x00, 0x07, 0x00, 0x07, 0x81, 0xC0, 0x01, 0xC0, 0x01, 0xE0, 0x30,
  0x00, 0x70, 0x00, 0x78, 0x0C, 0x00, 0x0C, 0x00, 0x1E, 0x03, 0x00, 0x03,
  0x00, 0x0F, 0x00, 0xE0, 0x00, 0x80, 0x03, 0xC0, 0x38, 0x00, 0x20, 0x00,
  0xF0, 0x06, 0x00, 0x08, 0x00, 0x3C, 0x01, 0x80, 0x02, 0x00, 0x0F, 0x00,
  0x60, 0x00, 0x80, 0x07, 0x80, 0x1C, 0x00, 0x00, 0x01, 0xE0, 0x07, 0x00,
  0x00, 0x00, 0x78, 0x00, 0xC0, 0x00, 0x00, 0x1E, 0x00, 0x30, 0x00, 0x00,
  0x07, 0x00, 0x0E, 0x00, 0x00, 0x03, 0xC0, 0x03, 0x80, 0x00, 0x00, 0xF0,
  0x00, 0x60, 0x00, 0x00, 0x3C, 0x00, 0x18, 0x00, 0x00, 0x0F, 0x00, 0x06,
  0x00, 0x00, 0x03, 0x80, 0x01, 0xC0, 0x00, 0x01, 0xE0, 0x00, 0x70, 0x00,
  0x00, 0x78, 0x00, 0x0C, 0x00, 0x00, 0x1E, 0x00, 0x03, 0x00, 0x00, 0x07,
  0x00, 0x00, 0xE0, 0x00, 0x03, 0xC0, 0x00, 0x38, 0x00, 0x00, 0xF0, 0x00,
  0x06, 0x00, 0x00, 0x3C, 0x00, 0x01, 0xFF, 0xFF, 0xFF, 0x00, 0x00, 0x7F,
  0xFF, 0xFF, 0x80, 0x00, 0x0F, 0xFF, 0xFF, 0xE0, 0x00, 0x01, 0xFF, 0xFF,
  0xF8, 0x00, 0xFF, 0xFF, 0xC0, 0x00, 0x1F, 0xFF, 0xF3, 0x80, 0x03, 0x80,
  0x00, 0x60, 0x00, 0xE6, 0x00, 0x07, 0x00, 0x01, 0x00, 0x03, 0x98, 0x00,
  0x1C, 0xFF, 0xEC, 0x00, 0x0E, 0x60, 0x00, 0x72, 0x03, 0xB0, 0x00, 0x39,
  0x80, 0x01, 0xD8, 0x0E, 0xC0, 0x01, 0xE6, 0x00, 0x07, 0x60, 0x1F, 0x00,
  0x07, 0x9C, 0x00, 0x1F, 0x00, 0x7C, 0x00, 0x1E, 0x70, 0x00, 0x3C, 0x01,
  0xF0, 0x00, 0x78, 0xC0, 0x00, 0xF0, 0x03, 0x80, 0x01, 0xE3, 0x00, 0x03,
  0xC0, 0x0E, 0x00, 0x07, 0x8C, 0x00, 0x0E, 0x00, 0x38, 0x00, 0x1C, 0x30,
  0x00, 0x38, 0x00, 0xE0, 0x00, 0xF0, 0xE0, 0x00, 0xE0, 0x01, 0x80, 0x03,
  0xC3, 0x80, 0x03, 0x00, 0x06, 0x00, 0x0F, 0x06, 0x00, 0x04, 0x00, 0x18,
  0x00, 0x3C, 0x18, 0x00, 0x10, 0x00, 0x60, 0x00, 0xF0, 0x60, 0x00, 0x40,
  0x01, 0x00, 0x07, 0x81, 0xC0, 0x02, 0x00, 0x04, 0x00, 0x1E, 0x07, 0x00,
  0x00, 0x00, 0x00, 0x00, 0x78, 0x1C, 0x00, 0x00, 0x00, 0x00, 0x01, 0xE0,
  0x30, 0x00, 0x00, 0x00, 0x00, 0x07, 0x80, 0xC0, 0x00, 0x00, 0x00, 0x00,
  0x1C, 0x03, 0x80, 0x00, 0x00, 0x00, 0x00, 0xF0, 0x0E, 0x00, 0x00, 0x00,
  0x00, 0x03, 0xC0, 0x38, 0x00, 0x00, 0x00, 0x00, 0x0F, 0x00, 0x60, 0x00,
  0x00, 0x00, 0x00, 0x3C, 0x01, 0x80, 0x00, 0x08, 0x00, 0x01, 0xE0, 0x07,
  0x00, 0x00, 0x20, 0x00, 0x07, 0x80, 0x1C, 0x00, 0x00, 0x80, 0x00, 0x1E,
  0x00, 0x30, 0x00, 0x07, 0x00, 0x00, 0x78, 0x00, 0xC0, 0x00, 0x1C, 0x00,
  0x01, 0xE0, 0x03, 0x00, 0x00, 0x70, 0x00, 0x0F, 0x00, 0x0E, 0x00, 0x03,
  0xE0, 0x00, 0x3C, 0x00, 0x38, 0x00, 0x0F, 0x80, 0x00, 0xF0, 0x00, 0x60,
  0x00, 0x3E, 0x00, 0x03, 0xC0, 0x01, 0x80, 0x01, 0xFC, 0x00, 0x1E, 0x00,
  0x07, 0x00, 0x07, 0xF0, 0x00, 0x78, 0x00, 0x1C, 0x00, 0x1E, 0xC0, 0x01,
  0xE0, 0x00, 0x30, 0x00, 0xF3, 0x80, 0x07, 0x80, 0x00, 0xC0, 0x03, 0xCE,
  0x00, 0x1C, 0x00, 0x03, 0x80, 0x0F, 0x18, 0x00, 0xF0, 0x00, 0x0E, 0x00,
  0x78, 0x70, 0x03, 0xC0, 0x00, 0x1F, 0xFF, 0xE1, 0xFF, 0xFF, 0x00, 0x00,
  0x7F, 0xFF, 0x83, 0xFF, 0xF8, 0x00, 0x01, 0xFF, 0xFC, 0x0F, 0xFF, 0xE0,
  0x00, 0x03, 0xFF, 0xF0, 0x3F, 0xFF, 0x80, 0x00, 0xFF, 0xFF, 0xC1, 0xFF,
  0xFF, 0xB0, 0x00, 0x38, 0xC0, 0x01, 0xEE, 0x00, 0x0E, 0x30, 0x00, 0x7B,
  0x80, 0x03, 0x88, 0x00, 0x1E, 0x60, 0x00, 0x76, 0x00, 0x0F, 0x1C, 0x00,
  0x1D, 0x80, 0x03, 0xC7, 0x00, 0x07, 0xC0, 0x00, 0xF0, 0xC0, 0x00, 0xF0,
  0x00, 0x7C, 0x38, 0x00, 0x3C, 0x00, 0x1E, 0x0E, 0x00, 0x0E, 0x00, 0x07,
  0x81, 0xC0, 0x01, 0x80, 0x03, 0xC0, 0x70, 0x00, 0x60, 0x00, 0xF0, 0x0E,
  0x00, 0x10, 0x00, 0x7C, 0x03, 0x80, 0x00, 0x00, 0x1E, 0x00, 0xF0, 0x00,
  0x00, 0x0F, 0x80, 0x1C, 0x00, 0x00, 0x03, 0xC0, 0x07, 0x80, 0x00, 0x01,
  0xF0, 0x00, 0xF0, 0x00, 0x00, 0xF8, 0x00, 0x1C, 0x00, 0x00, 0x7E, 0x00,
  0x07, 0xC0, 0x00, 0x3F, 0x00, 0x00, 0xF0, 0x00, 0x0F, 0x80, 0x00, 0x18,
  0x00, 0x01, 0xC0, 0x00, 0x0C, 0x00, 0x00, 0x38, 0x00, 0x06, 0x00, 0x00,
  0x07, 0x00, 0x01, 0x00, 0x00, 0x01, 0xC0, 0x00, 0xC0, 0x00, 0x00, 0x38,
  0x00, 0x60, 0x00, 0x00, 0x0F, 0x00, 0x18, 0x00, 0x00, 0x01, 0xC0, 0x0C,
  0x00, 0x00, 0x00, 0x78, 0x03, 0x00, 0x04, 0x00, 0x0E, 0x00, 0x80, 0x01,
  0x00, 0x03, 0x80, 0x60, 0x00, 0x60, 0x00, 0xF0, 0x18, 0x00, 0x18, 0x00,
  0x1C, 0x06, 0x00, 0x0E, 0x00, 0x07, 0x03, 0x00, 0x03, 0x80, 0x01, 0xE0,
  0xC0, 0x00, 0xF0, 0x00, 0x38, 0x30, 0x00, 0x3C, 0x00, 0x0E, 0x08, 0x00,
  0x1F, 0x00, 0x03, 0x86, 0x00, 0x07, 0xE0, 0x00, 0xF1, 0x80, 0x01, 0xF8,
  0x00, 0x1C, 0x60, 0x00, 0xF6, 0x00, 0x07, 0x18, 0x00, 0x3D, 0x80, 0x01,
  0xCC, 0x00, 0x0F, 0x70, 0x00, 0x7B, 0xFF, 0xFF, 0xDF, 0xFF, 0xFE, 0xFF,
  0xFF, 0xE3, 0xFF, 0xFF, 0xBF, 0xFF, 0xF8, 0xFF, 0xFF, 0xE7, 0xFF, 0xFC,
  0x1F, 0xFF, 0xF0, 0xFF, 0xFF, 0xC0, 0x7F, 0xFF, 0xFC, 0x00, 0x1C, 0x18,
  0x00, 0x3D, 0x80, 0x01, 0xC6, 0x00, 0x0F, 0x30, 0x00, 0x38, 0xC0, 0x01,
  0xE6, 0x00, 0x07, 0x90, 0x00, 0x3C, 0xE0, 0x00, 0x76, 0x00, 0x07, 0x8C,
  0x00, 0x0E, 0xC0, 0x01, 0xE1, 0x80, 0x01, 0xD8, 0x00, 0x3C, 0x38, 0x00,
  0x1E, 0x00, 0x07, 0x87, 0x00, 0x03, 0xC0, 0x00, 0xF0, 0x60, 0x00, 0x78,
  0x00, 0x3C, 0x0C, 0x00, 0x0E, 0x00, 0x07, 0x81, 0xC0, 0x00, 0xC0, 0x00,
  0xF0, 0x18, 0x00, 0x18, 0x00, 0x3C, 0x03, 0x00, 0x03, 0x00, 0x07, 0x80,
  0x70, 0x00, 0x40, 0x00, 0xF0, 0x06, 0x00, 0x00, 0x00, 0x3C, 0x00, 0xE0,
  0x00, 0x00, 0x07, 0x80, 0x1C, 0x00, 0x00, 0x00, 0xF0, 0x01, 0xC0, 0x00,
  0x00, 0x3C, 0x00, 0x38, 0x00, 0x00, 0x0F, 0x80, 0x03, 0x80, 0x00, 0x01,
  0xE0, 0x00, 0x78, 0x00, 0x00, 0x7C, 0x00, 0x07, 0x80, 0x00, 0x1F, 0x00,
  0x00, 0xF8, 0x00, 0x07, 0xC0, 0x00, 0x0F, 0x80, 0x01, 0xF8, 0x00, 0x00,
  0xF0, 0x00, 0x3E, 0x00, 0x00, 0x0E, 0x00, 0x07, 0x80, 0x00, 0x00, 0xC0,
  0x00, 0xE0, 0x00, 0x00, 0x18, 0x00, 0x1C, 0x00, 0x00, 0x03, 0x00, 0x03,
  0x80, 0x00, 0x00, 0x60, 0x00, 0x70, 0x00, 0x00, 0x0C, 0x00, 0x0E, 0x00,
  0x00, 0x01, 0x80, 0x01, 0xC0, 0x00, 0x00, 0x30, 0x00, 0x38, 0x00, 0x00,
  0x06, 0x00, 0x07, 0x00, 0x00, 0x00, 0xC0, 0x00, 0xE0, 0x00, 0x00, 0x18,
  0x00, 0x1C, 0x00, 0x00, 0x03, 0x00, 0x03, 0x80, 0x00, 0x00, 0x60, 0x00,
  0x70, 0x00, 0x00, 0x0C, 0x00, 0x0E, 0x00, 0x00, 0x01, 0x80, 0x01, 0xC0,
  0x00, 0x00, 0x30, 0x00, 0x38, 0x00, 0x00, 0x07, 0xFF, 0xFF, 0x00, 0x00,
  0x00, 0xFF, 0xFF, 0xE0, 0x00, 0x00, 0x0F, 0xFF, 0xFC, 0x00, 0x00, 0x00,
  0xFF, 0xFF, 0x80, 0x00, 0xFF, 0xFF, 0xFF, 0xFE, 0x60, 0x00, 0x00, 0x01,
  0xB0, 0x00, 0x00, 0x00, 0xF8, 0x00, 0x00, 0x00, 0x7C, 0x00, 0x00, 0x00,
  0x3E, 0x00, 0x00, 0x00, 0x1F, 0x00, 0x00, 0x00, 0x0F, 0x80, 0x00, 0x00,
  0x07, 0xC0, 0x00, 0x00, 0x03, 0xE0, 0x00, 0x00, 0x01, 0xF0, 0x00, 0x00,
  0x01, 0xF8, 0x00, 0x00, 0x00, 0xFC, 0x00, 0x00, 0x00, 0xF7, 0xFF, 0xE0,
  0x00, 0x7B, 0xFF, 0xE0, 0x00, 0x78, 0xFF, 0xF0, 0x00, 0x7C, 0x3F, 0xF0,
  0x00, 0x3C, 0x00, 0x10, 0x00, 0x3E, 0x00, 0x18, 0x00, 0x1E, 0x00, 0x18,
  0x00, 0x1F, 0x00, 0x0C, 0x00, 0x0F, 0x00, 0x0C, 0x00, 0x0F, 0x80, 0x04,
  0x00, 0x07, 0x80, 0x06, 0x00, 0x07, 0xC0, 0x02, 0x00, 0x07, 0xC0, 0x03,
  0x00, 0x03, 0xE0, 0x03, 0x00, 0x03, 0xE0, 0x01, 0x00, 0x01, 0xF0, 0x01,
  0x80, 0x01, 0xF0, 0x00, 0x80, 0x00, 0xF8, 0x00, 0xC0, 0x00, 0xFF, 0xF8,
  0x40, 0x00, 0x00, 0x06, 0x60, 0x00, 0x00, 0x03, 0xA0, 0x00, 0x00, 0x01,
  0xF0, 0x00, 0x00, 0x00, 0xF8, 0x00, 0x00, 0x00, 0x7C, 0x00, 0x00, 0x00,
  0x3E, 0x00, 0x00, 0x00, 0x1F, 0x00, 0x00, 0x00, 0x0F, 0x80, 0x00, 0x00,
  0x07, 0xC0, 0x00, 0x00, 0x03, 0xE0, 0x00, 0x00, 0x01, 0xF0, 0x00, 0x00,
  0x00, 0xFF, 0xFF, 0xFF, 0xFF, 0xFF, 0xFF, 0xFF, 0xFF, 0xFB, 0xFF, 0xFF,
  0xFF, 0xFC, 0xFF, 0xFF, 0xFF, 0xFE, 0xFF, 0xFF, 0xFE, 0x60, 0x00, 0x01,
  0xB0, 0x00, 0x00, 0xF8, 0x00, 0x00, 0x7C, 0x00, 0x00, 0x3E, 0x00, 0x00,
  0x1F, 0x00, 0x00, 0x0F, 0x80, 0x00, 0x07, 0xC0, 0x00, 0x03, 0xE0, 0x00,
  0x01, 0xF0, 0x00, 0x00, 0xF8, 0x00, 0x00, 0x7C, 0x00, 0x1F, 0xFE, 0x00,
  0x0F, 0xFF, 0x00, 0x07, 0xFF, 0x80, 0x03, 0xFF, 0xC0, 0x01, 0xC0, 0x60,
  0x00, 0xE0, 0x30, 0x00, 0x70, 0x18, 0x00, 0x38, 0x0C, 0x00, 0x1C, 0x06,
  0x00, 0x0E, 0x03, 0x00, 0x07, 0x01, 0x80, 0x03, 0x80, 0xC0, 0x01, 0xC0,
  0x60, 0x00, 0xE0, 0x30, 0x00, 0x70, 0x18, 0x00, 0x38, 0x0C, 0x00, 0x1C,
  0x06, 0x00, 0x0E, 0x03, 0x00, 0x07, 0x01, 0x80, 0x03, 0x80, 0xC0, 0x01,
  0xC0, 0x60, 0x00, 0xE0, 0x30, 0x00, 0x70, 0x18, 0x00, 0x38, 0x0C, 0x00,
  0x1C, 0x06, 0x00, 0x0E, 0x03, 0x00, 0x07, 0x01, 0x80, 0x03, 0x80, 0xC0,
  0x01, 0xC0, 0x60, 0x00, 0xE0, 0x30, 0x00, 0x70, 0x18, 0x00, 0x38, 0x0C,
  0x00, 0x1C, 0x06, 0x00, 0x0E, 0x03, 0x00, 0x07, 0x01, 0x80, 0x03, 0xFC,
  0xC0, 0x00, 0x03, 0x60, 0x00, 0x01, 0xF0, 0x00, 0x00, 0xF8, 0x00, 0x00,
  0x7C, 0x00, 0x00, 0x3E, 0x00, 0x00, 0x1F, 0x00, 0x00, 0x0F, 0x80, 0x00,
  0x07, 0xC0, 0x00, 0x03, 0xE0, 0x00, 0x01, 0xF0, 0x00, 0x00, 0xFF, 0xFF,
  0xFF, 0xFF, 0xFF, 0xFF, 0xFB, 0xFF, 0xFF, 0xFC, 0xFF, 0xFF, 0xFE, 0x7F,
  0xFF, 0xC0, 0x00, 0x60, 0x00, 0xE0, 0x00, 0x30, 0x00, 0x38, 0x00, 0x1C,
  0x00, 0x1C, 0x00, 0x0E, 0x00, 0x06, 0x00, 0x07, 0x00, 0x03, 0x80, 0x01,
  0x80, 0x01, 0xC0, 0x00, 0xE0, 0x00, 0x70, 0x00, 0x70, 0x00, 0x38, 0x00,
  0x18, 0x00, 0x1C, 0x00, 0x0C, 0x00, 0x07, 0x00, 0x07, 0x00, 0x03, 0x80,
  0x03, 0x80, 0x01, 0xC0, 0x00, 0xC0, 0x00, 0x70, 0x00, 0x70, 0x00, 0x38,
  0x00, 0x38, 0x00, 0x1C, 0x00, 0x1C, 0x00, 0x07, 0x00, 0x06, 0x00, 0x03,
  0x80, 0x03, 0x80, 0x01, 0xC0, 0x01, 0xC0, 0x00, 0xE0, 0x00, 0x60, 0x00,
  0x38, 0x00, 0x38, 0x00, 0x1C, 0x00, 0x1C, 0x00, 0x0E, 0x00, 0x0E, 0x00,
  0x03, 0x80, 0x03, 0x00, 0x01, 0xC0, 0x01, 0xC0, 0x00, 0xE0, 0x00, 0xE0,
  0x00, 0x38, 0x00, 0x30, 0x00, 0x1C, 0x00, 0x1C, 0x00, 0x0E, 0x00, 0x0E,
  0x00, 0x07, 0x00, 0x03, 0x00, 0x01, 0xC0, 0x01, 0xC0, 0x00, 0xE0, 0x00,
  0xE0, 0x00, 0x70, 0x00, 0x30, 0x00, 0x3C, 0x00, 0x18, 0x00, 0x0E, 0x00,
  0x0E, 0x00, 0x07, 0x00, 0x03, 0x00, 0x03, 0x80, 0x01, 0x80, 0x00, 0xE0,
  0x00, 0xE0, 0x00, 0x70, 0x00, 0x70, 0x00, 0x38, 0x00, 0x18, 0x00, 0x1E,
  0x00, 0x0E, 0x00, 0x07, 0x00, 0x03, 0x00, 0x03, 0x80, 0x01, 0xC0, 0x01,
  0xC0, 0x00, 0xE0, 0x00, 0x70, 0x00, 0x30, 0x00, 0x38, 0x00, 0x1C, 0x00,
  0x1C, 0x00, 0x0E, 0x00, 0x0E, 0x00, 0x03, 0x00, 0x03, 0x80, 0x01, 0xFF,
  0xFF, 0xC0, 0x00, 0xFF, 0xFF, 0xE0, 0x00, 0x3F, 0xFF, 0xF0, 0x00, 0x1F,
  0xFF, 0xF0, 0xFF, 0xFF, 0xFE, 0x60, 0x00, 0x01, 0xB0, 0x00, 0x00, 0xF8,
  0x00, 0x00, 0x7C, 0x00, 0x00, 0x3E, 0x00, 0x00, 0x1F, 0x00, 0x00, 0x0F,
  0x80, 0x00, 0x07, 0xC0, 0x00, 0x03, 0xE0, 0x00, 0x01, 0xF0, 0x00, 0x00,
  0xF8, 0x00, 0x00, 0x7F, 0xF8, 0x00, 0x3F, 0xFC, 0x00, 0x1D, 0xFE, 0x00,
  0x0E, 0x7F, 0x00, 0x07, 0x01, 0x80, 0x03, 0x80, 0xC0, 0x01, 0xC0, 0x60,
  0x00, 0xE0, 0x30, 0x00, 0x70, 0x18, 0x00, 0x38, 0x0C, 0x00, 0x1C, 0x06,
  0x00, 0x0E, 0x03, 0x00, 0x07, 0x01, 0x80, 0x03, 0x80, 0xC0, 0x01, 0xC0,
  0x60, 0x00, 0xE0, 0x30, 0x00, 0x70, 0x18, 0x00, 0x38, 0x0C, 0x00, 0x1C,
  0x06, 0x00, 0x0E, 0x03, 0x00, 0x07, 0x01, 0x80, 0x03, 0x80, 0xC0, 0x01,
  0xC0, 0x60, 0x00, 0xE0, 0x30, 0x00, 0x70, 0x18, 0x00, 0x38, 0x0C, 0x00,
  0x1C, 0x06, 0x00, 0x0E, 0x03, 0x00, 0x07, 0x01, 0x80, 0x03, 0x80, 0xC0,
  0x01, 0xC0, 0x60, 0x00, 0xE0, 0x30, 0x00, 0x70, 0x18, 0x00, 0x38, 0x0C,
  0x00, 0x1C, 0x06, 0x00, 0x0F, 0xFF, 0x00, 0x07, 0xC0, 0x00, 0x03, 0xE0,
  0x00, 0x01, 0xF0, 0x00, 0x00, 0xF8, 0x00, 0x00, 0x7C, 0x00, 0x00, 0x3E,
  0x00, 0x00, 0x1F, 0x00, 0x00, 0x0F, 0x80, 0x00, 0x07, 0xC0, 0x00, 0x03,
  0xE0, 0x00, 0x01, 0xF0, 0x00, 0x00, 0xFF, 0xFF, 0xFF, 0xFF, 0xFF, 0xFF,
  0xFB, 0xFF, 0xFF, 0xFC, 0xFF, 0xFF, 0xFE, 0x00, 0x07, 0xFF, 0x80, 0x00,
  0x00, 0x7F, 0xFE, 0x00, 0x00, 0x06, 0x00, 0xF8, 0x00, 0x00, 0x20, 0x03,
  0xC0, 0x00, 0x02, 0x00, 0x0F, 0x00, 0x00, 0x30, 0x00, 0x3C, 0x00, 0x03,
  0x00, 0x00, 0xF0, 0x00, 0x10, 0x00, 0x03, 0xC0, 0x01, 0x80, 0x00, 0x1E,
  0x00, 0x18, 0x00, 0x00, 0x78, 0x00, 0x80, 0x18, 0x01, 0xE0, 0x0C, 0x00,
  0xC0, 0x07, 0x80, 0xC0, 0x0F, 0x00, 0x1E, 0x04, 0x00, 0x78, 0x00, 0xF0,
  0x60, 0x07, 0xE0, 0x03, 0xC2, 0x00, 0x3F, 0x80, 0x0F, 0x30, 0x03, 0xEF,
  0xFF, 0xF9, 0xFF, 0xFE, 0x3F, 0xFF, 0xDF, 0xFF, 0xF1, 0xFF, 0xFE, 0xFF,
  0xFF, 0x07, 0xFF, 0xE0, 0xFF, 0xFF, 0xFF, 0xF9, 0x80, 0x00, 0x00, 0x1B,
  0x00, 0x00, 0x00, 0x3E, 0x00, 0x00, 0x00, 0x7C, 0x00, 0x00, 0x00, 0xF8,
  0x00, 0x00, 0x01, 0xF0, 0x00, 0x00, 0x03, 0xE0, 0x00, 0x00, 0x07, 0xC0,
  0x00, 0x00, 0x0F, 0x80, 0x00, 0x00, 0x1F, 0x00, 0x00, 0x00, 0x3E, 0x00,
  0x00, 0x00, 0x7F, 0xFF, 0xFF, 0xFF, 0xFF, 0xFF, 0xFF, 0xFF, 0xDF, 0xFF,
  0xFF, 0xFF, 0x9F, 0xFF, 0xFF, 0xFF, 0xFF, 0xFF, 0x80, 0x3C, 0x00, 0x70,
  0x07, 0x00, 0x0E, 0x01, 0xE0, 0x03, 0x80, 0x38, 0x00, 0x70, 0x0F, 0x00,
  0x1C, 0x01, 0xC0, 0x03, 0x80, 0x78, 0x00, 0xE0, 0x0E, 0x00, 0x1C, 0x03,
  0xC0, 0x07, 0x00, 0x70, 0x00, 0xE0, 0x1E, 0x00, 0x38, 0x03, 0xFF, 0xFF,
  0x00, 0x7F, 0xFF, 0xC0, 0x1F, 0xFF, 0xF8, 0x03, 0xFF, 0xFE, 0x00, 0xFF,
  0xFF, 0xFE, 0x00, 0x00, 0x60, 0x00, 0x01, 0xC0, 0x00, 0x30, 0x00, 0x00,
  0xE0, 0x00, 0x30, 0x00, 0x00, 0x70, 0x00, 0x18, 0x00, 0x00, 0x38, 0x00,
  0x0C, 0x00, 0x00, 0x0E, 0x00, 0x06, 0x00, 0x00, 0x07, 0x00, 0x03, 0x00,
  0x00, 0x03, 0x80, 0x01, 0x00, 0x00, 0x01, 0xC0, 0x01, 0x80, 0x00, 0x00,
  0xE0, 0x00, 0xC0, 0x00, 0x00, 0x38, 0x00, 0x60, 0x02, 0x00, 0x1C, 0x00,
  0x20, 0x01, 0x00, 0x0E, 0x00, 0x30, 0x00, 0x80, 0x07, 0x00, 0x18, 0x00,
  0x40, 0x03, 0xC0, 0x0C, 0x00, 0x20, 0x00, 0xE0, 0x06, 0x00, 0x10, 0x00,
  0x70, 0x02, 0x00, 0x08, 0x00, 0x38, 0x03, 0x00, 0x0C, 0x00, 0x1C, 0x01,
  0x80, 0x07, 0x00, 0x0F, 0x00, 0xC0, 0x03, 0x80, 0x03, 0x80, 0x60, 0x01,
  0xC0, 0x01, 0xC0, 0x20, 0x00, 0xE0, 0x00, 0xE0, 0x30, 0x00, 0x70, 0x00,
  0x70, 0x18, 0x00, 0x38, 0x00, 0x3C, 0x0C, 0x00, 0x1C, 0x00, 0x0E, 0x06,
  0x00, 0x00, 0x00, 0x07, 0x03, 0x00, 0x00, 0x00, 0x03, 0x81, 0x00, 0x00,
  0x00, 0x01, 0xC1, 0x80, 0x00, 0x00, 0x00, 0xF0, 0xC0, 0x00, 0x00, 0x00,
  0x38, 0x60, 0x00, 0x00, 0x00, 0x1C, 0x30, 0x00, 0x00, 0x00, 0x0E, 0x10,
  0x00, 0x00, 0x00, 0x07, 0x18, 0x00, 0x00, 0x00, 0x03, 0x8C, 0x00, 0x1F,
  0xC0, 0x01, 0xE6, 0x00, 0x0F, 0xE0, 0x00, 0x73, 0x00, 0x07, 0xF0, 0x00,
  0x39, 0x80, 0x03, 0xF8, 0x00, 0x1C, 0x80, 0x01, 0xCE, 0x00, 0x0E, 0xC0,
  0x00, 0xE3, 0x00, 0x07, 0x60, 0x00, 0xF1, 0x80, 0x03, 0xF0, 0x00, 0x78,
  0xC0, 0x00, 0xFF, 0xFF, 0xFC, 0x7F, 0xFF, 0xFF, 0xFF, 0xFE, 0x3F, 0xFF,
  0xFB, 0xFF, 0xFE, 0x0F, 0xFF, 0xFD, 0xFF, 0xFF, 0x03, 0xFF, 0xFE, 0x01,
  0xFF, 0xFF, 0x80, 0x07, 0xF0, 0x00, 0x07, 0x80, 0x30, 0x00, 0x00, 0x07,
  0x01, 0x80, 0x00, 0x00, 0x0C, 0x0C, 0x00, 0x00, 0x00, 0x30, 0x60, 0x00,
  0x00, 0x01, 0xC3, 0x00, 0x00, 0x00, 0x06, 0x18, 0x00, 0x00, 0x00, 0x38,
  0xC0, 0x00, 0x00, 0x00, 0xC6, 0x00, 0x00, 0x00, 0x06, 0x30, 0x00, 0x00,
  0x00, 0x39, 0x80, 0x01, 0xC0, 0x01, 0xCC, 0x00, 0x0F, 0x00, 0x0E, 0x60,
  0x00, 0x78, 0x00, 0x73, 0x00, 0x03, 0xC0, 0x03, 0x98, 0x00, 0x1E, 0x00,
  0x1C, 0xC0, 0x00, 0xE0, 0x01, 0xE6, 0x00, 0x00, 0x00, 0x0F, 0x30, 0x00,
  0x00, 0x00, 0x71, 0x80, 0x00, 0x00, 0x07, 0x8C, 0x00, 0x00, 0x00, 0x7C,
  0x60, 0x00, 0x00, 0x07, 0xC3, 0x00, 0x00, 0x00, 0x0E, 0x18, 0x00, 0x00,
  0x00, 0x38, 0xC0, 0x00, 0x00, 0x00, 0xE6, 0x00, 0x00, 0x00, 0x07, 0x30,
  0x00, 0x3C, 0x00, 0x1D, 0x80, 0x01, 0xF0, 0x00, 0x6C, 0x00, 0x0F, 0x80,
  0x03, 0xE0, 0x00, 0x7C, 0x00, 0x1F, 0x00, 0x03, 0xE0, 0x00, 0xF8, 0x00,
  0x1E, 0x00, 0x07, 0xC0, 0x00, 0x00, 0x00, 0x3E, 0x00, 0x00, 0x00, 0x01,
  0xF0, 0x00, 0x00, 0x00, 0x1F, 0x80, 0x00, 0x00, 0x00, 0xFC, 0x00, 0x00,
  0x00, 0x07, 0x60, 0x00, 0x00, 0x00, 0x7B, 0x00, 0x00, 0x00, 0x03, 0xD8,
  0x00, 0x00, 0x00, 0x3C, 0xC0, 0x00, 0x00, 0x07, 0xE6, 0x00, 0x00, 0x00,
  0xFE, 0x3E, 0x00, 0x00, 0x3F, 0xE1, 0xFF, 0xFF, 0xFF, 0xFE, 0x0F, 0xFF,
  0xFF, 0xFF, 0xC0, 0x3F, 0xFF, 0xFF, 0xF8, 0x00, 0x1F, 0xFF, 0xFC, 0x00,
  0x00, 0x00, 0x00, 0xFF, 0xE0, 0x00, 0x07, 0x80, 0x1F, 0xC0, 0x0C, 0x00,
  0x01, 0xE0, 0x18, 0x00, 0x00, 0xE0, 0x10, 0x00, 0x00, 0x70, 0x10, 0x00,
  0x00, 0x78, 0x10, 0x00, 0x00, 0x3C, 0x10, 0x00, 0x00, 0x1E, 0x18, 0x00,
  0x00, 0x0F, 0x08, 0x00, 0x00, 0x07, 0x8C, 0x00, 0x00, 0x03, 0x86, 0x00,
  0x00, 0x01, 0xC6, 0x00, 0x00, 0x00, 0xE3, 0x00, 0x00, 0xFF, 0xF1, 0x80,
  0x00, 0xFF, 0xF8, 0xC0, 0x00, 0x7F, 0xFC, 0x40, 0x00, 0x7F, 0xFE, 0x60,
  0x00, 0x3C, 0x00, 0x30, 0x00, 0x1C, 0x00, 0x18, 0x00, 0x0E, 0x00, 0x0C,
  0x00, 0x07, 0x00, 0x06, 0x00, 0x03, 0x80, 0x03, 0x00, 0x01, 0xC0, 0x01,
  0x80, 0x00, 0xE0, 0x00, 0xC0, 0x00, 0x70, 0x00, 0x60, 0x00, 0x38, 0x00,
  0x30, 0x00, 0x1C, 0x00, 0x18, 0x00, 0x0E, 0x00, 0x0C, 0x00, 0x03, 0x00,
  0x07, 0x00, 0x01, 0xC0, 0x03, 0x80, 0x00, 0x7F, 0xF8, 0xC0, 0x00, 0x00,
  0x1C, 0x60, 0x00, 0x00, 0x0E, 0x38, 0x00, 0x00, 0x07, 0x1C, 0x00, 0x00,
  0x03, 0x86, 0x00, 0x00, 0x01, 0xC3, 0x80, 0x00, 0x00, 0xE0, 0xE0, 0x00,
  0x00, 0x78, 0x70, 0x00, 0x00, 0x3C, 0x1E, 0x00, 0x00, 0x0E, 0x0F, 0x80,
  0x00, 0x07, 0x03, 0xF0, 0x00, 0x03, 0x80, 0xFF, 0x80, 0x07, 0xC0, 0x1F,
  0xFF, 0xFF, 0xE0, 0x07, 0xFF, 0xFF, 0xF0, 0x00, 0xFF, 0xFF, 0xFC, 0x00,
  0x07, 0xFF, 0xC0, 0x01, 0xFF, 0xFC, 0x00, 0x03, 0xF8, 0x00, 0x1F, 0x00,
  0x0C, 0x00, 0x00, 0x07, 0x00, 0x30, 0x00, 0x00, 0x07, 0x00, 0xC0, 0x00,
  0x00, 0x06, 0x03, 0x00, 0x00, 0x00, 0x0C, 0x0C, 0x00, 0x00, 0x00, 0x18,
  0x30, 0x00, 0x00, 0x00, 0x70, 0xC0, 0x00, 0x00, 0x00, 0xC3, 0x00, 0x00,
  0x00, 0x01, 0x8C, 0x00, 0x00, 0x00, 0x07, 0x30, 0x00, 0x00, 0x00, 0x1C,
  0xC0, 0x00, 0x00, 0x00, 0x33, 0x00, 0x03, 0x80, 0x00, 0xEC, 0x00, 0x0E,
  0x00, 0x03, 0xB0, 0x00, 0x38, 0x00, 0x0E, 0xC0, 0x00, 0xF0, 0x00, 0x1B,
  0x00, 0x03, 0xC0, 0x00, 0x7C, 0x00, 0x0F, 0x00, 0x01, 0xF0, 0x00, 0x3C,
  0x00, 0x07, 0xC0, 0x00, 0xF0, 0x00, 0x1F, 0x00, 0x03, 0xC0, 0x00, 0x7C,
  0x00, 0x0F, 0x00, 0x01, 0xF0, 0x00, 0x3C, 0x00, 0x07, 0xC0, 0x00, 0xF0,
  0x00, 0x1F, 0x00, 0x03, 0xC0, 0x00, 0x7C, 0x00, 0x0F, 0x00, 0x01, 0xF0,
  0x00, 0x3C, 0x00, 0x07, 0xC0, 0x00, 0xE0, 0x00, 0x1F, 0x00, 0x03, 0x80,
  0x00, 0xFC, 0x00, 0x0E, 0x00, 0x03, 0xF0, 0x00, 0x00, 0x00, 0x0E, 0xC0,
  0x00, 0x00, 0x00, 0x3B, 0x00, 0x00, 0x00, 0x01, 0xEC, 0x00, 0x00, 0x00,
  0x07, 0xB0, 0x00, 0x00, 0x00, 0x1C, 0xC0, 0x00, 0x00, 0x00, 0xF3, 0x00,
  0x00, 0x00, 0x07, 0x8C, 0x00, 0x00, 0x00, 0x3E, 0x30, 0x00, 0x00, 0x01,
  0xF0, 0xC0, 0x00, 0x00, 0x0F, 0xC3, 0x00, 0x00, 0x00, 0xFE, 0x0F, 0xE0,
  0x00, 0x3F, 0xF0, 0x3F, 0xFF, 0xFF, 0xFF, 0x00, 0xFF, 0xFF, 0xFF, 0xF8,
  0x01, 0xFF, 0xFF, 0xFF, 0x00, 0x00, 0x1F, 0xFF, 0xC0, 0x00, 0x00, 0xFF,
  0xFF, 0xFF, 0xFC, 0xC0, 0x00, 0x00, 0x06, 0xC0, 0x00, 0x00, 0x07, 0xC0,
  0x00, 0x00, 0x07, 0xC0, 0x00, 0x00, 0x07, 0xC0, 0x00, 0x00, 0x07, 0xC0,
  0x00, 0x00, 0x07, 0xC0, 0x00, 0x00, 0x07, 0xC0, 0x00, 0x00, 0x07, 0xC0,
  0x00, 0x00, 0x07, 0xC0, 0x00, 0x00, 0x07, 0xC0, 0x00, 0x00, 0x07, 0xC0,
  0x00, 0x00, 0x07, 0xC0, 0x00, 0xFF, 0xFF, 0xC0, 0x00, 0xFF, 0xFF, 0xC0,
  0x00, 0xFF, 0xFF, 0xC0, 0x00, 0xFF, 0xFF, 0xC0, 0x00, 0x00, 0x70, 0xC0,
  0x00, 0x00, 0x70, 0xC0, 0x00, 0x00, 0x70, 0xC0, 0x00, 0x00, 0x70, 0xC0,
  0x00, 0x00, 0x70, 0xC0, 0x00, 0x00, 0x70, 0xC0, 0x00, 0x00, 0x70, 0xC0,
  0x00, 0x00, 0x70, 0xC0, 0x00, 0x00, 0x70, 0xC0, 0x00, 0x00, 0x70, 0xC0,
  0x00, 0xFF, 0xF0, 0xC0, 0x00, 0xFF, 0xF0, 0xC0, 0x00, 0xFF, 0xF0, 0xC0,
  0x00, 0xFF, 0xFE, 0xC0, 0x00, 0x00, 0x07, 0xC0, 0x00, 0x00, 0x07, 0xC0,
  0x00, 0x00, 0x07, 0xC0, 0x00, 0x00, 0x07, 0xC0, 0x00, 0x00, 0x07, 0xC0,
  0x00, 0x00, 0x07, 0xC0, 0x00, 0x00, 0x07, 0xC0, 0x00, 0x00, 0x07, 0xC0,
  0x00, 0x00, 0x07, 0xC0, 0x00, 0x00, 0x07, 0xC0, 0x00, 0x00, 0x07, 0xC0,
  0x00, 0x00, 0x07, 0xFF, 0xFF, 0xFF, 0xFF, 0xFF, 0xFF, 0xFF, 0xFF, 0x7F,
  0xFF, 0xFF, 0xFF, 0x3F, 0xFF, 0xFF, 0xFF, 0xFF, 0xFF, 0xFF, 0xF9, 0x80,
  0x00, 0x00, 0x1B, 0x00, 0x00, 0x00, 0x3E, 0x00, 0x00, 0x00, 0x7C, 0x00,
  0x00, 0x00, 0xF8, 0x00, 0x00, 0x01, 0xF0, 0x00, 0x00, 0x03, 0xE0, 0x00,
  0x00, 0x07, 0xC0, 0x00, 0x00, 0x0F, 0x80, 0x00, 0x00, 0x1F, 0x00, 0x00,
  0x00, 0x3E, 0x00, 0x00, 0x00, 0x7C, 0x00, 0x00, 0x00, 0xF8, 0x00, 0x1F,
  0xFF, 0xF0, 0x00, 0x3F, 0xFF, 0xE0, 0x00, 0x7F, 0xFF, 0xC0, 0x00, 0xFF,
  0xFF, 0x80, 0x01, 0xC0, 0x03, 0x00, 0x03, 0xFF, 0x06, 0x00, 0x00, 0x07,
  0x0C, 0x00, 0x00, 0x0E, 0x18, 0x00, 0x00, 0x1C, 0x30, 0x00, 0x00, 0x38,
  0x60, 0x00, 0x00, 0x70, 0xC0, 0x00, 0x00, 0xE1, 0x80, 0x00, 0x01, 0xC3,
  0x00, 0x00, 0x03, 0x86, 0x00, 0x00, 0x07, 0x0C, 0x00, 0x00, 0x0E, 0x18,
  0x00, 0x00, 0x1C, 0x30, 0x00, 0x00, 0x38, 0x60, 0x00, 0x7F, 0xF0, 0xC0,
  0x00, 0xFF, 0xE1, 0x80, 0x01, 0xFF, 0xC3, 0x00, 0x03, 0xFF, 0x86, 0x00,
  0x07, 0x00, 0x0C, 0x00, 0x0E, 0x00, 0x18, 0x00, 0x1C, 0x00, 0x30, 0x00,
  0x38, 0x00, 0x60, 0x00, 0x70, 0x00, 0xC0, 0x00, 0xE0, 0x01, 0x80, 0x01,
  0xC0, 0x03, 0x00, 0x03, 0x80, 0x07, 0xFF, 0xFF, 0x00, 0x0F, 0xFF, 0xFE,
  0x00, 0x0F, 0xFF, 0xFC, 0x00, 0x0F, 0xFF, 0xF8, 0x00, 0x00, 0x00, 0x00,
  0xFF, 0xFC, 0x00, 0x00, 0xF0, 0x00, 0xFF, 0x00, 0x30, 0x00, 0x00, 0x70,
  0x0C, 0x00, 0x00, 0x07, 0x01, 0x00, 0x00, 0x00, 0x70, 0x60, 0x00, 0x00,
  0x07, 0x04, 0x00, 0x00, 0x00, 0xF0, 0x80, 0x00, 0x00, 0x0F, 0x18, 0x00,
  0x00, 0x00, 0xF1, 0x00, 0x00, 0x00, 0x0E, 0x30, 0x00, 0x00, 0x00, 0xE2,
  0x00, 0x00, 0x00, 0x0E, 0x60, 0x00, 0x00, 0x00, 0xE6, 0x00, 0x03, 0xFF,
  0xFE, 0x60, 0x00, 0x7F, 0xFF, 0xE4, 0x00, 0x07, 0xFF, 0xFE, 0x40, 0x00,
  0xFF, 0xFF, 0xEC, 0x00, 0x0F, 0x00, 0x00, 0xC0, 0x00, 0xF0, 0x00, 0x0C,
  0x00, 0x0F, 0x00, 0x00, 0xC0, 0x00, 0xFF, 0xFF, 0xEC, 0x00, 0x0F, 0x80,
  0x07, 0xC0, 0x00, 0xF8, 0x00, 0x7C, 0x00, 0x0F, 0x80, 0x07, 0xC0, 0x00,
  0xF8, 0x00, 0x7C, 0x00, 0x0F, 0x80, 0x07, 0xC0, 0x00, 0xF8, 0x00, 0x7C,
  0x00, 0x0F, 0x80, 0x07, 0xC0, 0x00, 0x78, 0x00, 0x7E, 0x00, 0x07, 0x80,
  0x07, 0xE0, 0x00, 0x78, 0x00, 0x76, 0x00, 0x00, 0x00, 0x07, 0x60, 0x00,
  0x00, 0x00, 0x77, 0x00, 0x00, 0x00, 0x07, 0x70, 0x00, 0x00, 0x00, 0x73,
  0x00, 0x00, 0x00, 0x07, 0x38, 0x00, 0x00, 0x00, 0x73, 0xC0, 0x00, 0x00,
  0x07, 0x1C, 0x00, 0x00, 0x00, 0x70, 0xE0, 0x00, 0x00, 0x07, 0x0F, 0x80,
  0x00, 0x00, 0x70, 0x7E, 0x00, 0x00, 0x07, 0x03, 0xFC, 0x00, 0x0F, 0xF0,
  0x0F, 0xFF, 0xFF, 0xFF, 0x00, 0x7F, 0xFF, 0xFF, 0xF0, 0x01, 0xFF, 0xFF,
  0xFE, 0x00, 0x01, 0xFF, 0xF8, 0x00, 0xFF, 0xFF, 0xDF, 0xFF, 0xF3, 0x00,
  0x03, 0xE0, 0x00, 0x6C, 0x00, 0x0F, 0x80, 0x01, 0xF0, 0x00, 0x3E, 0x00,
  0x07, 0xC0, 0x00, 0xF8, 0x00, 0x1F, 0x00, 0x03, 0xE0, 0x00, 0x7C, 0x00,
  0x0F, 0x80, 0x01, 0xF0, 0x00, 0x3E, 0x00, 0x07, 0xC0, 0x00, 0xF8, 0x00,
  0x1F, 0x00, 0x03, 0xE0, 0x00, 0x7C, 0x00, 0x0F, 0x80, 0x01, 0xF0, 0x00,
  0x3E, 0x00, 0x07, 0xC0, 0x00, 0xF8, 0x00, 0x1F, 0x00, 0x03, 0xE0, 0x00,
  0x7C, 0x00, 0x0F, 0x80, 0x01, 0xF0, 0x00, 0x3E, 0x00, 0x07, 0xC0, 0x00,
  0x00, 0x00, 0x1F, 0x00, 0x00, 0x00, 0x00, 0x7C, 0x00, 0x00, 0x00, 0x01,
  0xF0, 0x00, 0x00, 0x00, 0x07, 0xC0, 0x00, 0x00, 0x00, 0x1F, 0x00, 0x00,
  0x00, 0x00, 0x7C, 0x00, 0x00, 0x00, 0x01, 0xF0, 0x00, 0x00, 0x00, 0x07,
  0xC0, 0x00, 0x00, 0x00, 0x1F, 0x00, 0x00, 0x00, 0x00, 0x7C, 0x00, 0x00,
  0x00, 0x01, 0xF0, 0x00, 0x00, 0x00, 0x07, 0xC0, 0x00, 0xF8, 0x00, 0x1F,
  0x00, 0x03, 0xE0, 0x00, 0x7C, 0x00, 0x0F, 0x80, 0x01, 0xF0, 0x00, 0x3E,
  0x00, 0x07, 0xC0, 0x00, 0xF8, 0x00, 0x1F, 0x00, 0x03, 0xE0, 0x00, 0x7C,
  0x00, 0x0F, 0x80, 0x01, 0xF0, 0x00, 0x3E, 0x00, 0x07, 0xC0, 0x00, 0xF8,
  0x00, 0x1F, 0x00, 0x03, 0xE0, 0x00, 0x7C, 0x00, 0x0F, 0x80, 0x01, 0xF0,
  0x00, 0x3E, 0x00, 0x07, 0xC0, 0x00, 0xF8, 0x00, 0x1F, 0x00, 0x03, 0xE0,
  0x00, 0x7C, 0x00, 0x0F, 0x80, 0x01, 0xFF, 0xFF, 0xFF, 0xFF, 0xFF, 0xFF,
  0xFF, 0xFF, 0xFF, 0xFD, 0xFF, 0xFF, 0xFF, 0xFF, 0xF3, 0xFF, 0xFF, 0xFF,
  0xFF, 0xC0, 0xFF, 0xFF, 0x98, 0x00, 0x1B, 0x00, 0x03, 0xE0, 0x00, 0x7C,
  0x00, 0x0F, 0x80, 0x01, 0xF0, 0x00, 0x3E, 0x00, 0x07, 0xC0, 0x00, 0xF8,
  0x00, 0x1F, 0x00, 0x03, 0xE0, 0x00, 0x7C, 0x00, 0x0F, 0x80, 0x01, 0xF0,
  0x00, 0x3E, 0x00, 0x07, 0xC0, 0x00, 0xF8, 0x00, 0x1F, 0x00, 0x03, 0xE0,
  0x00, 0x7C, 0x00, 0x0F, 0x80, 0x01, 0xF0, 0x00, 0x3E, 0x00, 0x07, 0xC0,
  0x00, 0xF8, 0x00, 0x1F, 0x00, 0x03, 0xE0, 0x00, 0x7C, 0x00, 0x0F, 0x80,
  0x01, 0xF0, 0x00, 0x3E, 0x00, 0x07, 0xC0, 0x00, 0xF8, 0x00, 0x1F, 0x00,
  0x03, 0xE0, 0x00, 0x7C, 0x00, 0x0F, 0x80, 0x01, 0xF0, 0x00, 0x3E, 0x00,
  0x07, 0xC0, 0x00, 0xF8, 0x00, 0x1F, 0x00, 0x03, 0xFF, 0xFF, 0xFF, 0xFF,
  0xFE, 0xFF, 0xFF, 0xCF, 0xFF, 0xF8, 0x7F, 0xFF, 0xFF, 0xF8, 0xC0, 0x00,
  0x00, 0x19, 0x80, 0x00, 0x00, 0x3B, 0x00, 0x00, 0x00, 0x76, 0x00, 0x00,
  0x00, 0xEC, 0x00, 0x00, 0x01, 0xD8, 0x00, 0x00, 0x03, 0xB0, 0x00, 0x00,
  0x07, 0x60, 0x00, 0x00, 0x0E, 0xC0, 0x00, 0x00, 0x1D, 0x80, 0x00, 0x00,
  0x3B, 0x00, 0x00, 0x00, 0x76, 0x00, 0x00, 0x00, 0xEF, 0xFF, 0x80, 0x01,
  0xDF, 0xFF, 0x00, 0x03, 0x9F, 0xFE, 0x00, 0x07, 0x1F, 0xFC, 0x00, 0x0E,
  0x00, 0x18, 0x00, 0x1C, 0x00, 0x30, 0x00, 0x38, 0x00, 0x60, 0x00, 0x70,
  0x00, 0xC0, 0x00, 0xE0, 0x01, 0x80, 0x01, 0xC0, 0x03, 0x00, 0x03, 0x80,
  0x06, 0x00, 0x07, 0x00, 0x0C, 0x00, 0x0E, 0x00, 0x18, 0x00, 0x1C, 0x00,
  0x30, 0x00, 0x38, 0x00, 0x60, 0x00, 0x70, 0x00, 0xC0, 0x00, 0xE0, 0x01,
  0x00, 0x01, 0xFF, 0xFE, 0x00, 0x07, 0xE0, 0xF0, 0x00, 0x0F, 0xC0, 0x00,
  0x00, 0x1D, 0x80, 0x00, 0x00, 0x3B, 0x00, 0x00, 0x00, 0xF6, 0x00, 0x00,
  0x01, 0xEC, 0x00, 0x00, 0x07, 0x98, 0x00, 0x00, 0x0F, 0x30, 0x00, 0x00,
  0x3C, 0x60, 0x00, 0x00, 0xF8, 0xC0, 0x00, 0x07, 0xE1, 0x80, 0x00, 0x3F,
  0x83, 0xC0, 0x03, 0xFE, 0x07, 0xFF, 0xFF, 0xF8, 0x0F, 0xFF, 0xFF, 0xC0,
  0x1F, 0xFF, 0xFE, 0x00, 0x03, 0xFF, 0xC0, 0x00, 0x00, 0xFF, 0xFF, 0x87,
  0xFF, 0xFF, 0x80, 0x01, 0x98, 0x00, 0x3F, 0x00, 0x03, 0xB0, 0x00, 0x7E,
  0x00, 0x07, 0xC0, 0x01, 0xEC, 0x00, 0x0F, 0x80, 0x03, 0xD8, 0x00, 0x1F,
  0x00, 0x07, 0xB0, 0x00, 0x3C, 0x00, 0x0E, 0x60, 0x00, 0x78, 0x00, 0x3C,
  0xC0, 0x00, 0xF0, 0x00, 0x79, 0x80, 0x01, 0xC0, 0x00, 0xF3, 0x00, 0x03,
  0x80, 0x03, 0xC6, 0x00, 0x07, 0x00, 0x07, 0x8C, 0x00, 0x0C, 0x00, 0x1F,
  0x18, 0x00, 0x18, 0x00, 0x3C, 0x30, 0x00, 0x30, 0x00, 0x78, 0x60, 0x00,
  0x40, 0x01, 0xE0, 0xC0, 0x00, 0x00, 0x03, 0xC1, 0x80, 0x00, 0x00, 0x0F,
  0x83, 0x00, 0x00, 0x00, 0x1E, 0x06, 0x00, 0x00, 0x00, 0x7C, 0x0C, 0x00,
  0x00, 0x01, 0xF0, 0x18, 0x00, 0x00, 0x1F, 0xE0, 0x30, 0x00, 0x00, 0x07,
  0x80, 0x60, 0x00, 0x00, 0x07, 0x00, 0xC0, 0x00, 0x00, 0x07, 0x01, 0x80,
  0x00, 0x00, 0x07, 0x03, 0x00, 0x02, 0x00, 0x0E, 0x06, 0x00, 0x04, 0x00,
  0x1E, 0x0C, 0x00, 0x0C, 0x00, 0x1C, 0x18, 0x00, 0x18, 0x00, 0x38, 0x30,
  0x00, 0x30, 0x00, 0x38, 0x60, 0x00, 0x70, 0x00, 0x70, 0xC0, 0x00, 0xE0,
  0x00, 0xE1, 0x80, 0x01, 0xC0, 0x00, 0xE3, 0x00, 0x03, 0x80, 0x01, 0xC6,
  0x00, 0x07, 0x80, 0x03, 0x8C, 0x00, 0x0F, 0x00, 0x07, 0x98, 0x00, 0x1E,
  0x00, 0x07, 0x30, 0x00, 0x3C, 0x00, 0x0E, 0x60, 0x00, 0x7C, 0x00, 0x1C,
  0xC0, 0x00, 0xF8, 0x00, 0x1D, 0x80, 0x01, 0xF0, 0x00, 0x3B, 0x00, 0x03,
  0xF0, 0x00, 0x77, 0xFF, 0xFF, 0xFF, 0xFF, 0xEF, 0xFF, 0xFF, 0xFF, 0xFF,
  0xEF, 0xFF, 0xFD, 0xFF, 0xFF, 0xDF, 0xFF, 0xF9, 0xFF, 0xFF, 0x80, 0xFF,
  0xFF, 0x80, 0x01, 0x80, 0x01, 0x80, 0x03, 0x00, 0x03, 0x80, 0x06, 0x00,
  0x07, 0x00, 0x0C, 0x00, 0x0E, 0x00, 0x18, 0x00, 0x1C, 0x00, 0x30, 0x00,
  0x38, 0x00, 0x60, 0x00, 0x70, 0x00, 0xC0, 0x00, 0xE0, 0x01, 0x80, 0x01,
  0xC0, 0x03, 0x00, 0x03, 0x80, 0x06, 0x00, 0x07, 0x00, 0x0C, 0x00, 0x0E,
  0x00, 0x18, 0x00, 0x1C, 0x00, 0x30, 0x00, 0x38, 0x00, 0x60, 0x00, 0x70,
  0x00, 0xC0, 0x00, 0xE0, 0x01, 0x80, 0x01, 0xC0, 0x03, 0x00, 0x03, 0x80,
  0x06, 0x00, 0x07, 0x00, 0x0C, 0x00, 0x0E, 0x00, 0x18, 0x00, 0x1C, 0x00,
  0x30, 0x00, 0x38, 0x00, 0x60, 0x00, 0x70, 0x00, 0xC0, 0x00, 0xE0, 0x01,
  0x80, 0x01, 0xC0, 0x03, 0x00, 0x03, 0x80, 0x06, 0x00, 0x07, 0x00, 0x0C,
  0x00, 0x0E, 0x00, 0x18, 0x00, 0x1C, 0x00, 0x30, 0x00, 0x3F, 0xFE, 0x60,
  0x00, 0x00, 0x06, 0xC0, 0x00, 0x00, 0x0F, 0x80, 0x00, 0x00, 0x1F, 0x00,
  0x00, 0x00, 0x3E, 0x00, 0x00, 0x00, 0x7C, 0x00, 0x00, 0x00, 0xF8, 0x00,
  0x00, 0x01, 0xF0, 0x00, 0x00, 0x03, 0xE0, 0x00, 0x00, 0x07, 0xC0, 0x00,
  0x00, 0x0F, 0x80, 0x00, 0x00, 0x1F, 0x00, 0x00, 0x00, 0x3F, 0xFF, 0xFF,
  0xFF, 0xFF, 0xFF, 0xFF, 0xFF, 0xEF, 0xFF, 0xFF, 0xFF, 0xCF, 0xFF, 0xFF,
  0xFF, 0x80, 0xFF, 0xFF, 0x00, 0x00, 0xFF, 0xFC, 0xC0, 0x03, 0x80, 0x03,
  0x00, 0x06, 0xC0, 0x01, 0xC0, 0x02, 0x00, 0x07, 0xC0, 0x01, 0xC0, 0x06,
  0x00, 0x07, 0xC0, 0x00, 0xE0, 0x04, 0x00, 0x07, 0xC0, 0x00, 0xE0, 0x0C,
  0x00, 0x07, 0xC0, 0x00, 0x70, 0x08, 0x00, 0x07, 0xC0, 0x00, 0x70, 0x18,
  0x00, 0x07, 0xC0, 0x00, 0x78, 0x10, 0x00, 0x07, 0xC0, 0x00, 0x38, 0x30,
  0x00, 0x07, 0xC0, 0x00, 0x3C, 0x20, 0x00, 0x07, 0xC0, 0x00, 0x1C, 0x60,
  0x00, 0x07, 0xC0, 0x00, 0x1E, 0x40, 0x00, 0x07, 0xC0, 0x00, 0x0E, 0xC0,
  0x00, 0x07, 0xC0, 0x00, 0x0E, 0x80, 0x00, 0x07, 0xC0, 0x00, 0x07, 0x80,
  0x00, 0x07, 0xC0, 0x00, 0x07, 0x00, 0x00, 0x07, 0xC0, 0x00, 0x03, 0x00,
  0x00, 0x07, 0xC0, 0x00, 0x02, 0x00, 0x00, 0x07, 0xC0, 0x00, 0x00, 0x00,
  0x00, 0x07, 0xC0, 0x00, 0x00, 0x00, 0x00, 0x07, 0xC0, 0x00, 0x00, 0x00,
  0x00, 0x07, 0xC0, 0x00, 0x00, 0x00, 0x00, 0x07, 0xC0, 0x00, 0x00, 0x00,
  0x00, 0x07, 0xC0, 0x00, 0x00, 0x01, 0x00, 0x07, 0xC0, 0x01, 0x00, 0x01,
  0x00, 0x07, 0xC0, 0x01, 0x00, 0x03, 0x00, 0x07, 0xC0, 0x01, 0x80, 0x03,
  0x00, 0x07, 0xC0, 0x01, 0x80, 0x07, 0x00, 0x07, 0xC0, 0x01, 0xC0, 0x07,
  0x00, 0x07, 0xC0, 0x01, 0xC0, 0x0F, 0x00, 0x07, 0xC0, 0x01, 0xC0, 0x0F,
  0x00, 0x07, 0xC0, 0x01, 0xE0, 0x1F, 0x00, 0x07, 0xC0, 0x01, 0xE0, 0x1F,
  0x00, 0x07, 0xC0, 0x01, 0xF0, 0x3F, 0x00, 0x07, 0xC0, 0x01, 0xF0, 0x3F,
  0x00, 0x07, 0xC0, 0x01, 0xF8, 0x7F, 0x00, 0x07, 0xC0, 0x01, 0xF8, 0x7B,
  0x00, 0x07, 0xC0, 0x01, 0xFC, 0xFB, 0x00, 0x07, 0xC0, 0x01, 0xDD, 0xF3,
  0x00, 0x07, 0xC0, 0x01, 0xDF, 0xF3, 0x00, 0x07, 0xC0, 0x01, 0xCF, 0xE3,
  0x00, 0x07, 0xC0, 0x01, 0xCF, 0xE3, 0x00, 0x07, 0xFF, 0xFF, 0xC3, 0x83,
  0xFF, 0xFF, 0xFF, 0xFF, 0xC0, 0x03, 0xFF, 0xFF, 0x7F, 0xFF, 0xC0, 0x01,
  0xFF, 0xFF, 0x7F, 0xFF, 0xC0, 0x00, 0xFF, 0xFF, 0xFF, 0xFF, 0x1F, 0xFF,
  0xF3, 0x00, 0x0E, 0x60, 0x00, 0x6C, 0x00, 0x39, 0x80, 0x01, 0xF0, 0x00,
  0x76, 0x00, 0x07, 0xC0, 0x01, 0xD8, 0x00, 0x1F, 0x00, 0x03, 0xE0, 0x00,
  0x7C, 0x00, 0x0F, 0x80, 0x01, 0xF0, 0x00, 0x3E, 0x00, 0x07, 0xC0, 0x00,
  0x78, 0x00, 0x1F, 0x00, 0x01, 0xE0, 0x00, 0x7C, 0x00, 0x07, 0x80, 0x01,
  0xF0, 0x00, 0x0E, 0x00, 0x07, 0xC0, 0x00, 0x38, 0x00, 0x1F, 0x00, 0x00,
  0x60, 0x00, 0x7C, 0x00, 0x01, 0x80, 0x01, 0xF0, 0x00, 0x06, 0x00, 0x07,
  0xC0, 0x00, 0x08, 0x00, 0x1F, 0x00, 0x00, 0x20, 0x00, 0x7C, 0x00, 0x00,
  0x80, 0x01, 0xF0, 0x00, 0x00, 0x00, 0x07, 0xC0, 0x00, 0x00, 0x00, 0x1F,
  0x00, 0x00, 0x00, 0x00, 0x7C, 0x00, 0x00, 0x00, 0x01, 0xF0, 0x00, 0x00,
  0x00, 0x07, 0xC0, 0x00, 0x00, 0x00, 0x1F, 0x00, 0x08, 0x00, 0x00, 0x7C,
  0x00, 0x10, 0x00, 0x01, 0xF0, 0x00, 0x40, 0x00, 0x07, 0xC0, 0x01, 0x80,
  0x00, 0x1F, 0x00, 0x06, 0x00, 0x00, 0x7C, 0x00, 0x1C, 0x00, 0x01, 0xF0,
  0x00, 0x70, 0x00, 0x07, 0xC0, 0x01, 0xC0, 0x00, 0x1F, 0x00, 0x07, 0x80,
  0x00, 0x7C, 0x00, 0x1E, 0x00, 0x01, 0xF0, 0x00, 0x7C, 0x00, 0x07, 0xC0,
  0x01, 0xF0, 0x00, 0x1F, 0x00, 0x07, 0xC0, 0x00, 0x7C, 0x00, 0x1F, 0x80,
  0x01, 0xF0, 0x00, 0x7E, 0x00, 0x07, 0xC0, 0x01, 0xFC, 0x00, 0x1F, 0x00,
  0x07, 0xF0, 0x00, 0x7C, 0x00, 0x1D, 0xC0, 0x01, 0xFF, 0xFF, 0xF7, 0xFF,
  0xFF, 0xFF, 0xFF, 0xCF, 0xFF, 0xFD, 0xFF, 0xFF, 0x3F, 0xFF, 0xF7, 0xFF,
  0xFC, 0x7F, 0xFF, 0xC0, 0x00, 0x03, 0xFF, 0x80, 0x00, 0x00, 0x1C, 0x00,
  0xF8, 0x00, 0x00, 0x60, 0x00, 0x1E, 0x00, 0x01, 0x80, 0x00, 0x03, 0x80,
  0x03, 0x00, 0x00, 0x01, 0xC0, 0x06, 0x00, 0x00, 0x00, 0xE0, 0x0C, 0x00,
  0x00, 0x00, 0x70, 0x08, 0x00, 0x00, 0x00, 0x30, 0x18, 0x00, 0x00, 0x00,
  0x38, 0x10, 0x00, 0x00, 0x00, 0x18, 0x30, 0x00, 0x00, 0x00, 0x1C, 0x20,
  0x00, 0x00, 0x00, 0x0C, 0x60, 0x00, 0x00, 0x00, 0x0E, 0x60, 0x00, 0x78,
  0x00, 0x0E, 0x60, 0x00, 0x78, 0x00, 0x0E, 0x40, 0x00, 0xF8, 0x00, 0x0E,
  0xC0, 0x00, 0xFC, 0x00, 0x06, 0xC0, 0x00, 0xFC, 0x00, 0x07, 0xC0, 0x00,
  0xFC, 0x00, 0x07, 0xC0, 0x00, 0xFC, 0x00, 0x07, 0xC0, 0x00, 0xFC, 0x00,
  0x07, 0xC0, 0x00, 0xFC, 0x00, 0x07, 0xC0, 0x00, 0xFC, 0x00, 0x07, 0xC0,
  0x00, 0xFC, 0x00, 0x07, 0xC0, 0x00, 0xFC, 0x00, 0x07, 0xC0, 0x00, 0xFC,
  0x00, 0x07, 0xC0, 0x00, 0xFC, 0x00, 0x07, 0xC0, 0x00, 0xFC, 0x00, 0x07,
  0xC0, 0x00, 0x78, 0x00, 0x0F, 0xE0, 0x00, 0x78, 0x00, 0x0F, 0x60, 0x00,
  0x78, 0x00, 0x0E, 0x60, 0x00, 0x00, 0x00, 0x0E, 0x60, 0x00, 0x00, 0x00,
  0x1E, 0x70, 0x00, 0x00, 0x00, 0x1E, 0x70, 0x00, 0x00, 0x00, 0x1C, 0x38,
  0x00, 0x00, 0x00, 0x3C, 0x38, 0x00, 0x00, 0x00, 0x3C, 0x1C, 0x00, 0x00,
  0x00, 0x78, 0x1E, 0x00, 0x00, 0x00, 0xF8, 0x0F, 0x00, 0x00, 0x01, 0xF0,
  0x07, 0x80, 0x00, 0x03, 0xE0, 0x03, 0xE0, 0x00, 0x0F, 0xE0, 0x01, 0xFE,
  0x00, 0x7F, 0xC0, 0x00, 0xFF, 0xFF, 0xFF, 0x00, 0x00, 0x3F, 0xFF, 0xFE,
  0x00, 0x00, 0x0F, 0xFF, 0xF8, 0x00, 0x00, 0x00, 0xFF, 0xC0, 0x00, 0x03,
  0xFF, 0xFE, 0x00, 0x07, 0xF0, 0x00, 0x0F, 0x00, 0x30, 0x00, 0x00, 0x07,
  0x01, 0x80, 0x00, 0x00, 0x0C, 0x0C, 0x00, 0x00, 0x00, 0x30, 0x60, 0x00,
  0x00, 0x00, 0xC3, 0x00, 0x00, 0x00, 0x03, 0x18, 0x00, 0x00, 0x00, 0x1C,
  0xC0, 0x00, 0x00, 0x00, 0x66, 0x00, 0x00, 0x00, 0x03, 0xB0, 0x00, 0x00,
  0x00, 0x1D, 0x80, 0x00, 0x00, 0x00, 0x6C, 0x00, 0x00, 0x00, 0x03, 0x60,
  0x00, 0x70, 0x00, 0x1F, 0x00, 0x03, 0xC0, 0x00, 0xF8, 0x00, 0x1E, 0x00,
  0x07, 0xC0, 0x00, 0xF0, 0x00, 0x3E, 0x00, 0x07, 0x80, 0x01, 0xF0, 0x00,
  0x3C, 0x00, 0x0F, 0x80, 0x01, 0xE0, 0x00, 0x7C, 0x00, 0x0F, 0x00, 0x03,
  0xE0, 0x00, 0x70, 0x00, 0x1F, 0x00, 0x00, 0x00, 0x01, 0xF8, 0x00, 0x00,
  0x00, 0x0F, 0xC0, 0x00, 0x00, 0x00, 0x76, 0x00, 0x00, 0x00, 0x03, 0xB0,
  0x00, 0x00, 0x00, 0x3D, 0x80, 0x00, 0x00, 0x01, 0xEC, 0x00, 0x00, 0x00,
  0x1E, 0x60, 0x00, 0x00, 0x01, 0xF3, 0x00, 0x00, 0x00, 0x3F, 0x18, 0x00,
  0x00, 0x07, 0xF0, 0xC0, 0x00, 0x01, 0xFF, 0x06, 0x00, 0x07, 0xFF, 0xF0,
  0x30, 0x00, 0x3F, 0xFE, 0x01, 0x80, 0x01, 0xFF, 0xC0, 0x0C, 0x00, 0x0F,
  0xF0, 0x00, 0x60, 0x00, 0x70, 0x00, 0x03, 0x00, 0x03, 0x80, 0x00, 0x18,
  0x00, 0x1C, 0x00, 0x00, 0xC0, 0x00, 0xE0, 0x00, 0x06, 0x00, 0x07, 0x00,
  0x00, 0x30, 0x00, 0x38, 0x00, 0x01, 0xFF, 0xFF, 0xC0, 0x00, 0x0F, 0xFF,
  0xFE, 0x00, 0x00, 0x3F, 0xFF, 0xF0, 0x00, 0x00, 0xFF, 0xFF, 0x80, 0x00,
  0x00, 0x00, 0x03, 0xFF, 0x00, 0x00, 0x00, 0x1C, 0x01, 0xF0, 0x00, 0x00,
  0x60, 0x00, 0x1C, 0x00, 0x01, 0x80, 0x00, 0x07, 0x00, 0x03, 0x00, 0x00,
  0x01, 0x80, 0x06, 0x00, 0x00, 0x00, 0xE0, 0x04, 0x00, 0x00, 0x00, 0x60,
  0x08, 0x00, 0x00, 0x00, 0x30, 0x18, 0x00, 0x00, 0x00, 0x38, 0x10, 0x00,
  0x00, 0x00, 0x18, 0x30, 0x00, 0x00, 0x00, 0x1C, 0x20, 0x00, 0x00, 0x00,
  0x0C, 0x60, 0x00, 0x00, 0x00, 0x0E, 0x60, 0x00, 0x78, 0x00, 0x0E, 0x60,
  0x00, 0x78, 0x00, 0x0E, 0x40, 0x00, 0xFC, 0x00, 0x06, 0xC0, 0x00, 0xFC,
  0x00, 0x07, 0xC0, 0x00, 0xFC, 0x00, 0x07, 0xC0, 0x00, 0xFC, 0x00, 0x07,
  0xC0, 0x00, 0xFC, 0x00, 0x07, 0xC0, 0x00, 0xFC, 0x00, 0x07, 0xC0, 0x00,
  0xFC, 0x00, 0x07, 0xC0, 0x00, 0xFC, 0x00, 0x07, 0xC0, 0x00, 0xFC, 0x00,
  0x07, 0xC0, 0x00, 0xFC, 0x00, 0x07, 0xC0, 0x00, 0xFC, 0x00, 0x07, 0xC0,
  0x00, 0xFC, 0x00, 0x07, 0xC0, 0x00, 0x78, 0x00, 0x0F, 0xE0, 0x00, 0x78,
  0x00, 0x0F, 0xE0, 0x00, 0x00, 0x00, 0x0E, 0x60, 0x00, 0x00, 0x00, 0x0E,
  0x60, 0x00, 0x00, 0x00, 0x1E, 0x70, 0x00, 0x00, 0x00, 0x1E, 0x70, 0x00,
  0x00, 0x00, 0x3C, 0x38, 0x00, 0x00, 0x00, 0x3C, 0x38, 0x00, 0x00, 0x00,
  0x7C, 0x1C, 0x00, 0x00, 0x00, 0xF8, 0x1E, 0x00, 0x00, 0x01, 0xF8, 0x0F,
  0x80, 0x00, 0x03, 0xF0, 0x0F, 0xC0, 0x00, 0x0F, 0xE0, 0x07, 0xF0, 0x00,
  0x7F, 0xC0, 0x03, 0xF0, 0x07, 0xFF, 0xF8, 0x00, 0xE0, 0x03, 0xFC, 0x78,
  0x00, 0x60, 0x00, 0x00, 0x78, 0x00, 0x60, 0x00, 0x00, 0x78, 0x00, 0x60,
  0x00, 0x00, 0x38, 0x00, 0x60, 0x00, 0x00, 0x38, 0x00, 0x70, 0x00, 0x00,
  0x38, 0x00, 0x70, 0x00, 0x00, 0x38, 0x00, 0x38, 0x00, 0x00, 0x38, 0x00,
  0x3C, 0x00, 0x00, 0x3C, 0x00, 0x1F, 0x00, 0x00, 0x3C, 0x00, 0x0F, 0xC0,
  0x00, 0x1C, 0x00, 0x07, 0xF8, 0x00, 0xFC, 0x00, 0x03, 0xFF, 0xFF, 0xFC,
  0x00, 0x00, 0xFF, 0xFF, 0xFC, 0x00, 0x00, 0x3F, 0xFF, 0xFC, 0x00, 0x00,
  0x07, 0xFF, 0x80, 0x01, 0xFF, 0xFF, 0xC0, 0x00, 0xFE, 0x00, 0x00, 0x3C,
  0x00, 0xC0, 0x00, 0x00, 0x07, 0x00, 0xC0, 0x00, 0x00, 0x03, 0x80, 0xC0,
  0x00, 0x00, 0x00, 0xC0, 0xC0, 0x00, 0x00, 0x00, 0xE0, 0xC0, 0x00, 0x00,
  0x00, 0x60, 0xC0, 0x00, 0x00, 0x00, 0x70, 0xC0, 0x00, 0x00, 0x00, 0x30,
  0xC0, 0x00, 0x00, 0x00, 0x30, 0xC0, 0x00, 0x00, 0x00, 0x38, 0xC0, 0x01,
  0xE0, 0x00, 0x38, 0xC0, 0x01, 0xF0, 0x00, 0x38, 0xC0, 0x01, 0xF0, 0x00,
  0x38, 0xC0, 0x01, 0xF0, 0x00, 0x38, 0xC0, 0x01, 0xF0, 0x00, 0x38, 0xC0,
  0x01, 0xE0, 0x00, 0x78, 0xC0, 0x00, 0x00, 0x00, 0x78, 0xC0, 0x00, 0x00,
  0x00, 0xF0, 0xC0, 0x00, 0x00, 0x00, 0xF0, 0xC0, 0x00, 0x00, 0x01, 0xF0,
  0xC0, 0x00, 0x00, 0x03, 0xE0, 0xC0, 0x00, 0x00, 0x07, 0xE0, 0xC0, 0x00,
  0x00, 0x1F, 0xC0, 0xC0, 0x00, 0x00, 0x0F, 0x80, 0xC0, 0x00, 0x00, 0x07,
  0x00, 0xC0, 0x01, 0x00, 0x03, 0x80, 0xC0, 0x01, 0x80, 0x03, 0xC0, 0xC0,
  0x01, 0x80, 0x01, 0xC0, 0xC0, 0x01, 0x80, 0x01, 0xE0, 0xC0, 0x01, 0x80,
  0x00, 0xE0, 0xC0, 0x01, 0xC0, 0x00, 0xE0, 0xC0, 0x01, 0xC0, 0x00, 0xF0,
  0xC0, 0x01, 0xC0, 0x00, 0x70, 0xC0, 0x01, 0xE0, 0x00, 0x70, 0xC0, 0x01,
  0xE0, 0x00, 0x38, 0xC0, 0x01, 0xE0, 0x00, 0x38, 0xC0, 0x01, 0xF0, 0x00,
  0x38, 0xC0, 0x01, 0xF0, 0x00, 0x1C, 0xC0, 0x01, 0xF0, 0x00, 0x1C, 0xC0,
  0x01, 0xF8, 0x00, 0x1C, 0xC0, 0x01, 0xF8, 0x00, 0x1C, 0xC0, 0x01, 0xFC,
  0x00, 0x0E, 0xFF, 0xFF, 0xFF, 0xFF, 0xFE, 0xFF, 0xFF, 0xFF, 0xFF, 0xFE,
  0x7F, 0xFF, 0xEF, 0xFF, 0xFE, 0x3F, 0xFF, 0xE7, 0xFF, 0xFF, 0x00, 0x1F,
  0xFF, 0xE0, 0x00, 0x1E, 0x00, 0x07, 0xFC, 0x06, 0x00, 0x00, 0x01, 0xE0,
  0x80, 0x00, 0x00, 0x1E, 0x10, 0x00, 0x00, 0x01, 0xC3, 0x00, 0x00, 0x00,
  0x1C, 0x20, 0x00, 0x00, 0x01, 0xC6, 0x00, 0x00, 0x00, 0x1C, 0x40, 0x00,
  0x00, 0x03, 0xCC, 0x00, 0x00, 0x00, 0x3C, 0xC0, 0x00, 0x00, 0x03, 0xCC,
  0x00, 0x1F, 0xE0, 0x3C, 0xC0, 0x03, 0xFF, 0xE3, 0x8C, 0x00, 0x3F, 0xFF,
  0xB8, 0xC0, 0x00, 0xFF, 0xFF, 0x8C, 0x00, 0x03, 0xFF, 0xF8, 0xC0, 0x00,
  0x03, 0xFF, 0x8E, 0x00, 0x00, 0x0F, 0x78, 0xE0, 0x00, 0x00, 0x3D, 0x86,
  0x00, 0x00, 0x00, 0xE0, 0x70, 0x00, 0x00, 0x07, 0x07, 0x80, 0x00, 0x00,
  0x38, 0x3C, 0x00, 0x00, 0x01, 0xC1, 0xE0, 0x00, 0x00, 0x0C, 0x1F, 0x00,
  0x00, 0x00, 0xE0, 0xFC, 0x00, 0x00, 0x0E, 0x07, 0xF8, 0x00, 0x00, 0x60,
  0x1F, 0xF8, 0x00, 0x07, 0x38, 0xFF, 0xE0, 0x00, 0x73, 0xFB, 0xFE, 0x00,
  0x07, 0x23, 0xFF, 0xE0, 0x00, 0x76, 0x01, 0xFC, 0x00, 0x07, 0x60, 0x00,
  0x00, 0x00, 0x76, 0x00, 0x00, 0x00, 0x07, 0x60, 0x00, 0x00, 0x00, 0xF6,
  0x00, 0x00, 0x00, 0x0E, 0x60, 0x00, 0x00, 0x00, 0xE6, 0x00, 0x00, 0x00,
  0x1E, 0x40, 0x00, 0x00, 0x03, 0xCC, 0x00, 0x00, 0x00, 0x7C, 0xC0, 0x00,
  0x00, 0x0F, 0x8C, 0x00, 0x00, 0x03, 0xF8, 0xF8, 0x00, 0x03, 0xFF, 0x0F,
  0xFF, 0xFF, 0xFF, 0xC0, 0xFF, 0xFF, 0xFF, 0xF8, 0x0F, 0xFF, 0xFF, 0xFE,
  0x00, 0x07, 0xFF, 0xFE, 0x00, 0x00, 0xFF, 0xFF, 0xFF, 0xFF, 0xCC, 0x00,
  0x00, 0x00, 0x06, 0xC0, 0x00, 0x00, 0x00, 0x7C, 0x00, 0x00, 0x00, 0x07,
  0xC0, 0x00, 0x00, 0x00, 0x7C, 0x00, 0x00, 0x00, 0x07, 0xC0, 0x00, 0x00,
  0x00, 0x7C, 0x00, 0x00, 0x00, 0x07, 0xC0, 0x00, 0x00, 0x00, 0x7C, 0x00,
  0x00, 0x00, 0x07, 0xC0, 0x00, 0x00, 0x00, 0x7C, 0x00, 0x00, 0x00, 0x07,
  0xC0, 0x00, 0x00, 0x00, 0x7F, 0xFC, 0x00, 0x07, 0xFF, 0xFF, 0xC0, 0x00,
  0x7F, 0xF7, 0xFC, 0x00, 0x07, 0xFF, 0x7F, 0xC0, 0x00, 0x7F, 0xF0, 0x0C,
  0x00, 0x07, 0x00, 0x00, 0xC0, 0x00, 0x70, 0x00, 0x0C, 0x00, 0x07, 0x00,
  0x00, 0xC0, 0x00, 0x70, 0x00, 0x0C, 0x00, 0x07, 0x00, 0x00, 0xC0, 0x00,
  0x70, 0x00, 0x0C, 0x00, 0x07, 0x00, 0x00, 0xC0, 0x00, 0x70, 0x00, 0x0C,
  0x00, 0x07, 0x00, 0x00, 0xC0, 0x00, 0x70, 0x00, 0x0C, 0x00, 0x07, 0x00,
  0x00, 0xC0, 0x00, 0x70, 0x00, 0x0C, 0x00, 0x07, 0x00, 0x00, 0xC0, 0x00,
  0x70, 0x00, 0x0C, 0x00, 0x07, 0x00, 0x00, 0xC0, 0x00, 0x70, 0x00, 0x0C,
  0x00, 0x07, 0x00, 0x00, 0xC0, 0x00, 0x70, 0x00, 0x0C, 0x00, 0x07, 0x00,
  0x00, 0xC0, 0x00, 0x70, 0x00, 0x0C, 0x00, 0x07, 0x00, 0x00, 0xC0, 0x00,
  0x70, 0x00, 0x0C, 0x00, 0x07, 0x00, 0x00, 0xC0, 0x00, 0x70, 0x00, 0x0C,
  0x00, 0x07, 0x00, 0x00, 0xC0, 0x00, 0x70, 0x00, 0x0F, 0xFF, 0xFF, 0x00,
  0x00, 0xFF, 0xFF, 0xF0, 0x00, 0x07, 0xFF, 0xFF, 0x00, 0x00, 0x3F, 0xFF,
  0xF0, 0x00, 0xFF, 0xFF, 0x8F, 0xFF, 0xF9, 0x80, 0x01, 0xD8, 0x00, 0x1B,
  0x00, 0x03, 0xB0, 0x00, 0x3E, 0x00, 0x07, 0xE0, 0x00, 0x7C, 0x00, 0x0F,
  0xC0, 0x00, 0xF8, 0x00, 0x1F, 0x80, 0x01, 0xF0, 0x00, 0x3F, 0x00, 0x03,
  0xE0, 0x00, 0x7E, 0x00, 0x07, 0xC0, 0x00, 0xFC, 0x00, 0x0F, 0x80, 0x01,
  0xF8, 0x00, 0x1F, 0x00, 0x03, 0xF0, 0x00, 0x3E, 0x00, 0x07, 0xE0, 0x00,
  0x7C, 0x00, 0x0F, 0xC0, 0x00, 0xF8, 0x00, 0x1F, 0x80, 0x01, 0xF0, 0x00,
  0x3F, 0x00, 0x03, 0xE0, 0x00, 0x7E, 0x00, 0x07, 0xC0, 0x00, 0xFC, 0x00,
  0x0F, 0x80, 0x01, 0xF8, 0x00, 0x1F, 0x00, 0x03, 0xF0, 0x00, 0x3E, 0x00,
  0x07, 0xE0, 0x00, 0x7C, 0x00, 0x0F, 0xC0, 0x00, 0xF8, 0x00, 0x1F, 0x80,
  0x01, 0xF0, 0x00, 0x3F, 0x00, 0x03, 0xE0, 0x00, 0x7E, 0x00, 0x07, 0xC0,
  0x00, 0xFC, 0x00, 0x0F, 0x80, 0x01, 0xF8, 0x00, 0x1F, 0x00, 0x03, 0xF0,
  0x00, 0x3E, 0x00, 0x07, 0xE0, 0x00, 0x7C, 0x00, 0x0F, 0xC0, 0x00, 0xF8,
  0x00, 0x0F, 0x80, 0x03, 0xF8, 0x00, 0x1E, 0x00, 0x07, 0xB0, 0x00, 0x00,
  0x00, 0x0E, 0x60, 0x00, 0x00, 0x00, 0x1C, 0xC0, 0x00, 0x00, 0x00, 0x79,
  0xC0, 0x00, 0x00, 0x00, 0xF1, 0x80, 0x00, 0x00, 0x01, 0xC3, 0x80, 0x00,
  0x00, 0x07, 0x87, 0x00, 0x00, 0x00, 0x1F, 0x07, 0x00, 0x00, 0x00, 0x3C,
  0x0F, 0x00, 0x00, 0x00, 0xF8, 0x0F, 0x80, 0x00, 0x07, 0xE0, 0x0F, 0xC0,
  0x00, 0x1F, 0x80, 0x0F, 0xF0, 0x01, 0xFE, 0x00, 0x0F, 0xFF, 0xFF, 0xF8,
  0x00, 0x07, 0xFF, 0xFF, 0xE0, 0x00, 0x03, 0xFF, 0xFF, 0x00, 0x00, 0x00,
  0x7F, 0xF0, 0x00, 0x00, 0xFF, 0xFF, 0xC1, 0xFF, 0xFF, 0x18, 0x00, 0x38,
  0x60, 0x00, 0xE6, 0x00, 0x07, 0x18, 0x00, 0x39, 0x80, 0x01, 0xCC, 0x00,
  0x0E, 0x60, 0x00, 0x73, 0x00, 0x03, 0x9C, 0x00, 0x1C, 0xC0, 0x01, 0xE7,
  0x00, 0x07, 0xB0, 0x00, 0x79, 0xC0, 0x00, 0xEC, 0x00, 0x1E, 0x30, 0x00,
  0x3B, 0x00, 0x07, 0x8C, 0x00, 0x0F, 0x80, 0x01, 0xE3, 0x00, 0x03, 0xE0,
  0x00, 0xF0, 0xE0, 0x00, 0xF8, 0x00, 0x3C, 0x38, 0x00, 0x3E, 0x00, 0x0F,
  0x06, 0x00, 0x07, 0x80, 0x03, 0xC1, 0x80, 0x01, 0xE0, 0x00, 0xF0, 0x60,
  0x00, 0x70, 0x00, 0x38, 0x18, 0x00, 0x1C, 0x00, 0x1E, 0x07, 0x00, 0x07,
  0x00, 0x07, 0x81, 0xC0, 0x01, 0xC0, 0x01, 0xE0, 0x30, 0x00, 0x70, 0x00,
  0x78, 0x0C, 0x00, 0x0C, 0x00, 0x1E, 0x03, 0x00, 0x03, 0x00, 0x0F, 0x00,
  0xE0, 0x00, 0x80, 0x03, 0xC0, 0x38, 0x00, 0x20, 0x00, 0xF0, 0x06, 0x00,
  0x08, 0x00, 0x3C, 0x01, 0x80, 0x02, 0x00, 0x0F, 0x00, 0x60, 0x00, 0x80,
  0x07, 0x80, 0x1C, 0x00, 0x00, 0x01, 0xE0, 0x07, 0x00, 0x00, 0x00, 0x78,
  0x00, 0xC0, 0x00, 0x00, 0x1E, 0x00, 0x30, 0x00, 0x00, 0x07, 0x00, 0x0E,
  0x00, 0x00, 0x03, 0xC0, 0x03, 0x80, 0x00, 0x00, 0xF0, 0x00, 0x60, 0x00,
  0x00, 0x3C, 0x00, 0x18, 0x00, 0x00, 0x0F, 0x00, 0x06, 0x00, 0x00, 0x03,
  0x80, 0x01, 0xC0, 0x00, 0x01, 0xE0, 0x00, 0x70, 0x00, 0x00, 0x78, 0x00,
  0x0C, 0x00, 0x00, 0x1E, 0x00, 0x03, 0x00, 0x00, 0x07, 0x00, 0x00, 0xE0,
  0x00, 0x03, 0xC0, 0x00, 0x38, 0x00, 0x00, 0xF0, 0x00, 0x06, 0x00, 0x00,
  0x3C, 0x00, 0x01, 0xFF, 0xFF, 0xFF, 0x00, 0x00, 0x7F, 0xFF, 0xFF, 0x80,
  0x00, 0x0F, 0xFF, 0xFF, 0xE0, 0x00, 0x01, 0xFF, 0xFF, 0xF8, 0x00, 0xFF,
  0xFF, 0xC0, 0x00, 0x1F, 0xFF, 0xF3, 0x80, 0x03, 0x80, 0x00, 0x60, 0x00,
  0xE6, 0x00, 0x07, 0x00, 0x01, 0x00, 0x03, 0x98, 0x00, 0x1C, 0xFF, 0xEC,
  0x00, 0x0E, 0x60, 0x00, 0x72, 0x03, 0xB0, 0x00, 0x39, 0x80, 0x01, 0xD8,
  0x0E, 0xC0, 0x01, 0xE6, 0x00, 0x07, 0x60, 0x1F, 0x00, 0x07, 0x9C, 0x00,
  0x1F, 0x00, 0x7C, 0x00, 0x1E, 0x70, 0x00, 0x3C, 0x01, 0xF0, 0x00, 0x78,
  0xC0, 0x00, 0xF0, 0x03, 0x80, 0x01, 0xE3, 0x00, 0x03, 0xC0, 0x0E, 0x00,
  0x07, 0x8C, 0x00, 0x0E, 0x00, 0x38, 0x00, 0x1C, 0x30, 0x00, 0x38, 0x00,
  0xE0, 0x00, 0xF0, 0xE0, 0x00, 0xE0, 0x01, 0x80, 0x03, 0xC3, 0x80, 0x03,
  0x00, 0x06, 0x00, 0x0F, 0x06, 0x00, 0x04, 0x00, 0x18, 0x00, 0x3C, 0x18,
  0x00, 0x10, 0x00, 0x60, 0x00, 0xF0, 0x60, 0x00, 0x40, 0x01, 0x00, 0x07,
  0x81, 0xC0, 0x02, 0x00, 0x04, 0x00, 0x1E, 0x07, 0x00, 0x00, 0x00, 0x00,
  0x00, 0x78, 0x1C, 0x00, 0x00, 0x00, 0x00, 0x01, 0xE0, 0x30, 0x00, 0x00,
  0x00, 0x00, 0x07, 0x80, 0xC0, 0x00, 0x00, 0x00, 0x00, 0x1C, 0x03, 0x80,
  0x00, 0x00, 0x00, 0x00, 0xF0, 0x0E, 0x00, 0x00, 0x00, 0x00, 0x03, 0xC0,
  0x38, 0x00, 0x00, 0x00, 0x00, 0x0F, 0x00, 0x60, 0x00, 0x00, 0x00, 0x00,
  0x3C, 0x01, 0x80, 0x00, 0x08, 0x00, 0x01, 0xE0, 0x07, 0x00, 0x00, 0x20,
  0x00, 0x07, 0x80, 0x1C, 0x00, 0x00, 0x80, 0x00, 0x1E, 0x00, 0x30, 0x00,
  0x07, 0x00, 0x00, 0x78, 0x00, 0xC0, 0x00, 0x1C, 0x00, 0x01, 0xE0, 0x03,
  0x00, 0x00, 0x70, 0x00, 0x0F, 0x00, 0x0E, 0x00, 0x03, 0xE0, 0x00, 0x3C,
  0x00, 0x38, 0x00, 0x0F, 0x80, 0x00, 0xF0, 0x00, 0x60, 0x00, 0x3E, 0x00,
  0x03, 0xC0, 0x01, 0x80, 0x01, 0xFC, 0x00, 0x1E, 0x00, 0x07, 0x00, 0x07,
  0xF0, 0x00, 0x78, 0x00, 0x1C, 0x00, 0x1E, 0xC0, 0x01, 0xE0, 0x00, 0x30,
  0x00, 0xF3, 0x80, 0x07, 0x80, 0x00, 0xC0, 0x03, 0xCE, 0x00, 0x1C, 0x00,
  0x03, 0x80, 0x0F, 0x18, 0x00, 0xF0, 0x00, 0x0E, 0x00, 0x78, 0x70, 0x03,
  0xC0, 0x00, 0x1F, 0xFF, 0xE1, 0xFF, 0xFF, 0x00, 0x00, 0x7F, 0xFF, 0x83,
  0xFF, 0xF8, 0x00, 0x01, 0xFF, 0xFC, 0x0F, 0xFF, 0xE0, 0x00, 0x03, 0xFF,
  0xF0, 0x3F, 0xFF, 0x80, 0x00, 0xFF, 0xFF, 0xC1, 0xFF, 0xFF, 0xB0, 0x00,
  0x38, 0xC0, 0x01, 0xEE, 0x00, 0x0E, 0x30, 0x00, 0x7B, 0x80, 0x03, 0x88,
  0x00, 0x1E, 0x60, 0x00, 0x76, 0x00, 0x0F, 0x1C, 0x00, 0x1D, 0x80, 0x03,
  0xC7, 0x00, 0x07, 0xC0, 0x00, 0xF0, 0xC0, 0x00, 0xF0, 0x00, 0x7C, 0x38,
  0x00, 0x3C, 0x00, 0x1E, 0x0E, 0x00, 0x0E, 0x00, 0x07, 0x81, 0xC0, 0x01,
  0x80, 0x03, 0xC0, 0x70, 0x00, 0x60, 0x00, 0xF0, 0x0E, 0x00, 0x10, 0x00,
  0x7C, 0x03, 0x80, 0x00, 0x00, 0x1E, 0x00, 0xF0, 0x00, 0x00, 0x0F, 0x80,
  0x1C, 0x00, 0x00, 0x03, 0xC0, 0x07, 0x80, 0x00, 0x01, 0xF0, 0x00, 0xF0,
  0x00, 0x00, 0xF8, 0x00, 0x1C, 0x00, 0x00, 0x7E, 0x00, 0x07, 0xC0, 0x00,
  0x3F, 0x00, 0x00, 0xF0, 0x00, 0x0F, 0x80, 0x00, 0x18, 0x00, 0x01, 0xC0,
  0x00, 0x0C, 0x00, 0x00, 0x38, 0x00, 0x06, 0x00, 0x00, 0x07, 0x00, 0x01,
  0x00, 0x00, 0x01, 0xC0, 0x00, 0xC0, 0x00, 0x00, 0x38, 0x00, 0x60, 0x00,
  0x00, 0x0F, 0x00, 0x18, 0x00, 0x00, 0x01, 0xC0, 0x0C, 0x00, 0x00, 0x00,
  0x78, 0x03, 0x00, 0x04, 0x00, 0x0E, 0x00, 0x80, 0x01, 0x00, 0x03, 0x80,
  0x60, 0x00, 0x60, 0x00, 0xF0, 0x18, 0x00, 0x18, 0x00, 0x1C, 0x06, 0x00,
  0x0E, 0x00, 0x07, 0x03, 0x00, 0x03, 0x80, 0x01, 0xE0, 0xC0, 0x00, 0xF0,
  0x00, 0x38, 0x30, 0x00, 0x3C, 0x00, 0x0E, 0x08, 0x00, 0x1F, 0x00, 0x03,
  0x86, 0x00, 0x07, 0xE0, 0x00, 0xF1, 0x80, 0x01, 0xF8, 0x00, 0x1C, 0x60,
  0x00, 0xF6, 0x00, 0x07, 0x18, 0x00, 0x3D, 0x80, 0x01, 0xCC, 0x00, 0x0F,
  0x70, 0x00, 0x7B, 0xFF, 0xFF, 0xDF, 0xFF, 0xFE, 0xFF, 0xFF, 0xE3, 0xFF,
  0xFF, 0xBF, 0xFF, 0xF8, 0xFF, 0xFF, 0xE7, 0xFF, 0xFC, 0x1F, 0xFF, 0xF0,
  0xFF, 0xFF, 0xC0, 0x7F, 0xFF, 0xFC, 0x00, 0x1C, 0x18, 0x00, 0x3D, 0x80,
  0x01, 0xC6, 0x00, 0x0F, 0x30, 0x00, 0x38, 0xC0, 0x01, 0xE6, 0x00, 0x07,
  0x90, 0x00, 0x3C, 0xE0, 0x00, 0x76, 0x00, 0x07, 0x8C, 0x00, 0x0E, 0xC0,
  0x01, 0xE1, 0x80, 0x01, 0xD8, 0x00, 0x3C, 0x38, 0x00, 0x1E, 0x00, 0x07,
  0x87, 0x00, 0x03, 0xC0, 0x00, 0xF0, 0x60, 0x00, 0x78, 0x00, 0x3C, 0x0C,
  0x00, 0x0E, 0x00, 0x07, 0x81, 0xC0, 0x00, 0xC0, 0x00, 0xF0, 0x18, 0x00,
  0x18, 0x00, 0x3C, 0x03, 0x00, 0x03, 0x00, 0x07, 0x80, 0x70, 0x00, 0x40,
  0x00, 0xF0, 0x06, 0x00, 0x00, 0x00, 0x3C, 0x00, 0xE0, 0x00, 0x00, 0x07,
  0x80, 0x1C, 0x00, 0x00, 0x00, 0xF0, 0x01, 0xC0, 0x00, 0x00, 0x3C, 0x00,
  0x38, 0x00, 0x00, 0x0F, 0x80, 0x03, 0x80, 0x00, 0x01, 0xE0, 0x00, 0x78,
  0x00, 0x00, 0x7C, 0x00, 0x07, 0x80, 0x00, 0x1F, 0x00, 0x00, 0xF8, 0x00,
  0x07, 0xC0, 0x00, 0x0F, 0x80, 0x01, 0xF8, 0x00, 0x00, 0xF0, 0x00, 0x3E,
  0x00, 0x00, 0x0E, 0x00, 0x07, 0x80, 0x00, 0x00, 0xC0, 0x00, 0xE0, 0x00,
  0x00, 0x18, 0x00, 0x1C, 0x00, 0x00, 0x03, 0x00, 0x03, 0x80, 0x00, 0x00,
  0x60, 0x00, 0x70, 0x00, 0x00, 0x0C, 0x00, 0x0E, 0x00, 0x00, 0x01, 0x80,
  0x01, 0xC0, 0x00, 0x00, 0x30, 0x00, 0x38, 0x00, 0x00, 0x06, 0x00, 0x07,
  0x00, 0x00, 0x00, 0xC0, 0x00, 0xE0, 0x00, 0x00, 0x18, 0x00, 0x1C, 0x00,
  0x00, 0x03, 0x00, 0x03, 0x80, 0x00, 0x00, 0x60, 0x00, 0x70, 0x00, 0x00,
  0x0C, 0x00, 0x0E, 0x00, 0x00, 0x01, 0x80, 0x01, 0xC0, 0x00, 0x00, 0x30,
  0x00, 0x38, 0x00, 0x00, 0x07, 0xFF, 0xFF, 0x00, 0x00, 0x00, 0xFF, 0xFF,
  0xE0, 0x00, 0x00, 0x0F, 0xFF, 0xFC, 0x00, 0x00, 0x00, 0xFF, 0xFF, 0x80,
  0x00, 0xFF, 0xFF, 0xFF, 0xFE, 0x60, 0x00, 0x00, 0x01, 0xB0, 0x00, 0x00,
  0x00, 0xF8, 0x00, 0x00, 0x00, 0x7C, 0x00, 0x00, 0x00, 0x3E, 0x00, 0x00,
  0x00, 0x1F, 0x00, 0x00, 0x00, 0x0F, 0x80, 0x00, 0x00, 0x07, 0xC0, 0x00,
  0x00, 0x03, 0xE0, 0x00, 0x00, 0x01, 0xF0, 0x00, 0x00, 0x01, 0xF8, 0x00,
  0x00, 0x00, 0xFC, 0x00, 0x00, 0x00, 0xF7, 0xFF, 0xE0, 0x00, 0x7B, 0xFF,
  0xE0, 0x00, 0x78, 0xFF, 0xF0, 0x00, 0x7C, 0x3F, 0xF0, 0x00, 0x3C, 0x00,
  0x10, 0x00, 0x3E, 0x00, 0x18, 0x00, 0x1E, 0x00, 0x18, 0x00, 0x1F, 0x00,
  0x0C, 0x00, 0x0F, 0x00, 0x0C, 0x00, 0x0F, 0x80, 0x04, 0x00, 0x07, 0x80,
  0x06, 0x00, 0x07, 0xC0, 0x02, 0x00, 0x07, 0xC0, 0x03, 0x00, 0x03, 0xE0,
  0x03, 0x00, 0x03, 0xE0, 0x01, 0x00, 0x01, 0xF0, 0x01, 0x80, 0x01, 0xF0,
  0x00, 0x80, 0x00, 0xF8, 0x00, 0xC0, 0x00, 0xFF, 0xF8, 0x40, 0x00, 0x00,
  0x06, 0x60, 0x00, 0x00, 0x03, 0xA0, 0x00, 0x00, 0x01, 0xF0, 0x00, 0x00,
  0x00, 0xF8, 0x00, 0x00, 0x00, 0x7C, 0x00, 0x00, 0x00, 0x3E, 0x00, 0x00,
  0x00, 0x1F, 0x00, 0x00, 0x00, 0x0F, 0x80, 0x00, 0x00, 0x07, 0xC0, 0x00,
  0x00, 0x03, 0xE0, 0x00, 0x00, 0x01, 0xF0, 0x00, 0x00, 0x00, 0xFF, 0xFF,
  0xFF, 0xFF, 0xFF, 0xFF, 0xFF, 0xFF, 0xFB, 0xFF, 0xFF, 0xFF, 0xFC, 0xFF,
  0xFF, 0xFF, 0xFE, 0x00, 0x0F, 0xFE, 0x00, 0x07, 0x00, 0x7F, 0x01, 0x80,
  0x00, 0xF0, 0x60, 0x00, 0x0E, 0x08, 0x00, 0x00, 0xE1, 0x80, 0x00, 0x0E,
  0x10, 0x00, 0x01, 0xE3, 0x00, 0x00, 0x1E, 0x20, 0x00, 0x01, 0xE6, 0x00,
  0x00, 0x1E, 0x60, 0x00, 0x01, 0xC6, 0x00, 0x00, 0x1C, 0x60, 0x00, 0x01,
  0xC6, 0x00, 0x1F, 0xFC, 0x60, 0x01, 0xFF, 0xC7, 0x00, 0x1F, 0xFC, 0x70,
  0x01, 0xFF, 0xC7, 0x00, 0x1C, 0x00, 0x30, 0x00, 0xE0, 0x03, 0x00, 0x0E,
  0x00, 0x30, 0x00, 0xE0, 0x03, 0x80, 0x0E, 0x00, 0x38, 0x00, 0x60, 0x01,
  0x80, 0x07, 0x00, 0x18, 0x00, 0x70, 0x01, 0x80, 0x07, 0x00, 0x18, 0x00,
  0x70, 0x01, 0x00, 0x07, 0x00, 0x60, 0x00, 0xF0, 0x0C, 0x00, 0x1F, 0x00,
  0xC0, 0x03, 0xE0, 0x0E, 0x00, 0x0C, 0x00, 0xF0, 0x00, 0xE0, 0x0F, 0x80,
  0x07, 0x00, 0x78, 0x00, 0x70, 0x01, 0x80, 0x07, 0x00, 0x18, 0x00, 0x70,
  0x01, 0x80, 0x07, 0x00, 0x18, 0x00, 0xF0, 0x01, 0x80, 0x0F, 0x00, 0x30,
  0x00, 0xE0, 0x03, 0x00, 0x0E, 0x00, 0x30, 0x00, 0xE0, 0x03, 0x00, 0x1E,
  0x00, 0x30, 0x01, 0xE0, 0x06, 0x00, 0x1C, 0x00, 0x60, 0x01, 0xFF, 0xC6,
  0x00, 0x00, 0x1C, 0x60, 0x00, 0x01, 0xC6, 0x00, 0x00, 0x1C, 0x60, 0x00,
  0x01, 0xC6, 0x00, 0x00, 0x1C, 0x70, 0x00, 0x01, 0xC7, 0x00, 0x00, 0x1E,
  0x38, 0x00, 0x00, 0xE3, 0x80, 0x00, 0x0E, 0x1E, 0x00, 0x00, 0xE1, 0xF0,
  0x00, 0x0E, 0x0F, 0xE0, 0x07, 0xE0, 0x7F, 0xFF, 0xFE, 0x01, 0xFF, 0xFF,
  0xF0, 0x07, 0xFF, 0xFE, 0x00, 0x0F, 0xFC, 0x00, 0xFF, 0xFF, 0x98, 0x00,
  0x1B, 0x00, 0x03, 0xE0, 0x00, 0x7C, 0x00, 0x0F, 0x80, 0x01, 0xF0, 0x00,
  0x3E, 0x00, 0x07, 0xC0, 0x00, 0xF8, 0x00, 0x1F, 0x00, 0x03, 0xE0, 0x00,
  0x7C, 0x00, 0x0F, 0x80, 0x01, 0xF0, 0x00, 0x3E, 0x00, 0x07, 0xC0, 0x00,
  0xF8, 0x00, 0x1F, 0x00, 0x03, 0xE0, 0x00, 0x7C, 0x00, 0x0F, 0x80, 0x01,
  0xF0, 0x00, 0x3E, 0x00, 0x07, 0xC0, 0x00, 0xF8, 0x00, 0x1F, 0x00, 0x03,
  0xE0, 0x00, 0x7C, 0x00, 0x0F, 0x80, 0x01, 0xF0, 0x00, 0x3E, 0x00, 0x07,
  0xC0, 0x00, 0xF8, 0x00, 0x1F, 0x00, 0x03, 0xE0, 0x00, 0x7C, 0x00, 0x0F,
  0x80, 0x01, 0xF0, 0x00, 0x3E, 0x00, 0x07, 0xC0, 0x00, 0xF8, 0x00, 0x1F,
  0x00, 0x03, 0xE0, 0x00, 0x7C, 0x00, 0x0F, 0x80, 0x01, 0xF0, 0x00, 0x3E,
  0x00, 0x07, 0xC0, 0x00, 0xF8, 0x00, 0x1F, 0x00, 0x03, 0xE0, 0x00, 0x7C,
  0x00, 0x0F, 0x80, 0x01, 0xF0, 0x00, 0x3E, 0x00, 0x07, 0xC0, 0x00, 0xF8,
  0x00, 0x1F, 0x00, 0x03, 0xFF, 0xFF, 0xFF, 0xFF, 0xFE, 0xFF, 0xFF, 0xCF,
  0xFF, 0xF8, 0x07, 0xFF, 0x00, 0x0F, 0xC0, 0x1E, 0x00, 0xE0, 0x00, 0x18,
  0x06, 0x00, 0x00, 0xE0, 0x60, 0x00, 0x07, 0x06, 0x00, 0x00, 0x38, 0x60,
  0x00, 0x01, 0x86, 0x00, 0x00, 0x1C, 0x60, 0x00, 0x00, 0xC7, 0x00, 0x00,
  0x0E, 0x30, 0x00, 0x00, 0xE3, 0x00, 0x00, 0x0E, 0x30, 0x00, 0x00, 0xE3,
  0xFF, 0x00, 0x0E, 0x3F, 0xF0, 0x00, 0xE3, 0xFF, 0x00, 0x1E, 0x3F, 0xF0,
  0x01, 0xE0, 0x03, 0x00, 0x1C, 0x00, 0x60, 0x01, 0xC0, 0x06, 0x00, 0x1C,
  0x00, 0x60, 0x03, 0xC0, 0x06, 0x00, 0x3C, 0x00, 0x40, 0x03, 0xC0, 0x0C,
  0x00, 0x38, 0x00, 0xC0, 0x03, 0x80, 0x0C, 0x00, 0x38, 0x00, 0xC0, 0x03,
  0x80, 0x0C, 0x00, 0x18, 0x00, 0xE0, 0x00, 0xE0, 0x0F, 0x00, 0x07, 0x00,
  0x78, 0x00, 0x70, 0x02, 0x00, 0x0F, 0x00, 0x40, 0x01, 0xF0, 0x0C, 0x00,
  0x3F, 0x00, 0xC0, 0x03, 0xE0, 0x0C, 0x00, 0x38, 0x00, 0xC0, 0x03, 0x80,
  0x0C, 0x00, 0x38, 0x00, 0xE0, 0x03, 0x80, 0x0E, 0x00, 0x38, 0x00, 0x60,
  0x01, 0xC0, 0x06, 0x00, 0x1C, 0x00, 0x70, 0x01, 0xC0, 0x07, 0x00, 0x1C,
  0x00, 0x70, 0x01, 0xC0, 0x03, 0x00, 0x0C, 0x3F, 0xF0, 0x00, 0xE3, 0x00,
  0x00, 0x0E, 0x30, 0x00, 0x00, 0xE3, 0x00, 0x00, 0x0E, 0x30, 0x00, 0x00,
  0xE3, 0x00, 0x00, 0x0E, 0x60, 0x00, 0x01, 0xE6, 0x00, 0x00, 0x1E, 0x60,
  0x00, 0x03, 0xC6, 0x00, 0x00, 0x7C, 0x60, 0x00, 0x0F, 0x86, 0x00, 0x01,
  0xF8, 0x7C, 0x00, 0xFF, 0x07, 0xFF, 0xFF, 0xE0, 0xFF, 0xFF, 0xF8, 0x07,
  0xFF, 0xFE, 0x00, 0x07, 0xFF, 0x00, 0x00, 0x00, 0x00, 0x00, 0x00, 0x00,
  0x60, 0x00, 0x00, 0x00, 0x3F, 0x03, 0xFC, 0x00, 0x18, 0xFF, 0x03, 0xC0,
  0x04, 0x00, 0x00, 0x1C, 0x03, 0x00, 0x00, 0x01, 0xC1, 0x80, 0x00, 0x00,
  0x38, 0x60, 0x00, 0x00, 0x0F, 0x30, 0x00, 0x00, 0x07, 0xC8, 0x00, 0x00,
  0x01, 0xF6, 0x00, 0x00, 0x00, 0xF9, 0x00, 0x00, 0x00, 0x3C, 0xE0, 0x00,
  0x00, 0x1F, 0x3E, 0x00, 0x00, 0x07, 0x87, 0xF0, 0x1F, 0xC3, 0xE0, 0xFF,
  0xFF, 0xFF, 0xF0, 0x1F, 0xFF, 0xFF, 0xF8, 0x01, 0xFF, 0xFF, 0xFE, 0x00,
  0x0F, 0xF0, 0x3F, 0x00, 0x00, 0x00, 0x01, 0xC0, 0x00, 0x00, 0x00, 0x00,
  0x00 };

const GFXglyph DigitaltsLime35pt7bGlyphs[] PROGMEM = {
  {     0,   1,   1,  21,    0,    0 },   // 0x20 ' '
  {     1,  18,  47,  18,    1,  -42 },   // 0x21 '!'
  {   107,  31,  24,  29,    0,  -42 },   // 0x22 '"'
  {   200,  39,  44,  36,    0,  -40 },   // 0x23 '#'
  {   415,  35,  63,  33,    1,  -50 },   // 0x24 '$'
  {   691,  56,  45,  52,   -1,  -42 },   // 0x25 '%'
  {  1006,  42,  45,  39,    0,  -40 },   // 0x26 '&'
  {  1243,  16,  24,  14,    0,  -42 },   // 0x27 '''
  {  1291,  22,  65,  20,    1,  -51 },   // 0x28 '('
  {  1470,  22,  65,  20,    0,  -51 },   // 0x29 ')'
  {  1649,  33,  31,  27,   -1,  -44 },   // 0x2A '*'
  {  1777,  37,  37,  34,    0,  -37 },   // 0x2B '+'
  {  1949,  17,  24,  15,    1,  -11 },   // 0x2C ','
  {  2000,  31,  16,  28,    0,  -26 },   // 0x2D '-'
  {  2062,  17,  16,  14,    0,  -11 },   // 0x2E '.'
  {  2096,  33,  53,  26,   -2,  -44 },   // 0x2F '/'
  {  2315,  39,  47,  36,    0,  -42 },   // 0x30 '0'
  {  2545,  22,  47,  21,    0,  -42 },   // 0x31 '1'
  {  2675,  33,  47,  32,    1,  -42 },   // 0x32 '2'
  {  2869,  34,  47,  30,   -1,  -42 },   // 0x33 '3'
  {  3069,  36,  47,  34,   -1,  -42 },   // 0x34 '4'
  {  3281,  35,  47,  32,    0,  -42 },   // 0x35 '5'
  {  3487,  37,  47,  34,    0,  -42 },   // 0x36 '6'
  {  3705,  36,  47,  31,   -1,  -42 },   // 0x37 '7'
  {  3917,  40,  47,  36,   -1,  -42 },   // 0x38 '8'
  {  4152,  37,  47,  34,    0,  -42 },   // 0x39 '9'
  {  4370,  17,  36,  14,    0,  -31 },   // 0x3A ':'
  {  4447,  17,  45,  15,    1,  -32 },   // 0x3B ';'
  {  4543,  31,  40,  28,    0,  -38 },   // 0x3C '<'
  {  4698,  32,  29,  31,    1,  -32 },   // 0x3D '='
  {  4814,  31,  40,  28,    0,  -39 },   // 0x3E '>'
  {  4969,  32,  47,  27,   -2,  -42 },   // 0x3F '?'
  {  5157,  50,  64,  48,    0,  -50 },   // 0x40 '@'
  {  5557,  41,  47,  36,   -1,  -42 },   // 0x41 'A'
  {  5798,  37,  47,  35,    1,  -42 },   // 0x42 'B'
  {  6016,  33,  47,  29,    0,  -42 },   // 0x43 'C'
  {  6210,  38,  47,  36,    1,  -42 },   // 0x44 'D'
  {  6434,  32,  47,  31,    1,  -42 },   // 0x45 'E'
  {  6622,  31,  47,  28,    1,  -42 },   // 0x46 'F'
  {  6805,  36,  47,  34,    0,  -42 },   // 0x47 'G'
  {  7017,  38,  47,  38,    1,  -42 },   // 0x48 'H'
  {  7241,  19,  47,  19,    1,  -42 },   // 0x49 'I'
  {  7353,  31,  47,  30,    1,  -42 },   // 0x4A 'J'
  {  7536,  39,  47,  36,    1,  -42 },   // 0x4B 'K'
  {  7766,  31,  47,  28,    1,  -42 },   // 0x4C 'L'
  {  7949,  48,  47,  48,    1,  -42 },   // 0x4D 'M'
  {  8231,  38,  47,  38,    1,  -42 },   // 0x4E 'N'
  {  8455,  40,  47,  37,    0,  -42 },   // 0x4F 'O'
  {  8690,  37,  47,  35,    1,  -42 },   // 0x50 'P'
  {  8908,  40,  58,  37,    0,  -42 },   // 0x51 'Q'
  {  9198,  40,  47,  36,    1,  -42 },   // 0x52 'R'
  {  9433,  36,  47,  34,    1,  -42 },   // 0x53 'S'
  {  9645,  36,  47,  31,   -1,  -42 },   // 0x54 'T'
  {  9857,  39,  47,  36,    0,  -42 },   // 0x55 'U'
  { 10087,  42,  47,  35,   -2,  -42 },   // 0x56 'V'
  { 10334,  54,  47,  47,   -2,  -42 },   // 0x57 'W'
  { 10652,  42,  47,  36,   -1,  -42 },   // 0x58 'X'
  { 10899,  43,  47,  36,   -2,  -42 },   // 0x59 'Y'
  { 11152,  33,  47,  31,    0,  -42 },   // 0x5A 'Z'
  { 11346,  25,  63,  23,    1,  -50 },   // 0x5B '['
  { 11543,  33,  53,  26,   -2,  -44 },   // 0x5C '\'
  { 11762,  25,  63,  23,   -1,  -50 },   // 0x5D ']'
  { 11959,  37,  20,  31,   -1,  -42 },   // 0x5E '^'
  { 12052,  31,  16,  27,   -1,    1 },   // 0x5F '_'
  { 12114,  26,  16,  21,   -1,  -45 },   // 0x60 '`'
  { 12166,  41,  47,  36,   -1,  -42 },   // 0x61 'a'
  { 12407,  37,  47,  35,    1,  -42 },   // 0x62 'b'
  { 12625,  33,  47,  29,    0,  -42 },   // 0x63 'c'
  { 12819,  38,  47,  36,    1,  -42 },   // 0x64 'd'
  { 13043,  32,  47,  31,    1,  -42 },   // 0x65 'e'
  { 13231,  31,  47,  28,    1,  -42 },   // 0x66 'f'
  { 13414,  36,  47,  34,    0,  -42 },   // 0x67 'g'
  { 13626,  38,  47,  38,    1,  -42 },   // 0x68 'h'
  { 13850,  19,  47,  19,    1,  -42 },   // 0x69 'i'
  { 13962,  31,  47,  30,    1,  -42 },   // 0x6A 'j'
  { 14145,  39,  47,  36,    1,  -42 },   // 0x6B 'k'
  { 14375,  31,  47,  28,    1,  -42 },   // 0x6C 'l'
  { 14558,  48,  47,  48,    1,  -42 },   // 0x6D 'm'
  { 14840,  38,  47,  38,    1,  -42 },   // 0x6E 'n'
  { 15064,  40,  47,  37,    0,  -42 },   // 0x6F 'o'
  { 15299,  37,  47,  35,    1,  -42 },   // 0x70 'p'
  { 15517,  40,  58,  37,    0,  -42 },   // 0x71 'q'
  { 15807,  40,  47,  36,    1,  -42 },   // 0x72 'r'
  { 16042,  36,  47,  34,    1,  -42 },   // 0x73 's'
  { 16254,  36,  47,  31,   -1,  -42 },   // 0x74 't'
  { 16466,  39,  47,  36,    0,  -42 },   // 0x75 'u'
  { 16696,  42,  47,  35,   -2,  -42 },   // 0x76 'v'
  { 16943,  54,  47,  47,   -2,  -42 },   // 0x77 'w'
  { 17261,  42,  47,  36,   -1,  -42 },   // 0x78 'x'
  { 17508,  43,  47,  36,   -2,  -42 },   // 0x79 'y'
  { 17761,  33,  47,  31,    0,  -42 },   // 0x7A 'z'
  { 17955,  28,  63,  23,    0,  -50 },   // 0x7B '{'
  { 18176,  19,  63,  19,    1,  -50 },   // 0x7C '|'
  { 18326,  28,  63,  24,   -2,  -50 },   // 0x7D '}'
  { 18547,  34,  21,  29,   -1,  -29 } }; // 0x7E '~'

const GFXfont DigitaltsLime35pt7b PROGMEM = {
  (uint8_t  *)DigitaltsLime35pt7bBitmaps,
  (GFXglyph *)DigitaltsLime35pt7bGlyphs,
  0x20, 0x7E, 75 };

// Approx. 19309 bytes
