#pragma once
#include <Arduino.h>
#include <pgmspace.h>

// Kích thước của các icon
#define WEATHER48_W 48
#define WEATHER48_H 48

// 0 - Clear
const uint16_t PROGMEM WEATHER48_ICON_0[WEATHER48_W*WEATHER48_H] = {
  0x0000, 0x0000, 0x0000, 0x0000, 0x0000, 0x0000, 0x0000, 0x0000, 0x0000, 0x0000, 0x0000, 0x0000, 
  0x0000, 0x0000, 0x0000, 0x0000, 0x0000, 0x0000, 0x0000, 0x0000, 0x0000, 0x0000, 0x0000, 0x0000, 
  0x0000, 0x0000, 0x0000, 0x0000, 0x0000, 0x0000, 0x0000, 0x0000, 0x0000, 0x0000, 0x0000, 0x0000, 
  0x0000, 0x0000, 0x0000, 0x0000, 0x0000, 0x0000, 0x0000, 0x0000, 0x0000, 0x0000, 0x0000, 0x0000, 
  0x0000, 0x0000, 0x0000, 0x0000, 0x0000, 0x0000, 0x0000, 0x0000, 0x0000, 0x0000, 0x0000, 0x0000, 
  0x0000, 0x0000, 0x0000, 0x0000, 0x0000, 0x0000, 0x0000, 0x0000, 0x0000, 0x0000, 0x0000, 0x0000, 
  0x0000, 0x0000, 0x0000, 0x0000, 0x0000, 0x0000, 0x0000, 0x0000, 0x0000, 0x0000, 0x0000, 0x0000, 
  0x0000, 0x0000, 0x0000, 0x0000, 0x0000, 0x0000, 0x0000, 0x0000, 0x0000, 0x0000, 0x0000, 0x0000, 
  0x0000, 0x0000, 0x0000, 0x0000, 0x0000, 0x0000, 0x0000, 0x0000, 0x0000, 0x0000, 0x0000, 0x0000, 
  0x0000, 0x0000, 0x0000, 0x0000, 0x0000, 0x0000, 0x0000, 0x0000, 0x0000, 0x0000, 0x0000, 0xFEA0, 
  0xFEA0, 0x0000, 0x0000, 0x0000, 0x0000, 0x0000, 0x0000, 0x0000, 0x0000, 0x0000, 0x0000, 0x0000, 
  0x0000, 0x0000, 0x0000, 0x0000, 0x0000, 0x0000, 0x0000, 0x0000, 0x0000, 0x0000, 0x0000, 0x0000, 
  0x0000, 0x0000, 0x0000, 0x0000, 0x0000, 0x0000, 0x0000, 0x0000, 0x0000, 0x0000, 0x0000, 0x0000, 
  0x0000, 0x0000, 0x0000, 0x0000, 0x0000, 0x0000, 0x0000, 0x0000, 0x0000, 0x0000, 0x0000, 0xFEA0, 
  0xFEA0, 0x0000, 0x0000, 0x0000, 0x0000, 0x0000, 0x0000, 0x0000, 0x0000, 0x0000, 0x0000, 0x0000, 
  0x0000, 0x0000, 0x0000, 0x0000, 0x0000, 0x0000, 0x0000, 0x0000, 0x0000, 0x0000, 0x0000, 0x0000, 
  0x0000, 0x0000, 0x0000, 0x0000, 0x0000, 0x0000, 0x0000, 0x0000, 0x0000, 0x0000, 0x0000, 0x0000, 
  0x0000, 0x0000, 0x0000, 0x0000, 0x0000, 0x0000, 0x0000, 0x0000, 0x0000, 0x0000, 0x0000, 0xFEA0, 
  0xFEA0, 0x0000, 0x0000, 0x0000, 0x0000, 0x0000, 0x0000, 0x0000, 0x0000, 0x0000, 0x0000, 0x0000, 
  0x0000, 0x0000, 0x0000, 0x0000, 0x0000, 0x0000, 0x0000, 0x0000, 0x0000, 0x0000, 0x0000, 0x0000, 
  0x0000, 0x0000, 0x0000, 0x0000, 0x0000, 0x0000, 0x0000, 0x0000, 0x0000, 0x0000, 0x0000, 0x0000, 
  0xFEA0, 0xFEA0, 0x0000, 0x0000, 0x0000, 0x0000, 0x0000, 0x0000, 0x0000, 0x0000, 0x0000, 0xFEA0, 
  0xFEA0, 0x0000, 0x0000, 0x0000, 0x0000, 0x0000, 0x0000, 0x0000, 0x0000, 0x0000, 0xFEA0, 0xFEA0, 
  0x0000, 0x0000, 0x0000, 0x0000, 0x0000, 0x0000, 0x0000, 0x0000, 0x0000, 0x0000, 0x0000, 0x0000, 
  0x0000, 0x0000, 0x0000, 0x0000, 0x0000, 0x0000, 0x0000, 0x0000, 0x0000, 0x0000, 0x0000, 0x0000, 
  0x0000, 0xFEA0, 0x0000, 0x0000, 0x0000, 0x0000, 0x0000, 0x0000, 0x0000, 0x0000, 0x0000, 0xFEA0, 
  0xFEA0, 0x0000, 0x0000, 0x0000, 0x0000, 0x0000, 0x0000, 0x0000, 0x0000, 0x0000, 0xFEA0, 0x0000, 
  0x0000, 0x0000, 0x0000, 0x0000, 0x0000, 0x0000, 0x0000, 0x0000, 0x0000, 0x0000, 0x0000, 0x0000, 
  0x0000, 0x0000, 0x0000, 0x0000, 0x0000, 0x0000, 0x0000, 0x0000, 0x0000, 0x0000, 0x0000, 0x0000, 
  0x0000, 0xFEA0, 0xFEA0, 0x0000, 0x0000, 0x0000, 0x0000, 0x0000, 0x0000, 0x0000, 0x0000, 0xFEA0, 
  0xFEA0, 0x0000, 0x0000, 0x0000, 0x0000, 0x0000, 0x0000, 0x0000, 0x0000, 0xFEA0, 0xFEA0, 0x0000, 
  0x0000, 0x0000, 0x0000, 0x0000, 0x0000, 0x0000, 0x0000, 0x0000, 0x0000, 0x0000, 0x0000, 0x0000, 
  0x0000, 0x0000, 0x0000, 0x0000, 0x0000, 0x0000, 0x0000, 0x0000, 0x0000, 0x0000, 0x0000, 0x0000, 
  0x0000, 0x0000, 0xFEA0, 0x0000, 0x0000, 0x0000, 0x0000, 0x0000, 0x0000, 0x0000, 0x0000, 0xFEA0, 
  0xFEA0, 0x0000, 0x0000, 0x0000, 0x0000, 0x0000, 0x0000, 0x0000, 0x0000, 0xFEA0, 0x0000, 0x0000, 
  0x0000, 0x0000, 0x0000, 0x0000, 0x0000, 0x0000, 0x0000, 0x0000, 0x0000, 0x0000, 0x0000, 0x0000, 
  0x0000, 0x0000, 0x0000, 0x0000, 0x0000, 0x0000, 0x0000, 0x0000, 0x0000, 0x0000, 0x0000, 0x0000, 
  0x0000, 0x0000, 0xFEA0, 0xFEA0, 0x0000, 0x0000, 0x0000, 0x0000, 0x0000, 0x0000, 0x0000, 0x0000, 
  0x0000, 0x0000, 0x0000, 0x0000, 0x0000, 0x0000, 0x0000, 0x0000, 0xFEA0, 0xFEA0, 0x0000, 0x0000, 
  0x0000, 0x0000, 0x0000, 0x0000, 0x0000, 0x0000, 0x0000, 0x0000, 0x0000, 0x0000, 0x0000, 0x0000, 
  0x0000, 0x0000, 0x0000, 0x0000, 0x0000, 0x0000, 0x0000, 0x0000, 0x0000, 0x0000, 0x0000, 0x0000, 
  0x0000, 0x0000, 0x0000, 0xFEA0, 0x0000, 0x0000, 0x0000, 0x0000, 0x0000, 0x0000, 0x0000, 0x0000, 
  0x0000, 0x0000, 0x0000, 0x0000, 0x0000, 0x0000, 0x0000, 0x0000, 0xFEA0, 0x0000, 0x0000, 0x0000, 
  0x0000, 0x0000, 0x0000, 0x0000, 0x0000, 0x0000, 0x0000, 0x0000, 0x0000, 0x0000, 0x0000, 0x0000, 
  0x0000, 0x0000, 0x0000, 0x0000, 0x0000, 0x0000, 0x0000, 0x0000, 0x0000, 0x0000, 0x0000, 0x0000, 
  0x0000, 0x0000, 0x0000, 0xFEA0, 0xFEA0, 0x0000, 0x0000, 0x0000, 0x0000, 0x0000, 0x0000, 0x0000, 
  0x0000, 0x0000, 0x0000, 0x0000, 0x0000, 0x0000, 0x0000, 0xFEA0, 0xFEA0, 0x0000, 0x0000, 0x0000, 
  0x0000, 0x0000, 0x0000, 0x0000, 0x0000, 0x0000, 0x0000, 0x0000, 0x0000, 0x0000, 0x0000, 0x0000, 
  0x0000, 0x0000, 0x0000, 0x0000, 0x0000, 0xFEA0, 0x0000, 0x0000, 0x0000, 0x0000, 0x0000, 0x0000, 
  0x0000, 0x0000, 0x0000, 0x0000, 0x0000, 0x0000, 0x0000, 0x0000, 0x0000, 0xFEA0, 0xFEA0, 0xFEA0, 
  0xFEA0, 0xFEA0, 0xFEA0, 0xFEA0, 0x0000, 0x0000, 0x0000, 0x0000, 0x0000, 0x0000, 0x0000, 0x0000, 
  0x0000, 0x0000, 0x0000, 0x0000, 0x0000, 0x0000, 0x0000, 0x0000, 0x0000, 0x0000, 0x0000, 0x0000, 
  0x0000, 0x0000, 0x0000, 0x0000, 0x0000, 0xFEA0, 0xFEA0, 0xFEA0, 0x0000, 0x0000, 0x0000, 0x0000, 
  0x0000, 0x0000, 0x0000, 0x0000, 0x0000, 0x0000, 0x0000, 0xFEA0, 0xFEA0, 0xFEA0, 0xFEA0, 0xFEA0, 
  0xFEA0, 0xFEA0, 0xFEA0, 0xFEA0, 0xFEA0, 0xFEA0, 0x0000, 0x0000, 0x0000, 0x0000, 0x0000, 0x0000, 
  0x0000, 0x0000, 0x0000, 0x0000, 0x0000, 0x0000, 0x0000, 0xFEA0, 0x0000, 0x0000, 0x0000, 0x0000, 
  0x0000, 0x0000, 0x0000, 0x0000, 0x0000, 0x0000, 0x0000, 0xFEA0, 0xFEA0, 0xFEA0, 0x0000, 0x0000, 
  0x0000, 0x0000, 0x0000, 0x0000, 0x0000, 0xFEA0, 0xFEA0, 0xFEA0, 0xFEA0, 0xFEA0, 0xFEA0, 0xFEA0, 
  0xFEA0, 0xFEA0, 0xFEA0, 0xFEA0, 0xFEA0, 0xFEA0, 0xFEA0, 0xFEA0, 0x0000, 0x0000, 0x0000, 0x0000, 
  0x0000, 0x0000, 0x0000, 0x0000, 0x0000, 0xFEA0, 0xFEA0, 0xFEA0, 0x0000, 0x0000, 0x0000, 0x0000, 
  0x0000, 0x0000, 0x0000, 0x0000, 0x0000, 0x0000, 0x0000, 0x0000, 0x0000, 0xFEA0, 0xFEA0, 0xFEA0, 
  0x0000, 0x0000, 0x0000, 0x0000, 0xFEA0, 0xFEA0, 0xFEA0, 0xFEA0, 0xFEA0, 0xFEA0, 0xFEA0, 0xFEA0, 
  0xFEA0, 0xFEA0, 0xFEA0, 0xFEA0, 0xFEA0, 0xFEA0, 0xFEA0, 0xFEA0, 0xFEA0, 0x0000, 0x0000, 0x0000, 
  0x0000, 0x0000, 0x0000, 0xFEA0, 0xFEA0, 0xFEA0, 0x0000, 0x0000, 0x0000, 0x0000, 0x0000, 0x0000, 
  0x0000, 0x0000, 0x0000, 0x0000, 0x0000, 0x0000, 0x0000, 0x0000, 0x0000, 0x0000, 0x0000, 0xFEA0, 
  0x0000, 0x0000, 0x0000, 0xFEA0, 0xFEA0, 0xFEA0, 0xFEA0, 0xFEA0, 0xFEA0, 0xFEA0, 0xFEA0, 0xFEA0, 
  0xFEA0, 0xFEA0, 0xFEA0, 0xFEA0, 0xFEA0, 0xFEA0, 0xFEA0, 0xFEA0, 0xFEA0, 0xFEA0, 0x0000, 0x0000, 
  0x0000, 0xFEA0, 0xFEA0, 0xFEA0, 0x0000, 0x0000, 0x0000, 0x0000, 0x0000, 0x0000, 0x0000, 0x0000, 
  0x0000, 0x0000, 0x0000, 0x0000, 0x0000, 0x0000, 0x0000, 0x0000, 0x0000, 0x0000, 0x0000, 0x0000, 
  0x0000, 0x0000, 0xFEA0, 0xFEA0, 0xFEA0, 0xFEA0, 0xFEA0, 0xFEA0, 0xFEA0, 0xFEA0, 0xFEA0, 0xFEA0, 
  0xFEA0, 0xFEA0, 0xFEA0, 0xFEA0, 0xFEA0, 0xFEA0, 0xFEA0, 0xFEA0, 0xFEA0, 0xFEA0, 0xFEA0, 0x0000, 
  0x0000, 0xFEA0, 0x0000, 0x0000, 0x0000, 0x0000, 0x0000, 0x0000, 0x0000, 0x0000, 0x0000, 0x0000, 
  0x0000, 0x0000, 0x0000, 0x0000, 0x0000, 0x0000, 0x0000, 0x0000, 0x0000, 0x0000, 0x0000, 0x0000, 
  0x0000, 0x0000, 0xFEA0, 0xFEA0, 0xFEA0, 0xFEA0, 0xFEA0, 0xFEA0, 0xFEA0, 0xFEA0, 0xFEA0, 0xFEA0, 
  0xFEA0, 0xFEA0, 0xFEA0, 0xFEA0, 0xFEA0, 0xFEA0, 0xFEA0, 0xFEA0, 0xFEA0, 0xFEA0, 0xFEA0, 0x0000, 
  0x0000, 0x0000, 0x0000, 0x0000, 0x0000, 0x0000, 0x0000, 0x0000, 0x0000, 0x0000, 0x0000, 0x0000, 
  0x0000, 0x0000, 0x0000, 0x0000, 0x0000, 0x0000, 0x0000, 0x0000, 0x0000, 0x0000, 0x0000, 0x0000, 
  0x0000, 0xFEA0, 0xFEA0, 0xFEA0, 0xFEA0, 0xFEA0, 0xFEA0, 0xFEA0, 0xFEA0, 0xFEA0, 0xFEA0, 0xFEA0, 
  0xFEA0, 0xFEA0, 0xFEA0, 0xFEA0, 0xFEA0, 0xFEA0, 0xFEA0, 0xFEA0, 0xFEA0, 0xFEA0, 0xFEA0, 0xFEA0, 
  0x0000, 0x0000, 0x0000, 0x0000, 0x0000, 0x0000, 0x0000, 0x0000, 0x0000, 0x0000, 0x0000, 0x0000, 
  0x0000, 0x0000, 0x0000, 0x0000, 0x0000, 0x0000, 0x0000, 0x0000, 0x0000, 0x0000, 0x0000, 0x0000, 
  0x0000, 0xFEA0, 0xFEA0, 0xFEA0, 0xFEA0, 0xFEA0, 0xFEA0, 0xFEA0, 0xFEA0, 0xFEA0, 0xFEA0, 0xFEA0, 
  0xFEA0, 0xFEA0, 0xFEA0, 0xFEA0, 0xFEA0, 0xFEA0, 0xFEA0, 0xFEA0, 0xFEA0, 0xFEA0, 0xFEA0, 0xFEA0, 
  0x0000, 0x0000, 0x0000, 0x0000, 0x0000, 0x0000, 0x0000, 0x0000, 0x0000, 0x0000, 0x0000, 0x0000, 
  0x0000, 0x0000, 0x0000, 0x0000, 0x0000, 0x0000, 0x0000, 0x0000, 0x0000, 0x0000, 0x0000, 0x0000, 
  0xFEA0, 0xFEA0, 0xFEA0, 0xFEA0, 0xFEA0, 0xFEA0, 0xFEA0, 0xFEA0, 0xFEA0, 0xFEA0, 0xFEA0, 0xFEA0, 
  0xFEA0, 0xFEA0, 0xFEA0, 0xFEA0, 0xFEA0, 0xFEA0, 0xFEA0, 0xFEA0, 0xFEA0, 0xFEA0, 0xFEA0, 0xFEA0, 
  0xFEA0, 0x0000, 0x0000, 0x0000, 0x0000, 0x0000, 0x0000, 0x0000, 0x0000, 0x0000, 0x0000, 0x0000, 
  0x0000, 0x0000, 0x0000, 0x0000, 0x0000, 0x0000, 0x0000, 0x0000, 0x0000, 0x0000, 0x0000, 0x0000, 
  0xFEA0, 0xFEA0, 0xFEA0, 0xFEA0, 0xFEA0, 0xFEA0, 0xFEA0, 0xFEA0, 0xFEA0, 0xFEA0, 0xFEA0, 0xFEA0, 
  0xFEA0, 0xFEA0, 0xFEA0, 0xFEA0, 0xFEA0, 0xFEA0, 0xFEA0, 0xFEA0, 0xFEA0, 0xFEA0, 0xFEA0, 0xFEA0, 
  0xFEA0, 0x0000, 0x0000, 0x0000, 0x0000, 0x0000, 0x0000, 0x0000, 0x0000, 0x0000, 0x0000, 0x0000, 
  0x0000, 0x0000, 0xFEA0, 0xFEA0, 0xFEA0, 0xFEA0, 0xFEA0, 0xFEA0, 0xFEA0, 0x0000, 0x0000, 0x0000, 
  0xFEA0, 0xFEA0, 0xFEA0, 0xFEA0, 0xFEA0, 0xFEA0, 0xFEA0, 0xFEA0, 0xFEA0, 0xFEA0, 0xFEA0, 0xFEA0, 
  0xFEA0, 0xFEA0, 0xFEA0, 0xFEA0, 0xFEA0, 0xFEA0, 0xFEA0, 0xFEA0, 0xFEA0, 0xFEA0, 0xFEA0, 0xFEA0, 
  0xFEA0, 0x0000, 0x0000, 0x0000, 0x0000, 0x0000, 0x0000, 0x0000, 0x0000, 0x0000, 0x0000, 0x0000, 
  0x0000, 0x0000, 0xFEA0, 0xFEA0, 0xFEA0, 0xFEA0, 0xFEA0, 0xFEA0, 0xFEA0, 0x0000, 0x0000, 0x0000, 
  0xFEA0, 0xFEA0, 0xFEA0, 0xFEA0, 0xFEA0, 0xFEA0, 0xFEA0, 0xFEA0, 0xFEA0, 0xFEA0, 0xFEA0, 0xFEA0, 
  0xFEA0, 0xFEA0, 0xFEA0, 0xFEA0, 0xFEA0, 0xFEA0, 0xFEA0, 0xFEA0, 0xFEA0, 0xFEA0, 0xFEA0, 0xFEA0, 
  0xFEA0, 0x0000, 0x0000, 0x0000, 0xFEA0, 0xFEA0, 0xFEA0, 0xFEA0, 0xFEA0, 0xFEA0, 0xFEA0, 0x0000, 
  0x0000, 0x0000, 0x0000, 0x0000, 0x0000, 0x0000, 0x0000, 0x0000, 0x0000, 0x0000, 0x0000, 0x0000, 
  0xFEA0, 0xFEA0, 0xFEA0, 0xFEA0, 0xFEA0, 0xFEA0, 0xFEA0, 0xFEA0, 0xFEA0, 0xFEA0, 0xFEA0, 0xFEA0, 
  0xFEA0, 0xFEA0, 0xFEA0, 0xFEA0, 0xFEA0, 0xFEA0, 0xFEA0, 0xFEA0, 0xFEA0, 0xFEA0, 0xFEA0, 0xFEA0, 
  0xFEA0, 0x0000, 0x0000, 0x0000, 0xFEA0, 0xFEA0, 0xFEA0, 0xFEA0, 0xFEA0, 0xFEA0, 0xFEA0, 0x0000, 
  0x0000, 0x0000, 0x0000, 0x0000, 0x0000, 0x0000, 0x0000, 0x0000, 0x0000, 0x0000, 0x0000, 0x0000, 
  0xFEA0, 0xFEA0, 0xFEA0, 0xFEA0, 0xFEA0, 0xFEA0, 0xFEA0, 0xFEA0, 0xFEA0, 0xFEA0, 0xFEA0, 0xFEA0, 
  0xFEA0, 0xFEA0, 0xFEA0, 0xFEA0, 0xFEA0, 0xFEA0, 0xFEA0, 0xFEA0, 0xFEA0, 0xFEA0, 0xFEA0, 0xFEA0, 
  0xFEA0, 0x0000, 0x0000, 0x0000, 0x0000, 0x0000, 0x0000, 0x0000, 0x0000, 0x0000, 0x0000, 0x0000, 
  0x0000, 0x0000, 0x0000, 0x0000, 0x0000, 0x0000, 0x0000, 0x0000, 0x0000, 0x0000, 0x0000, 0x0000, 
  0xFEA0, 0xFEA0, 0xFEA0, 0xFEA0, 0xFEA0, 0xFEA0, 0xFEA0, 0xFEA0, 0xFEA0, 0xFEA0, 0xFEA0, 0xFEA0, 
  0xFEA0, 0xFEA0, 0xFEA0, 0xFEA0, 0xFEA0, 0xFEA0, 0xFEA0, 0xFEA0, 0xFEA0, 0xFEA0, 0xFEA0, 0xFEA0, 
  0xFEA0, 0x0000, 0x0000, 0x0000, 0x0000, 0x0000, 0x0000, 0x0000, 0x0000, 0x0000, 0x0000, 0x0000, 
  0x0000, 0x0000, 0x0000, 0x0000, 0x0000, 0x0000, 0x0000, 0x0000, 0x0000, 0x0000, 0x0000, 0x0000, 
  0x0000, 0xFEA0, 0xFEA0, 0xFEA0, 0xFEA0, 0xFEA0, 0xFEA0, 0xFEA0, 0xFEA0, 0xFEA0, 0xFEA0, 0xFEA0, 
  0xFEA0, 0xFEA0, 0xFEA0, 0xFEA0, 0xFEA0, 0xFEA0, 0xFEA0, 0xFEA0, 0xFEA0, 0xFEA0, 0xFEA0, 0xFEA0, 
  0x0000, 0x0000, 0x0000, 0x0000, 0x0000, 0x0000, 0x0000, 0x0000, 0x0000, 0x0000, 0x0000, 0x0000, 
  0x0000, 0x0000, 0x0000, 0x0000, 0x0000, 0x0000, 0x0000, 0x0000, 0x0000, 0x0000, 0x0000, 0x0000, 
  0x0000, 0xFEA0, 0xFEA0, 0xFEA0, 0xFEA0, 0xFEA0, 0xFEA0, 0xFEA0, 0xFEA0, 0xFEA0, 0xFEA0, 0xFEA0, 
  0xFEA0, 0xFEA0, 0xFEA0, 0xFEA0, 0xFEA0, 0xFEA0, 0xFEA0, 0xFEA0, 0xFEA0, 0xFEA0, 0xFEA0, 0xFEA0, 
  0x0000, 0x0000, 0x0000, 0x0000, 0x0000, 0x0000, 0x0000, 0x0000, 0x0000, 0x0000, 0x0000, 0x0000, 
  0x0000, 0x0000, 0x0000, 0x0000, 0x0000, 0x0000, 0x0000, 0x0000, 0x0000, 0x0000, 0x0000, 0xFEA0, 
  0x0000, 0x0000, 0xFEA0, 0xFEA0, 0xFEA0, 0xFEA0, 0xFEA0, 0xFEA0, 0xFEA0, 0xFEA0, 0xFEA0, 0xFEA0, 
  0xFEA0, 0xFEA0, 0xFEA0, 0xFEA0, 0xFEA0, 0xFEA0, 0xFEA0, 0xFEA0, 0xFEA0, 0xFEA0, 0xFEA0, 0x0000, 
  0x0000, 0x0000, 0x0000, 0x0000, 0x0000, 0x0000, 0x0000, 0x0000, 0x0000, 0x0000, 0x0000, 0x0000, 
  0x0000, 0x0000, 0x0000, 0x0000, 0x0000, 0x0000, 0x0000, 0x0000, 0x0000, 0xFEA0, 0xFEA0, 0xFEA0, 
  0x0000, 0x0000, 0xFEA0, 0xFEA0, 0xFEA0, 0xFEA0, 0xFEA0, 0xFEA0, 0xFEA0, 0xFEA0, 0xFEA0, 0xFEA0, 
  0xFEA0, 0xFEA0, 0xFEA0, 0xFEA0, 0xFEA0, 0xFEA0, 0xFEA0, 0xFEA0, 0xFEA0, 0xFEA0, 0xFEA0, 0x0000, 
  0x0000, 0xFEA0, 0x0000, 0x0000, 0x0000, 0x0000, 0x0000, 0x0000, 0x0000, 0x0000, 0x0000, 0x0000, 
  0x0000, 0x0000, 0x0000, 0x0000, 0x0000, 0x0000, 0x0000, 0xFEA0, 0xFEA0, 0xFEA0, 0x0000, 0x0000, 
  0x0000, 0x0000, 0x0000, 0xFEA0, 0xFEA0, 0xFEA0, 0xFEA0, 0xFEA0, 0xFEA0, 0xFEA0, 0xFEA0, 0xFEA0, 
  0xFEA0, 0xFEA0, 0xFEA0, 0xFEA0, 0xFEA0, 0xFEA0, 0xFEA0, 0xFEA0, 0xFEA0, 0xFEA0, 0x0000, 0x0000, 
  0x0000, 0xFEA0, 0xFEA0, 0xFEA0, 0x0000, 0x0000, 0x0000, 0x0000, 0x0000, 0x0000, 0x0000, 0x0000, 
  0x0000, 0x0000, 0x0000, 0x0000, 0x0000, 0xFEA0, 0xFEA0, 0xFEA0, 0x0000, 0x0000, 0x0000, 0x0000, 
  0x0000, 0x0000, 0x0000, 0x0000, 0xFEA0, 0xFEA0, 0xFEA0, 0xFEA0, 0xFEA0, 0xFEA0, 0xFEA0, 0xFEA0, 
  0xFEA0, 0xFEA0, 0xFEA0, 0xFEA0, 0xFEA0, 0xFEA0, 0xFEA0, 0xFEA0, 0xFEA0, 0x0000, 0x0000, 0x0000, 
  0x0000, 0x0000, 0x0000, 0xFEA0, 0xFEA0, 0xFEA0, 0x0000, 0x0000, 0x0000, 0x0000, 0x0000, 0x0000, 
  0x0000, 0x0000, 0x0000, 0x0000, 0x0000, 0xFEA0, 0x0000, 0x0000, 0x0000, 0x0000, 0x0000, 0x0000, 
  0x0000, 0x0000, 0x0000, 0x0000, 0x0000, 0xFEA0, 0xFEA0, 0xFEA0, 0xFEA0, 0xFEA0, 0xFEA0, 0xFEA0, 
  0xFEA0, 0xFEA0, 0xFEA0, 0xFEA0, 0xFEA0, 0xFEA0, 0xFEA0, 0xFEA0, 0x0000, 0x0000, 0x0000, 0x0000, 
  0x0000, 0x0000, 0x0000, 0x0000, 0x0000, 0xFEA0, 0xFEA0, 0xFEA0, 0x0000, 0x0000, 0x0000, 0x0000, 
  0x0000, 0x0000, 0x0000, 0x0000, 0x0000, 0x0000, 0x0000, 0x0000, 0x0000, 0x0000, 0x0000, 0x0000, 
  0x0000, 0x0000, 0x0000, 0x0000, 0x0000, 0x0000, 0x0000, 0xFEA0, 0xFEA0, 0xFEA0, 0xFEA0, 0xFEA0, 
  0xFEA0, 0xFEA0, 0xFEA0, 0xFEA0, 0xFEA0, 0xFEA0, 0x0000, 0x0000, 0x0000, 0x0000, 0x0000, 0x0000, 
  0x0000, 0x0000, 0x0000, 0x0000, 0x0000, 0x0000, 0x0000, 0xFEA0, 0x0000, 0x0000, 0x0000, 0x0000, 
  0x0000, 0x0000, 0x0000, 0x0000, 0x0000, 0x0000, 0x0000, 0x0000, 0x0000, 0x0000, 0x0000, 0x0000, 
  0x0000, 0x0000, 0x0000, 0x0000, 0x0000, 0x0000, 0x0000, 0x0000, 0x0000, 0xFEA0, 0xFEA0, 0xFEA0, 
  0xFEA0, 0xFEA0, 0xFEA0, 0xFEA0, 0x0000, 0x0000, 0x0000, 0x0000, 0x0000, 0x0000, 0x0000, 0x0000, 
  0x0000, 0x0000, 0x0000, 0x0000, 0x0000, 0x0000, 0x0000, 0x0000, 0x0000, 0x0000, 0x0000, 0x0000, 
  0x0000, 0x0000, 0x0000, 0x0000, 0x0000, 0x0000, 0x0000, 0x0000, 0x0000, 0x0000, 0x0000, 0x0000, 
  0x0000, 0x0000, 0x0000, 0x0000, 0x0000, 0xFEA0, 0xFEA0, 0x0000, 0x0000, 0x0000, 0x0000, 0x0000, 
  0x0000, 0x0000, 0x0000, 0x0000, 0x0000, 0x0000, 0x0000, 0x0000, 0xFEA0, 0xFEA0, 0x0000, 0x0000, 
  0x0000, 0x0000, 0x0000, 0x0000, 0x0000, 0x0000, 0x0000, 0x0000, 0x0000, 0x0000, 0x0000, 0x0000, 
  0x0000, 0x0000, 0x0000, 0x0000, 0x0000, 0x0000, 0x0000, 0x0000, 0x0000, 0x0000, 0x0000, 0x0000, 
  0x0000, 0x0000, 0x0000, 0x0000, 0x0000, 0xFEA0, 0x0000, 0x0000, 0x0000, 0x0000, 0x0000, 0x0000, 
  0x0000, 0x0000, 0x0000, 0x0000, 0x0000, 0x0000, 0x0000, 0x0000, 0x0000, 0xFEA0, 0x0000, 0x0000, 
  0x0000, 0x0000, 0x0000, 0x0000, 0x0000, 0x0000, 0x0000, 0x0000, 0x0000, 0x0000, 0x0000, 0x0000, 
  0x0000, 0x0000, 0x0000, 0x0000, 0x0000, 0x0000, 0x0000, 0x0000, 0x0000, 0x0000, 0x0000, 0x0000, 
  0x0000, 0x0000, 0x0000, 0x0000, 0xFEA0, 0xFEA0, 0x0000, 0x0000, 0x0000, 0x0000, 0x0000, 0x0000, 
  0x0000, 0x0000, 0x0000, 0x0000, 0x0000, 0x0000, 0x0000, 0x0000, 0x0000, 0xFEA0, 0xFEA0, 0x0000, 
  0x0000, 0x0000, 0x0000, 0x0000, 0x0000, 0x0000, 0x0000, 0x0000, 0x0000, 0x0000, 0x0000, 0x0000, 
  0x0000, 0x0000, 0x0000, 0x0000, 0x0000, 0x0000, 0x0000, 0x0000, 0x0000, 0x0000, 0x0000, 0x0000, 
  0x0000, 0x0000, 0x0000, 0x0000, 0xFEA0, 0x0000, 0x0000, 0x0000, 0x0000, 0x0000, 0x0000, 0x0000, 
  0xFEA0, 0xFEA0, 0x0000, 0x0000, 0x0000, 0x0000, 0x0000, 0x0000, 0x0000, 0x0000, 0xFEA0, 0x0000, 
  0x0000, 0x0000, 0x0000, 0x0000, 0x0000, 0x0000, 0x0000, 0x0000, 0x0000, 0x0000, 0x0000, 0x0000, 
  0x0000, 0x0000, 0x0000, 0x0000, 0x0000, 0x0000, 0x0000, 0x0000, 0x0000, 0x0000, 0x0000, 0x0000, 
  0x0000, 0x0000, 0x0000, 0xFEA0, 0xFEA0, 0x0000, 0x0000, 0x0000, 0x0000, 0x0000, 0x0000, 0x0000, 
  0xFEA0, 0xFEA0, 0x0000, 0x0000, 0x0000, 0x0000, 0x0000, 0x0000, 0x0000, 0x0000, 0xFEA0, 0xFEA0, 
  0x0000, 0x0000, 0x0000, 0x0000, 0x0000, 0x0000, 0x0000, 0x0000, 0x0000, 0x0000, 0x0000, 0x0000, 
  0x0000, 0x0000, 0x0000, 0x0000, 0x0000, 0x0000, 0x0000, 0x0000, 0x0000, 0x0000, 0x0000, 0x0000, 
  0x0000, 0x0000, 0x0000, 0xFEA0, 0x0000, 0x0000, 0x0000, 0x0000, 0x0000, 0x0000, 0x0000, 0x0000, 
  0xFEA0, 0xFEA0, 0x0000, 0x0000, 0x0000, 0x0000, 0x0000, 0x0000, 0x0000, 0x0000, 0x0000, 0xFEA0, 
  0x0000, 0x0000, 0x0000, 0x0000, 0x0000, 0x0000, 0x0000, 0x0000, 0x0000, 0x0000, 0x0000, 0x0000, 
  0x0000, 0x0000, 0x0000, 0x0000, 0x0000, 0x0000, 0x0000, 0x0000, 0x0000, 0x0000, 0x0000, 0x0000, 
  0x0000, 0x0000, 0xFEA0, 0xFEA0, 0x0000, 0x0000, 0x0000, 0x0000, 0x0000, 0x0000, 0x0000, 0x0000, 
  0xFEA0, 0xFEA0, 0x0000, 0x0000, 0x0000, 0x0000, 0x0000, 0x0000, 0x0000, 0x0000, 0x0000, 0xFEA0, 
  0xFEA0, 0x0000, 0x0000, 0x0000, 0x0000, 0x0000, 0x0000, 0x0000, 0x0000, 0x0000, 0x0000, 0x0000, 
  0x0000, 0x0000, 0x0000, 0x0000, 0x0000, 0x0000, 0x0000, 0x0000, 0x0000, 0x0000, 0x0000, 0x0000, 
  0x0000, 0x0000, 0x0000, 0x0000, 0x0000, 0x0000, 0x0000, 0x0000, 0x0000, 0x0000, 0x0000, 0x0000, 
  0xFEA0, 0xFEA0, 0x0000, 0x0000, 0x0000, 0x0000, 0x0000, 0x0000, 0x0000, 0x0000, 0x0000, 0x0000, 
  0x0000, 0x0000, 0x0000, 0x0000, 0x0000, 0x0000, 0x0000, 0x0000, 0x0000, 0x0000, 0x0000, 0x0000, 
  0x0000, 0x0000, 0x0000, 0x0000, 0x0000, 0x0000, 0x0000, 0x0000, 0x0000, 0x0000, 0x0000, 0x0000, 
  0x0000, 0x0000, 0x0000, 0x0000, 0x0000, 0x0000, 0x0000, 0x0000, 0x0000, 0x0000, 0x0000, 0x0000, 
  0xFEA0, 0xFEA0, 0x0000, 0x0000, 0x0000, 0x0000, 0x0000, 0x0000, 0x0000, 0x0000, 0x0000, 0x0000, 
  0x0000, 0x0000, 0x0000, 0x0000, 0x0000, 0x0000, 0x0000, 0x0000, 0x0000, 0x0000, 0x0000, 0x0000, 
  0x0000, 0x0000, 0x0000, 0x0000, 0x0000, 0x0000, 0x0000, 0x0000, 0x0000, 0x0000, 0x0000, 0x0000, 
  0x0000, 0x0000, 0x0000, 0x0000, 0x0000, 0x0000, 0x0000, 0x0000, 0x0000, 0x0000, 0x0000, 0x0000, 
  0xFEA0, 0xFEA0, 0x0000, 0x0000, 0x0000, 0x0000, 0x0000, 0x0000, 0x0000, 0x0000, 0x0000, 0x0000, 
  0x0000, 0x0000, 0x0000, 0x0000, 0x0000, 0x0000, 0x0000, 0x0000, 0x0000, 0x0000, 0x0000, 0x0000, 
  0x0000, 0x0000, 0x0000, 0x0000, 0x0000, 0x0000, 0x0000, 0x0000, 0x0000, 0x0000, 0x0000, 0x0000, 
  0x0000, 0x0000, 0x0000, 0x0000, 0x0000, 0x0000, 0x0000, 0x0000, 0x0000, 0x0000, 0x0000, 0x0000, 
  0x0000, 0x0000, 0x0000, 0x0000, 0x0000, 0x0000, 0x0000, 0x0000, 0x0000, 0x0000, 0x0000, 0x0000, 
  0x0000, 0x0000, 0x0000, 0x0000, 0x0000, 0x0000, 0x0000, 0x0000, 0x0000, 0x0000, 0x0000, 0x0000
};

// 1 - Partly cloudy
const uint16_t PROGMEM WEATHER48_ICON_1[WEATHER48_W*WEATHER48_H] = {
  0x0000, 0x0000, 0x0000, 0x0000, 0x0000, 0x0000, 0x0000, 0x0000, 0x0000, 0x0000, 0x0000, 0x0000, 
  0x0000, 0x0000, 0x0000, 0x0000, 0x0000, 0x0000, 0x0000, 0x0000, 0x0000, 0x0000, 0x0000, 0x0000, 
  0x0000, 0x0000, 0x0000, 0x0000, 0x0000, 0x0000, 0x0000, 0x0000, 0x0000, 0x0000, 0x0000, 0x0000, 
  0x0000, 0x0000, 0x0000, 0x0000, 0x0000, 0x0000, 0x0000, 0x0000, 0x0000, 0x0000, 0x0000, 0x0000, 
  0x0000, 0x0000, 0x0000, 0x0000, 0x0000, 0x0000, 0x0000, 0x0000, 0x0000, 0x0000, 0x0000, 0x0000, 
  0x0000, 0x0000, 0x0000, 0x0000, 0x0000, 0x0000, 0x0000, 0x0000, 0x0000, 0x0000, 0x0000, 0x0000, 
  0x0000, 0x0000, 0x0000, 0x0000, 0x0000, 0x0000, 0x0000, 0x0000, 0x0000, 0x0000, 0x0000, 0x0000, 
  0x0000, 0x0000, 0x0000, 0x0000, 0x0000, 0x0000, 0x0000, 0x0000, 0x0000, 0x0000, 0x0000, 0x0000, 
  0x0000, 0x0000, 0x0000, 0x0000, 0x0000, 0x0000, 0x0000, 0x0000, 0x0000, 0x0000, 0x0000, 0x0000, 
  0x0000, 0x0000, 0x0000, 0x0000, 0x0000, 0x0000, 0x0000, 0x0000, 0x0000, 0x0000, 0x0000, 0x0000, 
  0x0000, 0x0000, 0x0000, 0x0000, 0x0000, 0x0000, 0x0000, 0x0000, 0x0000, 0x0000, 0x0000, 0x0000, 
  0x0000, 0x0000, 0x0000, 0x0000, 0x0000, 0x0000, 0x0000, 0x0000, 0x0000, 0x0000, 0x0000, 0x0000, 
  0x0000, 0x0000, 0x0000, 0x0000, 0x0000, 0x0000, 0x0000, 0x0000, 0x0000, 0x0000, 0x0000, 0x0000, 
  0x0000, 0x0000, 0x0000, 0x0000, 0x0000, 0x0000, 0x0000, 0x0000, 0x0000, 0x0000, 0x0000, 0x0000, 
  0x0000, 0x0000, 0x0000, 0x0000, 0x0000, 0x0000, 0x0000, 0x0000, 0x0000, 0x0000, 0x0000, 0x0000, 
  0x0000, 0x0000, 0x0000, 0x0000, 0x0000, 0x0000, 0x0000, 0x0000, 0x0000, 0x0000, 0x0000, 0x0000, 
  0x0000, 0x0000, 0x0000, 0x0000, 0x0000, 0x0000, 0x0000, 0x0000, 0x0000, 0x0000, 0x0000, 0x0000, 
  0x0000, 0x0000, 0x0000, 0x0000, 0x0000, 0x0000, 0x0000, 0x0000, 0x0000, 0x0000, 0x0000, 0x0000, 
  0x0000, 0x0000, 0x0000, 0x0000, 0x0000, 0x0000, 0x0000, 0x0000, 0x0000, 0x0000, 0x0000, 0x0000, 
  0x0000, 0x0000, 0x0000, 0x0000, 0x0000, 0x0000, 0x0000, 0x0000, 0x0000, 0x0000, 0x0000, 0x0000, 
  0x0000, 0x0000, 0x0000, 0x0000, 0x0000, 0x0000, 0x0000, 0x0000, 0x0000, 0x0000, 0x0000, 0x0000, 
  0x0000, 0x0000, 0x0000, 0x0000, 0x0000, 0x0000, 0x0000, 0x0000, 0x0000, 0x0000, 0x0000, 0x0000, 
  0x0000, 0x0000, 0x0000, 0x0000, 0x0000, 0x0000, 0x0000, 0x0000, 0x0000, 0x0000, 0x0000, 0x0000, 
  0x0000, 0x0000, 0x0000, 0x0000, 0x0000, 0x0000, 0x0000, 0x0000, 0x0000, 0x0000, 0x0000, 0x0000, 
  0x0000, 0x0000, 0x0000, 0x0000, 0x0000, 0x0000, 0x0000, 0x0000, 0x0000, 0x0000, 0x0000, 0x0000, 
  0x0000, 0x0000, 0x0000, 0x0000, 0x0000, 0x0000, 0x0000, 0x0000, 0x0000, 0x0000, 0x0000, 0x0000, 
  0x0000, 0x0000, 0x0000, 0x0000, 0x0000, 0x0000, 0x0000, 0x0000, 0x0000, 0x0000, 0x0000, 0x0000, 
  0x0000, 0x0000, 0x0000, 0x0000, 0x0000, 0x0000, 0x0000, 0x0000, 0x0000, 0x0000, 0x0000, 0x0000, 
  0x0000, 0x0000, 0x0000, 0x0000, 0x0000, 0x0000, 0x0000, 0x0000, 0x0000, 0x0000, 0x0000, 0x0000, 
  0x0000, 0x0000, 0x0000, 0x0000, 0x0000, 0x0000, 0x0000, 0x0000, 0x0000, 0x0000, 0x0000, 0x0000, 
  0x0000, 0x0000, 0x0000, 0x0000, 0x0000, 0x0000, 0x0000, 0x0000, 0x0000, 0x0000, 0x0000, 0x0000, 
  0x0000, 0x0000, 0x0000, 0x0000, 0x0000, 0x0000, 0x0000, 0x0000, 0x0000, 0x0000, 0x0000, 0x0000, 
  0x0000, 0x0000, 0x0000, 0x0000, 0x0000, 0x0000, 0x0000, 0x0000, 0x0000, 0x0000, 0x0000, 0x0000, 
  0x0000, 0x0000, 0x0000, 0xFEA0, 0xFEA0, 0xFEA0, 0xFEA0, 0xFEA0, 0xFEA0, 0xFEA0, 0x0000, 0x0000, 
  0x0000, 0x0000, 0x0000, 0x0000, 0x0000, 0x0000, 0x0000, 0x0000, 0x0000, 0x0000, 0x0000, 0x0000, 
  0x0000, 0x0000, 0x0000, 0x0000, 0x0000, 0x0000, 0x0000, 0x0000, 0x0000, 0x0000, 0x0000, 0x0000, 
  0x0000, 0x0000, 0x0000, 0x0000, 0x0000, 0x0000, 0x0000, 0x0000, 0x0000, 0x0000, 0x0000, 0x0000, 
  0x0000, 0xFEA0, 0xFEA0, 0xFEA0, 0xFEA0, 0xFEA0, 0xFEA0, 0xFEA0, 0xFEA0, 0xFEA0, 0xFEA0, 0xFEA0, 
  0x0000, 0x0000, 0x0000, 0x0000, 0x0000, 0x0000, 0x0000, 0x0000, 0x0000, 0x0000, 0x0000, 0x0000, 
  0x0000, 0x0000, 0x0000, 0x0000, 0x0000, 0x0000, 0x0000, 0x0000, 0x0000, 0x0000, 0x0000, 0x0000, 
  0x0000, 0x0000, 0x0000, 0x0000, 0x0000, 0x0000, 0x0000, 0x0000, 0x0000, 0x0000, 0x0000, 0x0000, 
  0xFEA0, 0xFEA0, 0xFEA0, 0xFEA0, 0xFEA0, 0xFEA0, 0xFEA0, 0xFEA0, 0xFEA0, 0xFEA0, 0xFEA0, 0xFEA0, 
  0xFEA0, 0x0000, 0x0000, 0x0000, 0x0000, 0x0000, 0x0000, 0x0000, 0x0000, 0x0000, 0x0000, 0x0000, 
  0x0000, 0x0000, 0x0000, 0x0000, 0x0000, 0x0000, 0x0000, 0x0000, 0x0000, 0x0000, 0x0000, 0x0000, 
  0x0000, 0x0000, 0x0000, 0x0000, 0x0000, 0x0000, 0x0000, 0x0000, 0x0000, 0x0000, 0x0000, 0xFEA0, 
  0xFEA0, 0xFEA0, 0xFEA0, 0xFEA0, 0xFEA0, 0xFEA0, 0xFEA0, 0xFEA0, 0xFEA0, 0xFEA0, 0xFEA0, 0xFEA0, 
  0xFEA0, 0xFEA0, 0x0000, 0x0000, 0x0000, 0x0000, 0x0000, 0x0000, 0x0000, 0x0000, 0x0000, 0x0000, 
  0x0000, 0x0000, 0x0000, 0x0000, 0x0000, 0x0000, 0x0000, 0x0000, 0x0000, 0x0000, 0x0000, 0x0000, 
  0x0000, 0x0000, 0x0000, 0x0000, 0x0000, 0x0000, 0x0000, 0x0000, 0x0000, 0x0000, 0xFEA0, 0xFEA0, 
  0xFEA0, 0xFEA0, 0xFEA0, 0xFEA0, 0xFEA0, 0xFEA0, 0xFEA0, 0xFEA0, 0xFEA0, 0xFEA0, 0xFEA0, 0xFEA0, 
  0xFEA0, 0xFEA0, 0xFEA0, 0x0000, 0x0000, 0x0000, 0x0000, 0x0000, 0x0000, 0x0000, 0x0000, 0x0000, 
  0x0000, 0x0000, 0x0000, 0x0000, 0x0000, 0x0000, 0x0000, 0x0000, 0x0000, 0x0000, 0x0000, 0x0000, 
  0x0000, 0x0000, 0x0000, 0x0000, 0x0000, 0x0000, 0x0000, 0x0000, 0x0000, 0xFEA0, 0xFEA0, 0xFEA0, 
  0xFEA0, 0xFEA0, 0xFEA0, 0xFEA0, 0xFEA0, 0xFEA0, 0xFEA0, 0xFEA0, 0xFEA0, 0xFEA0, 0xFEA0, 0xFEA0, 
  0xFEA0, 0xFEA0, 0xFEA0, 0xFEA0, 0x0000, 0x0000, 0x0000, 0x0000, 0x0000, 0x0000, 0x0000, 0x0000, 
  0x0000, 0x0000, 0x0000, 0x0000, 0x0000, 0x0000, 0x0000, 0x0000, 0x0000, 0x0000, 0x0000, 0x0000, 
  0x0000, 0x0000, 0x0000, 0x0000, 0x0000, 0x0000, 0x0000, 0x0000, 0x0000, 0xFEA0, 0xFEA0, 0xFEA0, 
  0xFEA0, 0xFEA0, 0xFEA0, 0xFEA0, 0xFEA0, 0xFEA0, 0xFEA0, 0xFEA0, 0xFEA0, 0xFEA0, 0xFEA0, 0xFEA0, 
  0xFEA0, 0xFEA0, 0xFEA0, 0xFEA0, 0x0000, 0x0000, 0x0000, 0x0000, 0x0000, 0x0000, 0x0000, 0x0000, 
  0x0000, 0x0000, 0x0000, 0x0000, 0x0000, 0x0000, 0x0000, 0x0000, 0x0000, 0x0000, 0x0000, 0x0000, 
  0x0000, 0x0000, 0x0000, 0x0000, 0x0000, 0x0000, 0x0000, 0x0000, 0xFEA0, 0xFEA0, 0xFEA0, 0xFEA0, 
  0xFEA0, 0xFEA0, 0xFEA0, 0xFEA0, 0xFEA0, 0xFEA0, 0xFEA0, 0xFEA0, 0xFEA0, 0xFEA0, 0xFEA0, 0xFEA0, 
  0xFEA0, 0xFEA0, 0xFEA0, 0xFEA0, 0xFEA0, 0x0000, 0x0000, 0x0000, 0x0000, 0x0000, 0x0000, 0x0000, 
  0x0000, 0x0000, 0x0000, 0x0000, 0x0000, 0x0000, 0x0000, 0x0000, 0x0000, 0x0000, 0x0000, 0x0000, 
  0x0000, 0x0000, 0x0000, 0x0000, 0x0000, 0x0000, 0x0000, 0x0000, 0xFEA0, 0xFEA0, 0xFEA0, 0xFEA0, 
  0xFEA0, 0xFEA0, 0xFEA0, 0xFEA0, 0xFEA0, 0xFEA0, 0xFEA0, 0xFEA0, 0xFEA0, 0xFEA0, 0xFEA0, 0xFEA0, 
  0xFEA0, 0xFEA0, 0xFEA0, 0xFEA0, 0xFEA0, 0x0000, 0x0000, 0x0000, 0x0000, 0x0000, 0x0000, 0x0000, 
  0x0000, 0x0000, 0x0000, 0x0000, 0x0000, 0x0000, 0x0000, 0x0000, 0x0000, 0x0000, 0x0000, 0x0000, 
  0x0000, 0x0000, 0x0000, 0x0000, 0x0000, 0x0000, 0x0000, 0x0000, 0xFEA0, 0xFEA0, 0xFEA0, 0xFEA0, 
  0xFEA0, 0xFEA0, 0xFEA0, 0xFEA0, 0xFEA0, 0xFEA0, 0xFEA0, 0xFEA0, 0xFEA0, 0xFEA0, 0xFEA0, 0xFEA0, 
  0xFEA0, 0xFEA0, 0xFEA0, 0xFEA0, 0xFEA0, 0x0000, 0x0000, 0x0000, 0x0000, 0x0000, 0x0000, 0x0000, 
  0x0000, 0x0000, 0x0000, 0x0000, 0x0000, 0x0000, 0x0000, 0x0000, 0x0000, 0x0000, 0x0000, 0x0000, 
  0x0000, 0x0000, 0x0000, 0x0000, 0x0000, 0x0000, 0x0000, 0x0000, 0xFEA0, 0xFEA0, 0xFEA0, 0xFEA0, 
  0xFEA0, 0xFEA0, 0xFEA0, 0xFEA0, 0xFEA0, 0xFEA0, 0xFEA0, 0xFEA0, 0xFEA0, 0xFEA0, 0xBE5A, 0xBE5A, 
  0xBE5A, 0xBE5A, 0xBE5A, 0xFEA0, 0xFEA0, 0x0000, 0x0000, 0x0000, 0x0000, 0x0000, 0x0000, 0x0000, 
  0x0000, 0x0000, 0x0000, 0x0000, 0x0000, 0x0000, 0x0000, 0x0000, 0x0000, 0x0000, 0x0000, 0x0000, 
  0x0000, 0x0000, 0x0000, 0x0000, 0x0000, 0x0000, 0x0000, 0x0000, 0xFEA0, 0xFEA0, 0xFEA0, 0xFEA0, 
  0xFEA0, 0xFEA0, 0xFEA0, 0xFEA0, 0xFEA0, 0xFEA0, 0xFEA0, 0xFEA0, 0xBE5A, 0xBE5A, 0xBE5A, 0xBE5A, 
  0xBE5A, 0xBE5A, 0xBE5A, 0xBE5A, 0xBE5A, 0x0000, 0x0000, 0x0000, 0x0000, 0x0000, 0x0000, 0x0000, 
  0x0000, 0x0000, 0x0000, 0x0000, 0x0000, 0x0000, 0x0000, 0x0000, 0x0000, 0x0000, 0x0000, 0x0000, 
  0x0000, 0x0000, 0x0000, 0x0000, 0x0000, 0x0000, 0x0000, 0x0000, 0xFEA0, 0xFEA0, 0xFEA0, 0xFEA0, 
  0xFEA0, 0xFEA0, 0xFEA0, 0xFEA0, 0xBE5A, 0xBE5A, 0xBE5A, 0xBE5A, 0xBE5A, 0xBE5A, 0xBE5A, 0xBE5A, 
  0xBE5A, 0xBE5A, 0xBE5A, 0xBE5A, 0xBE5A, 0xBE5A, 0xBE5A, 0xBE5A, 0xBE5A, 0x0000, 0x0000, 0x0000, 
  0x0000, 0x0000, 0x0000, 0x0000, 0x0000, 0x0000, 0x0000, 0x0000, 0x0000, 0x0000, 0x0000, 0x0000, 
  0x0000, 0x0000, 0x0000, 0x0000, 0x0000, 0x0000, 0x0000, 0x0000, 0xFEA0, 0xFEA0, 0xFEA0, 0xFEA0, 
  0xFEA0, 0xFEA0, 0xBE5A, 0xBE5A, 0xBE5A, 0xBE5A, 0xBE5A, 0xBE5A, 0xBE5A, 0xBE5A, 0xBE5A, 0xBE5A, 
  0xBE5A, 0xBE5A, 0xBE5A, 0xBE5A, 0xBE5A, 0xBE5A, 0xBE5A, 0xBE5A, 0xBE5A, 0xBE5A, 0xBE5A, 0x0000, 
  0x0000, 0x0000, 0x0000, 0x0000, 0x0000, 0x0000, 0x0000, 0x0000, 0x0000, 0x0000, 0x0000, 0x0000, 
  0x0000, 0x0000, 0x0000, 0x0000, 0x0000, 0x0000, 0x0000, 0x0000, 0x0000, 0xFEA0, 0xFEA0, 0xFEA0, 
  0xFEA0, 0xBE5A, 0xBE5A, 0xBE5A, 0xBE5A, 0xBE5A, 0xBE5A, 0xBE5A, 0xBE5A, 0xBE5A, 0xBE5A, 0xBE5A, 
  0xBE5A, 0xBE5A, 0xBE5A, 0xBE5A, 0xBE5A, 0xBE5A, 0xBE5A, 0xBE5A, 0xBE5A, 0xBE5A, 0xBE5A, 0xBE5A, 
  0x0000, 0x0000, 0x0000, 0x0000, 0x0000, 0x0000, 0x0000, 0x0000, 0x0000, 0x0000, 0x0000, 0x0000, 
  0x0000, 0x0000, 0x0000, 0x0000, 0x0000, 0x0000, 0x0000, 0x0000, 0x0000, 0xFEA0, 0xFEA0, 0xFEA0, 
  0xBE5A, 0xBE5A, 0xBE5A, 0xBE5A, 0xBE5A, 0xBE5A, 0xBE5A, 0xBE5A, 0xBE5A, 0xBE5A, 0xBE5A, 0xBE5A, 
  0xBE5A, 0xBE5A, 0xBE5A, 0xBE5A, 0xBE5A, 0xBE5A, 0xBE5A, 0xBE5A, 0xBE5A, 0xBE5A, 0xBE5A, 0xBE5A, 
  0xBE5A, 0x0000, 0x0000, 0x0000, 0x0000, 0x0000, 0x0000, 0x0000, 0x0000, 0x0000, 0x0000, 0x0000, 
  0x0000, 0x0000, 0x0000, 0x0000, 0x0000, 0x0000, 0x0000, 0x0000, 0x0000, 0x0000, 0xFEA0, 0xBE5A, 
  0xBE5A, 0xBE5A, 0xBE5A, 0xBE5A, 0xBE5A, 0xBE5A, 0xBE5A, 0xBE5A, 0xBE5A, 0xBE5A, 0xBE5A, 0xBE5A, 
  0xBE5A, 0xBE5A, 0xBE5A, 0xBE5A, 0xBE5A, 0xBE5A, 0xBE5A, 0xBE5A, 0xBE5A, 0xBE5A, 0xBE5A, 0xBE5A, 
  0xBE5A, 0xBE5A, 0x0000, 0x0000, 0x0000, 0x0000, 0x0000, 0x0000, 0x0000, 0x0000, 0x0000, 0x0000, 
  0x0000, 0x0000, 0x0000, 0x0000, 0x0000, 0x0000, 0x0000, 0x0000, 0x0000, 0x0000, 0x0000, 0xBE5A, 
  0xBE5A, 0xBE5A, 0xBE5A, 0xBE5A, 0xBE5A, 0xBE5A, 0xBE5A, 0xBE5A, 0xBE5A, 0xBE5A, 0xBE5A, 0xBE5A, 
  0xBE5A, 0xBE5A, 0xBE5A, 0xBE5A, 0xBE5A, 0xBE5A, 0xBE5A, 0xBE5A, 0xBE5A, 0xBE5A, 0xBE5A, 0xBE5A, 
  0xBE5A, 0xBE5A, 0x0000, 0x0000, 0x0000, 0x0000, 0x0000, 0x0000, 0x0000, 0x0000, 0x0000, 0x0000, 
  0x0000, 0x0000, 0x0000, 0x0000, 0x0000, 0x0000, 0x0000, 0x0000, 0x0000, 0x0000, 0xBE5A, 0xBE5A, 
  0xBE5A, 0xBE5A, 0xBE5A, 0xBE5A, 0xBE5A, 0xBE5A, 0xBE5A, 0xBE5A, 0xBE5A, 0xBE5A, 0xBE5A, 0xBE5A, 
  0xBE5A, 0xBE5A, 0xBE5A, 0xBE5A, 0xBE5A, 0xBE5A, 0xBE5A, 0xBE5A, 0xBE5A, 0xBE5A, 0xBE5A, 0xBE5A, 
  0xBE5A, 0xBE5A, 0xBE5A, 0x0000, 0x0000, 0x0000, 0x0000, 0x0000, 0x0000, 0x0000, 0x0000, 0x0000, 
  0x0000, 0x0000, 0x0000, 0x0000, 0x0000, 0x0000, 0x0000, 0x0000, 0x0000, 0x0000, 0xBE5A, 0xBE5A, 
  0xBE5A, 0xBE5A, 0xBE5A, 0xBE5A, 0xBE5A, 0xBE5A, 0xBE5A, 0xBE5A, 0xBE5A, 0xBE5A, 0xBE5A, 0xBE5A, 
  0xBE5A, 0xBE5A, 0xBE5A, 0xBE5A, 0xBE5A, 0xBE5A, 0xBE5A, 0xBE5A, 0xBE5A, 0xBE5A, 0xBE5A, 0xBE5A, 
  0xBE5A, 0xBE5A, 0xBE5A, 0x0000, 0x0000, 0x0000, 0x0000, 0x0000, 0x0000, 0x0000, 0x0000, 0x0000, 
  0x0000, 0x0000, 0x0000, 0x0000, 0x0000, 0x0000, 0x0000, 0x0000, 0x0000, 0x0000, 0xBE5A, 0xBE5A, 
  0xBE5A, 0xBE5A, 0xBE5A, 0xBE5A, 0xBE5A, 0xBE5A, 0xBE5A, 0xBE5A, 0xBE5A, 0xBE5A, 0xBE5A, 0xBE5A, 
  0xBE5A, 0xBE5A, 0xBE5A, 0xBE5A, 0xBE5A, 0xBE5A, 0xBE5A, 0xBE5A, 0xBE5A, 0xBE5A, 0xBE5A, 0xBE5A, 
  0xBE5A, 0xBE5A, 0xBE5A, 0x0000, 0x0000, 0x0000, 0x0000, 0x0000, 0x0000, 0x0000, 0x0000, 0x0000, 
  0x0000, 0x0000, 0x0000, 0x0000, 0x0000, 0x0000, 0x0000, 0x0000, 0x0000, 0x0000, 0xBE5A, 0xBE5A, 
  0xBE5A, 0xBE5A, 0xBE5A, 0xBE5A, 0xBE5A, 0xBE5A, 0xBE5A, 0xBE5A, 0xBE5A, 0xBE5A, 0xBE5A, 0xBE5A, 
  0xBE5A, 0xBE5A, 0xBE5A, 0xBE5A, 0xBE5A, 0xBE5A, 0xBE5A, 0xBE5A, 0xBE5A, 0xBE5A, 0xBE5A, 0xBE5A, 
  0xBE5A, 0xBE5A, 0xBE5A, 0x0000, 0x0000, 0x0000, 0x0000, 0x0000, 0x0000, 0x0000, 0x0000, 0x0000, 
  0x0000, 0x0000, 0x0000, 0x0000, 0x0000, 0x0000, 0x0000, 0x0000, 0x0000, 0x0000, 0xBE5A, 0xBE5A, 
  0xBE5A, 0xBE5A, 0xBE5A, 0xBE5A, 0xBE5A, 0xBE5A, 0xBE5A, 0xBE5A, 0xBE5A, 0xBE5A, 0xBE5A, 0xBE5A, 
  0xBE5A, 0xBE5A, 0xBE5A, 0xBE5A, 0xBE5A, 0xBE5A, 0xBE5A, 0xBE5A, 0xBE5A, 0xBE5A, 0xBE5A, 0xBE5A, 
  0xBE5A, 0xBE5A, 0xBE5A, 0x0000, 0x0000, 0x0000, 0x0000, 0x0000, 0x0000, 0x0000, 0x0000, 0x0000, 
  0x0000, 0x0000, 0x0000, 0x0000, 0x0000, 0x0000, 0x0000, 0x0000, 0x0000, 0x0000, 0x0000, 0xBE5A, 
  0xBE5A, 0xBE5A, 0xBE5A, 0xBE5A, 0xBE5A, 0xBE5A, 0xBE5A, 0xBE5A, 0xBE5A, 0xBE5A, 0xBE5A, 0xBE5A, 
  0xBE5A, 0xBE5A, 0xBE5A, 0xBE5A, 0xBE5A, 0xBE5A, 0xBE5A, 0xBE5A, 0xBE5A, 0xBE5A, 0xBE5A, 0xBE5A, 
  0xBE5A, 0xBE5A, 0x0000, 0x0000, 0x0000, 0x0000, 0x0000, 0x0000, 0x0000, 0x0000, 0x0000, 0x0000, 
  0x0000, 0x0000, 0x0000, 0x0000, 0x0000, 0x0000, 0x0000, 0x0000, 0x0000, 0x0000, 0x0000, 0xBE5A, 
  0xBE5A, 0xBE5A, 0xBE5A, 0xBE5A, 0xBE5A, 0xBE5A, 0xBE5A, 0xBE5A, 0xBE5A, 0xBE5A, 0xBE5A, 0xBE5A, 
  0xBE5A, 0xBE5A, 0xBE5A, 0xBE5A, 0xBE5A, 0xBE5A, 0xBE5A, 0xBE5A, 0xBE5A, 0xBE5A, 0xBE5A, 0xBE5A, 
  0xBE5A, 0xBE5A, 0x0000, 0x0000, 0x0000, 0x0000, 0x0000, 0x0000, 0x0000, 0x0000, 0x0000, 0x0000, 
  0x0000, 0x0000, 0x0000, 0x0000, 0x0000, 0x0000, 0x0000, 0x0000, 0x0000, 0x0000, 0x0000, 0x0000, 
  0xBE5A, 0xBE5A, 0xBE5A, 0xBE5A, 0xBE5A, 0xBE5A, 0xBE5A, 0xBE5A, 0xBE5A, 0xBE5A, 0xBE5A, 0xBE5A, 
  0xBE5A, 0xBE5A, 0xBE5A, 0xBE5A, 0xBE5A, 0xBE5A, 0xBE5A, 0xBE5A, 0xBE5A, 0xBE5A, 0xBE5A, 0xBE5A, 
  0xBE5A, 0x0000, 0x0000, 0x0000, 0x0000, 0x0000, 0x0000, 0x0000, 0x0000, 0x0000, 0x0000, 0x0000, 
  0x0000, 0x0000, 0x0000, 0x0000, 0x0000, 0x0000, 0x0000, 0x0000, 0x0000, 0x0000, 0x0000, 0x0000, 
  0x0000, 0xBE5A, 0xBE5A, 0xBE5A, 0xBE5A, 0xBE5A, 0xBE5A, 0xBE5A, 0xBE5A, 0xBE5A, 0xBE5A, 0xBE5A, 
  0xBE5A, 0xBE5A, 0xBE5A, 0xBE5A, 0xBE5A, 0xBE5A, 0xBE5A, 0xBE5A, 0xBE5A, 0xBE5A, 0xBE5A, 0xBE5A, 
  0x0000, 0x0000, 0x0000, 0x0000, 0x0000, 0x0000, 0x0000, 0x0000, 0x0000, 0x0000, 0x0000, 0x0000, 
  0x0000, 0x0000, 0x0000, 0x0000, 0x0000, 0x0000, 0x0000, 0x0000, 0x0000, 0x0000, 0x0000, 0x0000, 
  0x0000, 0x0000, 0xBE5A, 0xBE5A, 0xBE5A, 0xBE5A, 0xBE5A, 0xBE5A, 0xBE5A, 0xBE5A, 0xBE5A, 0xBE5A, 
  0xBE5A, 0xBE5A, 0xBE5A, 0xBE5A, 0xBE5A, 0xBE5A, 0xBE5A, 0xBE5A, 0xBE5A, 0xBE5A, 0xBE5A, 0x0000, 
  0x0000, 0x0000, 0x0000, 0x0000, 0x0000, 0x0000, 0x0000, 0x0000, 0x0000, 0x0000, 0x0000, 0x0000, 
  0x0000, 0x0000, 0x0000, 0x0000, 0x0000, 0x0000, 0x0000, 0x0000, 0x0000, 0x0000, 0x0000, 0x0000, 
  0x0000, 0x0000, 0xBE5A, 0xBE5A, 0xBE5A, 0xBE5A, 0xBE5A, 0xBE5A, 0xBE5A, 0xBE5A, 0xBE5A, 0xBE5A, 
  0xBE5A, 0xBE5A, 0xBE5A, 0xBE5A, 0xBE5A, 0xBE5A, 0xBE5A, 0xBE5A, 0xBE5A, 0xBE5A, 0xBE5A, 0x0000, 
  0x0000, 0x0000, 0x0000, 0x0000, 0x0000, 0x0000, 0x0000, 0x0000, 0x0000, 0x0000, 0x0000, 0x0000, 
  0x0000, 0x0000, 0x0000, 0x0000, 0x0000, 0x0000, 0x0000, 0x0000, 0x0000, 0x0000, 0x0000, 0x0000, 
  0x0000, 0x0000, 0x0000, 0x0000, 0x0000, 0x0000, 0x0000, 0x0000, 0x0000, 0x0000, 0x0000, 0x0000, 
  0x0000, 0x0000, 0x0000, 0x0000, 0x0000, 0x0000, 0x0000, 0x0000, 0x0000, 0x0000, 0x0000, 0x0000, 
  0x0000, 0x0000, 0x0000, 0x0000, 0x0000, 0x0000, 0x0000, 0x0000, 0x0000, 0x0000, 0x0000, 0x0000, 
  0x0000, 0x0000, 0x0000, 0x0000, 0x0000, 0x0000, 0x0000, 0x0000, 0x0000, 0x0000, 0x0000, 0x0000, 
  0x0000, 0x0000, 0x0000, 0x0000, 0x0000, 0x0000, 0x0000, 0x0000, 0x0000, 0x0000, 0x0000, 0x0000, 
  0x0000, 0x0000, 0x0000, 0x0000, 0x0000, 0x0000, 0x0000, 0x0000, 0x0000, 0x0000, 0x0000, 0x0000, 
  0x0000, 0x0000, 0x0000, 0x0000, 0x0000, 0x0000, 0x0000, 0x0000, 0x0000, 0x0000, 0x0000, 0x0000, 
  0x0000, 0x0000, 0x0000, 0x0000, 0x0000, 0x0000, 0x0000, 0x0000, 0x0000, 0x0000, 0x0000, 0x0000, 
  0x0000, 0x0000, 0x0000, 0x0000, 0x0000, 0x0000, 0x0000, 0x0000, 0x0000, 0x0000, 0x0000, 0x0000, 
  0x0000, 0x0000, 0x0000, 0x0000, 0x0000, 0x0000, 0x0000, 0x0000, 0x0000, 0x0000, 0x0000, 0x0000, 
  0x0000, 0x0000, 0x0000, 0x0000, 0x0000, 0x0000, 0x0000, 0x0000, 0x0000, 0x0000, 0x0000, 0x0000, 
  0x0000, 0x0000, 0x0000, 0x0000, 0x0000, 0x0000, 0x0000, 0x0000, 0x0000, 0x0000, 0x0000, 0x0000, 
  0x0000, 0x0000, 0x0000, 0x0000, 0x0000, 0x0000, 0x0000, 0x0000, 0x0000, 0x0000, 0x0000, 0x0000, 
  0x0000, 0x0000, 0x0000, 0x0000, 0x0000, 0x0000, 0x0000, 0x0000, 0x0000, 0x0000, 0x0000, 0x0000, 
  0x0000, 0x0000, 0x0000, 0x0000, 0x0000, 0x0000, 0x0000, 0x0000, 0x0000, 0x0000, 0x0000, 0x0000, 
  0x0000, 0x0000, 0x0000, 0x0000, 0x0000, 0x0000, 0x0000, 0x0000, 0x0000, 0x0000, 0x0000, 0x0000, 
  0x0000, 0x0000, 0x0000, 0x0000, 0x0000, 0x0000, 0x0000, 0x0000, 0x0000, 0x0000, 0x0000, 0x0000, 
  0x0000, 0x0000, 0x0000, 0x0000, 0x0000, 0x0000, 0x0000, 0x0000, 0x0000, 0x0000, 0x0000, 0x0000, 
  0x0000, 0x0000, 0x0000, 0x0000, 0x0000, 0x0000, 0x0000, 0x0000, 0x0000, 0x0000, 0x0000, 0x0000, 
  0x0000, 0x0000, 0x0000, 0x0000, 0x0000, 0x0000, 0x0000, 0x0000, 0x0000, 0x0000, 0x0000, 0x0000, 
  0x0000, 0x0000, 0x0000, 0x0000, 0x0000, 0x0000, 0x0000, 0x0000, 0x0000, 0x0000, 0x0000, 0x0000, 
  0x0000, 0x0000, 0x0000, 0x0000, 0x0000, 0x0000, 0x0000, 0x0000, 0x0000, 0x0000, 0x0000, 0x0000, 
  0x0000, 0x0000, 0x0000, 0x0000, 0x0000, 0x0000, 0x0000, 0x0000, 0x0000, 0x0000, 0x0000, 0x0000, 
  0x0000, 0x0000, 0x0000, 0x0000, 0x0000, 0x0000, 0x0000, 0x0000, 0x0000, 0x0000, 0x0000, 0x0000, 
  0x0000, 0x0000, 0x0000, 0x0000, 0x0000, 0x0000, 0x0000, 0x0000, 0x0000, 0x0000, 0x0000, 0x0000, 
  0x0000, 0x0000, 0x0000, 0x0000, 0x0000, 0x0000, 0x0000, 0x0000, 0x0000, 0x0000, 0x0000, 0x0000, 
  0x0000, 0x0000, 0x0000, 0x0000, 0x0000, 0x0000, 0x0000, 0x0000, 0x0000, 0x0000, 0x0000, 0x0000, 
  0x0000, 0x0000, 0x0000, 0x0000, 0x0000, 0x0000, 0x0000, 0x0000, 0x0000, 0x0000, 0x0000, 0x0000, 
  0x0000, 0x0000, 0x0000, 0x0000, 0x0000, 0x0000, 0x0000, 0x0000, 0x0000, 0x0000, 0x0000, 0x0000, 
  0x0000, 0x0000, 0x0000, 0x0000, 0x0000, 0x0000, 0x0000, 0x0000, 0x0000, 0x0000, 0x0000, 0x0000, 
  0x0000, 0x0000, 0x0000, 0x0000, 0x0000, 0x0000, 0x0000, 0x0000, 0x0000, 0x0000, 0x0000, 0x0000, 
  0x0000, 0x0000, 0x0000, 0x0000, 0x0000, 0x0000, 0x0000, 0x0000, 0x0000, 0x0000, 0x0000, 0x0000, 
  0x0000, 0x0000, 0x0000, 0x0000, 0x0000, 0x0000, 0x0000, 0x0000, 0x0000, 0x0000, 0x0000, 0x0000, 
  0x0000, 0x0000, 0x0000, 0x0000, 0x0000, 0x0000, 0x0000, 0x0000, 0x0000, 0x0000, 0x0000, 0x0000, 
  0x0000, 0x0000, 0x0000, 0x0000, 0x0000, 0x0000, 0x0000, 0x0000, 0x0000, 0x0000, 0x0000, 0x0000, 
  0x0000, 0x0000, 0x0000, 0x0000, 0x0000, 0x0000, 0x0000, 0x0000, 0x0000, 0x0000, 0x0000, 0x0000, 
  0x0000, 0x0000, 0x0000, 0x0000, 0x0000, 0x0000, 0x0000, 0x0000, 0x0000, 0x0000, 0x0000, 0x0000, 
  0x0000, 0x0000, 0x0000, 0x0000, 0x0000, 0x0000, 0x0000, 0x0000, 0x0000, 0x0000, 0x0000, 0x0000, 
  0x0000, 0x0000, 0x0000, 0x0000, 0x0000, 0x0000, 0x0000, 0x0000, 0x0000, 0x0000, 0x0000, 0x0000, 
  0x0000, 0x0000, 0x0000, 0x0000, 0x0000, 0x0000, 0x0000, 0x0000, 0x0000, 0x0000, 0x0000, 0x0000, 
  0x0000, 0x0000, 0x0000, 0x0000, 0x0000, 0x0000, 0x0000, 0x0000, 0x0000, 0x0000, 0x0000, 0x0000, 
  0x0000, 0x0000, 0x0000, 0x0000, 0x0000, 0x0000, 0x0000, 0x0000, 0x0000, 0x0000, 0x0000, 0x0000, 
  0x0000, 0x0000, 0x0000, 0x0000, 0x0000, 0x0000, 0x0000, 0x0000, 0x0000, 0x0000, 0x0000, 0x0000
};

// 2 - Cloudy
const uint16_t PROGMEM WEATHER48_ICON_2[WEATHER48_W*WEATHER48_H] = {
  0x0000, 0x0000, 0x0000, 0x0000, 0x0000, 0x0000, 0x0000, 0x0000, 0x0000, 0x0000, 0x0000, 0x0000, 
  0x0000, 0x0000, 0x0000, 0x0000, 0x0000, 0x0000, 0x0000, 0x0000, 0x0000, 0x0000, 0x0000, 0x0000, 
  0x0000, 0x0000, 0x0000, 0x0000, 0x0000, 0x0000, 0x0000, 0x0000, 0x0000, 0x0000, 0x0000, 0x0000, 
  0x0000, 0x0000, 0x0000, 0x0000, 0x0000, 0x0000, 0x0000, 0x0000, 0x0000, 0x0000, 0x0000, 0x0000, 
  0x0000, 0x0000, 0x0000, 0x0000, 0x0000, 0x0000, 0x0000, 0x0000, 0x0000, 0x0000, 0x0000, 0x0000, 
  0x0000, 0x0000, 0x0000, 0x0000, 0x0000, 0x0000, 0x0000, 0x0000, 0x0000, 0x0000, 0x0000, 0x0000, 
  0x0000, 0x0000, 0x0000, 0x0000, 0x0000, 0x0000, 0x0000, 0x0000, 0x0000, 0x0000, 0x0000, 0x0000, 
  0x0000, 0x0000, 0x0000, 0x0000, 0x0000, 0x0000, 0x0000, 0x0000, 0x0000, 0x0000, 0x0000, 0x0000, 
  0x0000, 0x0000, 0x0000, 0x0000, 0x0000, 0x0000, 0x0000, 0x0000, 0x0000, 0x0000, 0x0000, 0x0000, 
  0x0000, 0x0000, 0x0000, 0x0000, 0x0000, 0x0000, 0x0000, 0x0000, 0x0000, 0x0000, 0x0000, 0x0000, 
  0x0000, 0x0000, 0x0000, 0x0000, 0x0000, 0x0000, 0x0000, 0x0000, 0x0000, 0x0000, 0x0000, 0x0000, 
  0x0000, 0x0000, 0x0000, 0x0000, 0x0000, 0x0000, 0x0000, 0x0000, 0x0000, 0x0000, 0x0000, 0x0000, 
  0x0000, 0x0000, 0x0000, 0x0000, 0x0000, 0x0000, 0x0000, 0x0000, 0x0000, 0x0000, 0x0000, 0x0000, 
  0x0000, 0x0000, 0x0000, 0x0000, 0x0000, 0x0000, 0x0000, 0x0000, 0x0000, 0x0000, 0x0000, 0x0000, 
  0x0000, 0x0000, 0x0000, 0x0000, 0x0000, 0x0000, 0x0000, 0x0000, 0x0000, 0x0000, 0x0000, 0x0000, 
  0x0000, 0x0000, 0x0000, 0x0000, 0x0000, 0x0000, 0x0000, 0x0000, 0x0000, 0x0000, 0x0000, 0x0000, 
  0x0000, 0x0000, 0x0000, 0x0000, 0x0000, 0x0000, 0x0000, 0x0000, 0x0000, 0x0000, 0x0000, 0x0000, 
  0x0000, 0x0000, 0x0000, 0x0000, 0x0000, 0x0000, 0x0000, 0x0000, 0x0000, 0x0000, 0x0000, 0x0000, 
  0x0000, 0x0000, 0x0000, 0x0000, 0x0000, 0x0000, 0x0000, 0x0000, 0x0000, 0x0000, 0x0000, 0x0000, 
  0x0000, 0x0000, 0x0000, 0x0000, 0x0000, 0x0000, 0x0000, 0x0000, 0x0000, 0x0000, 0x0000, 0x0000, 
  0x0000, 0x0000, 0x0000, 0x0000, 0x0000, 0x0000, 0x0000, 0x0000, 0x0000, 0x0000, 0x0000, 0x0000, 
  0x0000, 0x0000, 0x0000, 0x0000, 0x0000, 0x0000, 0x0000, 0x0000, 0x0000, 0x0000, 0x0000, 0x0000, 
  0x0000, 0x0000, 0x0000, 0x0000, 0x0000, 0x0000, 0x0000, 0x0000, 0x0000, 0x0000, 0x0000, 0x0000, 
  0x0000, 0x0000, 0x0000, 0x0000, 0x0000, 0x0000, 0x0000, 0x0000, 0x0000, 0x0000, 0x0000, 0x0000, 
  0x0000, 0x0000, 0x0000, 0x0000, 0x0000, 0x0000, 0x0000, 0x0000, 0x0000, 0x0000, 0x0000, 0x0000, 
  0x0000, 0x0000, 0x0000, 0x0000, 0x0000, 0x0000, 0x0000, 0x0000, 0x0000, 0x0000, 0x0000, 0x0000, 
  0x0000, 0x0000, 0x0000, 0x0000, 0x0000, 0x0000, 0x0000, 0x0000, 0x0000, 0x0000, 0x0000, 0x0000, 
  0x0000, 0x0000, 0x0000, 0x0000, 0x0000, 0x0000, 0x0000, 0x0000, 0x0000, 0x0000, 0x0000, 0x0000, 
  0x0000, 0x0000, 0x0000, 0x0000, 0x0000, 0x0000, 0x0000, 0x0000, 0x0000, 0x0000, 0x0000, 0x0000, 
  0x0000, 0x0000, 0x0000, 0x0000, 0x0000, 0x0000, 0x0000, 0x0000, 0x0000, 0x0000, 0x0000, 0x0000, 
  0x0000, 0x0000, 0x0000, 0x0000, 0x0000, 0x0000, 0x0000, 0x0000, 0x0000, 0x0000, 0x0000, 0x0000, 
  0x0000, 0x0000, 0x0000, 0x0000, 0x0000, 0x0000, 0x0000, 0x0000, 0x0000, 0x0000, 0x0000, 0x0000, 
  0x0000, 0x0000, 0x0000, 0x0000, 0x0000, 0x0000, 0x0000, 0x0000, 0x0000, 0x0000, 0x0000, 0x0000, 
  0x0000, 0x0000, 0x0000, 0x0000, 0x0000, 0x0000, 0x0000, 0x0000, 0x0000, 0x0000, 0x0000, 0x0000, 
  0x0000, 0x0000, 0x0000, 0x0000, 0x0000, 0x0000, 0x0000, 0x0000, 0x0000, 0x0000, 0x0000, 0x0000, 
  0x0000, 0x0000, 0x0000, 0x0000, 0x0000, 0x0000, 0x0000, 0x0000, 0x0000, 0x0000, 0x0000, 0x0000, 
  0x0000, 0x0000, 0x0000, 0x0000, 0x0000, 0x0000, 0x0000, 0x0000, 0x0000, 0x0000, 0x0000, 0x0000, 
  0x0000, 0x0000, 0x0000, 0x0000, 0x0000, 0x0000, 0x0000, 0x0000, 0x0000, 0x0000, 0x0000, 0x0000, 
  0x0000, 0x0000, 0x0000, 0x0000, 0x0000, 0x0000, 0x0000, 0x0000, 0x0000, 0x0000, 0x0000, 0x0000, 
  0x0000, 0x0000, 0x0000, 0x0000, 0x0000, 0x0000, 0x0000, 0x0000, 0x0000, 0x0000, 0x0000, 0x0000, 
  0x0000, 0x0000, 0x0000, 0x0000, 0x0000, 0x0000, 0x0000, 0x0000, 0x0000, 0x0000, 0x0000, 0x0000, 
  0x0000, 0x0000, 0x0000, 0x0000, 0x0000, 0x0000, 0x0000, 0x0000, 0x0000, 0x0000, 0x0000, 0x0000, 
  0x0000, 0x0000, 0x0000, 0x0000, 0x0000, 0x0000, 0x0000, 0x0000, 0x0000, 0x0000, 0x0000, 0x0000, 
  0x0000, 0x0000, 0x0000, 0x0000, 0x0000, 0x0000, 0x0000, 0x0000, 0x0000, 0x0000, 0x0000, 0x0000, 
  0x0000, 0x0000, 0x0000, 0x0000, 0x0000, 0x0000, 0x0000, 0x0000, 0x0000, 0x0000, 0x0000, 0x0000, 
  0x0000, 0x0000, 0x0000, 0x0000, 0x0000, 0x0000, 0x0000, 0x0000, 0x0000, 0x0000, 0x0000, 0x0000, 
  0x0000, 0x0000, 0x0000, 0x0000, 0x0000, 0x0000, 0x0000, 0x0000, 0x0000, 0x0000, 0x0000, 0x0000, 
  0x0000, 0x0000, 0x0000, 0x0000, 0x0000, 0x0000, 0x0000, 0x0000, 0x0000, 0x0000, 0x0000, 0x0000, 
  0x0000, 0x0000, 0x0000, 0x0000, 0x0000, 0x0000, 0x0000, 0x0000, 0x0000, 0x0000, 0x0000, 0x0000, 
  0x0000, 0x0000, 0x0000, 0x0000, 0x0000, 0x0000, 0x0000, 0x0000, 0x0000, 0x0000, 0x0000, 0x0000, 
  0x0000, 0x0000, 0x0000, 0x0000, 0x0000, 0xBE5A, 0xBE5A, 0xBE5A, 0xBE5A, 0xBE5A, 0x0000, 0x0000, 
  0x0000, 0x0000, 0x0000, 0x0000, 0x0000, 0x0000, 0x0000, 0x0000, 0x0000, 0x0000, 0x0000, 0x0000, 
  0x0000, 0x0000, 0x0000, 0x0000, 0x0000, 0x0000, 0x0000, 0x0000, 0x0000, 0x0000, 0x0000, 0x0000, 
  0x0000, 0x0000, 0x0000, 0x0000, 0x0000, 0x0000, 0x0000, 0x0000, 0x0000, 0x0000, 0x0000, 0x0000, 
  0x0000, 0x0000, 0x0000, 0xBE5A, 0xBE5A, 0xBE5A, 0xBE5A, 0xBE5A, 0xBE5A, 0xBE5A, 0xBE5A, 0xBE5A, 
  0x0000, 0x0000, 0x0000, 0x0000, 0x0000, 0x0000, 0x0000, 0x0000, 0x0000, 0x0000, 0x0000, 0x0000, 
  0x0000, 0x0000, 0x0000, 0x0000, 0x0000, 0x0000, 0x0000, 0x0000, 0x0000, 0x0000, 0x0000, 0x0000, 
  0x0000, 0x0000, 0x0000, 0x0000, 0x0000, 0x0000, 0x0000, 0x0000, 0x0000, 0x0000, 0xBE5A, 0xBE5A, 
  0xBE5A, 0xBE5A, 0xBE5A, 0xBE5A, 0xBE5A, 0xBE5A, 0xBE5A, 0xBE5A, 0xBE5A, 0xBE5A, 0xBE5A, 0xBE5A, 
  0xBE5A, 0xBE5A, 0xBE5A, 0xBE5A, 0xBE5A, 0x0000, 0x0000, 0x0000, 0x0000, 0x0000, 0x0000, 0x0000, 
  0x0000, 0x0000, 0x0000, 0x0000, 0x0000, 0x0000, 0x0000, 0x0000, 0x0000, 0x0000, 0x0000, 0x0000, 
  0x0000, 0x0000, 0x0000, 0x0000, 0x0000, 0x0000, 0x0000, 0x0000, 0xBE5A, 0xBE5A, 0xBE5A, 0xBE5A, 
  0xBE5A, 0xBE5A, 0xBE5A, 0xBE5A, 0xBE5A, 0xBE5A, 0xBE5A, 0xBE5A, 0xBE5A, 0xBE5A, 0xBE5A, 0xBE5A, 
  0xBE5A, 0xBE5A, 0xBE5A, 0xBE5A, 0xBE5A, 0xBE5A, 0xBE5A, 0x0000, 0x0000, 0x0000, 0x0000, 0x0000, 
  0x0000, 0x0000, 0x0000, 0x0000, 0x0000, 0x0000, 0x0000, 0x0000, 0x0000, 0x0000, 0x0000, 0x0000, 
  0x0000, 0x0000, 0x0000, 0x0000, 0x0000, 0x0000, 0x0000, 0xBE5A, 0xBE5A, 0xBE5A, 0xBE5A, 0xBE5A, 
  0xBE5A, 0xBE5A, 0xBE5A, 0xBE5A, 0xBE5A, 0xBE5A, 0xBE5A, 0xBE5A, 0xBE5A, 0xBE5A, 0xBE5A, 0xBE5A, 
  0xBE5A, 0xBE5A, 0xBE5A, 0xBE5A, 0xBE5A, 0xBE5A, 0xBE5A, 0xBE5A, 0x0000, 0x0000, 0x0000, 0x0000, 
  0x0000, 0x0000, 0x0000, 0x0000, 0x0000, 0x0000, 0x0000, 0x0000, 0x0000, 0x0000, 0x0000, 0x0000, 
  0x0000, 0x0000, 0x0000, 0x0000, 0x0000, 0x0000, 0xBE5A, 0xBE5A, 0xBE5A, 0xBE5A, 0xBE5A, 0xBE5A, 
  0xBE5A, 0xBE5A, 0xBE5A, 0xBE5A, 0xBE5A, 0xBE5A, 0xBE5A, 0xBE5A, 0xBE5A, 0xBE5A, 0xBE5A, 0xBE5A, 
  0xBE5A, 0xBE5A, 0xBE5A, 0xBE5A, 0xBE5A, 0xBE5A, 0xBE5A, 0xBE5A, 0xBE5A, 0x0000, 0x0000, 0x0000, 
  0x0000, 0x0000, 0x0000, 0x0000, 0x0000, 0x0000, 0x0000, 0x0000, 0x0000, 0x0000, 0x0000, 0x0000, 
  0x0000, 0xBE5A, 0xBE5A, 0xBE5A, 0xBE5A, 0xBE5A, 0xBE5A, 0xBE5A, 0xBE5A, 0xBE5A, 0xBE5A, 0xBE5A, 
  0xBE5A, 0xBE5A, 0xBE5A, 0xBE5A, 0xBE5A, 0xBE5A, 0xBE5A, 0xBE5A, 0xBE5A, 0xBE5A, 0xBE5A, 0xBE5A, 
  0xBE5A, 0xBE5A, 0xBE5A, 0xBE5A, 0xBE5A, 0xBE5A, 0xBE5A, 0xBE5A, 0xBE5A, 0xBE5A, 0x0000, 0x0000, 
  0x0000, 0x0000, 0x0000, 0x0000, 0x0000, 0x0000, 0x0000, 0x0000, 0x0000, 0x0000, 0x0000, 0xBE5A, 
  0xBE5A, 0xBE5A, 0xBE5A, 0xBE5A, 0xBE5A, 0xBE5A, 0xBE5A, 0xBE5A, 0xBE5A, 0xBE5A, 0xBE5A, 0xBE5A, 
  0xBE5A, 0xBE5A, 0xBE5A, 0xBE5A, 0xBE5A, 0xBE5A, 0xBE5A, 0xBE5A, 0xBE5A, 0xBE5A, 0xBE5A, 0xBE5A, 
  0xBE5A, 0xBE5A, 0xBE5A, 0xBE5A, 0xBE5A, 0xBE5A, 0xBE5A, 0xBE5A, 0xBE5A, 0xBE5A, 0x0000, 0x0000, 
  0x0000, 0x0000, 0x0000, 0x0000, 0x0000, 0x0000, 0x0000, 0x0000, 0x0000, 0xBE5A, 0xBE5A, 0xBE5A, 
  0xBE5A, 0xBE5A, 0xBE5A, 0xBE5A, 0xBE5A, 0xBE5A, 0xBE5A, 0xBE5A, 0xBE5A, 0xBE5A, 0xBE5A, 0xBE5A, 
  0xBE5A, 0xBE5A, 0xBE5A, 0xBE5A, 0xBE5A, 0xBE5A, 0xBE5A, 0xBE5A, 0xBE5A, 0xBE5A, 0xBE5A, 0xBE5A, 
  0xBE5A, 0xBE5A, 0xBE5A, 0xBE5A, 0xBE5A, 0xBE5A, 0xBE5A, 0xBE5A, 0xBE5A, 0xBE5A, 0xBE5A, 0x0000, 
  0x0000, 0x0000, 0x0000, 0x0000, 0x0000, 0x0000, 0x0000, 0x0000, 0xBE5A, 0xBE5A, 0xBE5A, 0xBE5A, 
  0xBE5A, 0xBE5A, 0xBE5A, 0xBE5A, 0xBE5A, 0xBE5A, 0xBE5A, 0xBE5A, 0xBE5A, 0xBE5A, 0xBE5A, 0xBE5A, 
  0xBE5A, 0xBE5A, 0xBE5A, 0xBE5A, 0xBE5A, 0xBE5A, 0xBE5A, 0xBE5A, 0xBE5A, 0xBE5A, 0xBE5A, 0xBE5A, 
  0xBE5A, 0xBE5A, 0xBE5A, 0xBE5A, 0xBE5A, 0xBE5A, 0xBE5A, 0xBE5A, 0xBE5A, 0xBE5A, 0xBE5A, 0x0000, 
  0x0000, 0x0000, 0x0000, 0x0000, 0x0000, 0x0000, 0x0000, 0x0000, 0xBE5A, 0xBE5A, 0xBE5A, 0xBE5A, 
  0xBE5A, 0xBE5A, 0xBE5A, 0xBE5A, 0xBE5A, 0xBE5A, 0xBE5A, 0xBE5A, 0xBE5A, 0xBE5A, 0xBE5A, 0xBE5A, 
  0xBE5A, 0xBE5A, 0xBE5A, 0xBE5A, 0xBE5A, 0xBE5A, 0xBE5A, 0xBE5A, 0xBE5A, 0xBE5A, 0xBE5A, 0xBE5A, 
  0xBE5A, 0xBE5A, 0xBE5A, 0xBE5A, 0xBE5A, 0xBE5A, 0xBE5A, 0xBE5A, 0xBE5A, 0xBE5A, 0xBE5A, 0x0000, 
  0x0000, 0x0000, 0x0000, 0x0000, 0x0000, 0x0000, 0x0000, 0xBE5A, 0xBE5A, 0xBE5A, 0xBE5A, 0xBE5A, 
  0xBE5A, 0xBE5A, 0xBE5A, 0xBE5A, 0xBE5A, 0xBE5A, 0xBE5A, 0xBE5A, 0xBE5A, 0xBE5A, 0xBE5A, 0xBE5A, 
  0xBE5A, 0xBE5A, 0xBE5A, 0xBE5A, 0xBE5A, 0xBE5A, 0xBE5A, 0xBE5A, 0xBE5A, 0xBE5A, 0xBE5A, 0xBE5A, 
  0xBE5A, 0xBE5A, 0xBE5A, 0xBE5A, 0xBE5A, 0xBE5A, 0xBE5A, 0xBE5A, 0xBE5A, 0xBE5A, 0xBE5A, 0x0000, 
  0x0000, 0x0000, 0x0000, 0x0000, 0x0000, 0x0000, 0x0000, 0xBE5A, 0xBE5A, 0xBE5A, 0xBE5A, 0xBE5A, 
  0xBE5A, 0xBE5A, 0xBE5A, 0xBE5A, 0xBE5A, 0xBE5A, 0xBE5A, 0xBE5A, 0xBE5A, 0xBE5A, 0xBE5A, 0xBE5A, 
  0xBE5A, 0xBE5A, 0xBE5A, 0xBE5A, 0xBE5A, 0xBE5A, 0xBE5A, 0xBE5A, 0xBE5A, 0xBE5A, 0xBE5A, 0xBE5A, 
  0xBE5A, 0xBE5A, 0xBE5A, 0xBE5A, 0xBE5A, 0xBE5A, 0xBE5A, 0xBE5A, 0xBE5A, 0xBE5A, 0xBE5A, 0x0000, 
  0x0000, 0x0000, 0x0000, 0x0000, 0x0000, 0x0000, 0xBE5A, 0xBE5A, 0xBE5A, 0xBE5A, 0xBE5A, 0xBE5A, 
  0xBE5A, 0xBE5A, 0xBE5A, 0xBE5A, 0xBE5A, 0xBE5A, 0xBE5A, 0xBE5A, 0xBE5A, 0xBE5A, 0xBE5A, 0xBE5A, 
  0xBE5A, 0xBE5A, 0xBE5A, 0xBE5A, 0xBE5A, 0xBE5A, 0xBE5A, 0xBE5A, 0xBE5A, 0xBE5A, 0xBE5A, 0xBE5A, 
  0xBE5A, 0xBE5A, 0xBE5A, 0xBE5A, 0xBE5A, 0xBE5A, 0xBE5A, 0xBE5A, 0xBE5A, 0xBE5A, 0x0000, 0x0000, 
  0x0000, 0x0000, 0x0000, 0x0000, 0x0000, 0x0000, 0xBE5A, 0xBE5A, 0xBE5A, 0xBE5A, 0xBE5A, 0xBE5A, 
  0xBE5A, 0xBE5A, 0xBE5A, 0xBE5A, 0xBE5A, 0xBE5A, 0xBE5A, 0xBE5A, 0xBE5A, 0xBE5A, 0xBE5A, 0xBE5A, 
  0xBE5A, 0xBE5A, 0xBE5A, 0xBE5A, 0xBE5A, 0xBE5A, 0xBE5A, 0xBE5A, 0xBE5A, 0xBE5A, 0xBE5A, 0xBE5A, 
  0xBE5A, 0xBE5A, 0xBE5A, 0xBE5A, 0xBE5A, 0xBE5A, 0xBE5A, 0xBE5A, 0xBE5A, 0xBE5A, 0x0000, 0x0000, 
  0x0000, 0x0000, 0x0000, 0x0000, 0x0000, 0x0000, 0xBE5A, 0xBE5A, 0xBE5A, 0xBE5A, 0xBE5A, 0xBE5A, 
  0xBE5A, 0xBE5A, 0xBE5A, 0xBE5A, 0xBE5A, 0xBE5A, 0xBE5A, 0xBE5A, 0xBE5A, 0xBE5A, 0xBE5A, 0xBE5A, 
  0xBE5A, 0xBE5A, 0xBE5A, 0xBE5A, 0xBE5A, 0xBE5A, 0xBE5A, 0xBE5A, 0xBE5A, 0xBE5A, 0xBE5A, 0xBE5A, 
  0xBE5A, 0xBE5A, 0xBE5A, 0xBE5A, 0xBE5A, 0xBE5A, 0xBE5A, 0xBE5A, 0xBE5A, 0x0000, 0x0000, 0x0000, 
  0x0000, 0x0000, 0x0000, 0x0000, 0x0000, 0x0000, 0xBE5A, 0xBE5A, 0xBE5A, 0xBE5A, 0xBE5A, 0xBE5A, 
  0xBE5A, 0xBE5A, 0xBE5A, 0xBE5A, 0xBE5A, 0xBE5A, 0xBE5A, 0xBE5A, 0xBE5A, 0xBE5A, 0xBE5A, 0xBE5A, 
  0xBE5A, 0xBE5A, 0xBE5A, 0xBE5A, 0xBE5A, 0xBE5A, 0xBE5A, 0xBE5A, 0xBE5A, 0xBE5A, 0xBE5A, 0xBE5A, 
  0xBE5A, 0xBE5A, 0xBE5A, 0xBE5A, 0xBE5A, 0xBE5A, 0xBE5A, 0xBE5A, 0x0000, 0x0000, 0x0000, 0x0000, 
  0x0000, 0x0000, 0x0000, 0x0000, 0x0000, 0x0000, 0xBE5A, 0xBE5A, 0xBE5A, 0xBE5A, 0xBE5A, 0xBE5A, 
  0xBE5A, 0xBE5A, 0xBE5A, 0xBE5A, 0xBE5A, 0xBE5A, 0xBE5A, 0xBE5A, 0xBE5A, 0xBE5A, 0xBE5A, 0xBE5A, 
  0xBE5A, 0xBE5A, 0xBE5A, 0xBE5A, 0xBE5A, 0xBE5A, 0xBE5A, 0xBE5A, 0xBE5A, 0xBE5A, 0xBE5A, 0xBE5A, 
  0xBE5A, 0xBE5A, 0xBE5A, 0xBE5A, 0xBE5A, 0xBE5A, 0xBE5A, 0x0000, 0x0000, 0x0000, 0x0000, 0x0000, 
  0x0000, 0x0000, 0x0000, 0x0000, 0x0000, 0x0000, 0x0000, 0xBE5A, 0xBE5A, 0xBE5A, 0xBE5A, 0xBE5A, 
  0xBE5A, 0xBE5A, 0xBE5A, 0xBE5A, 0xBE5A, 0xBE5A, 0xBE5A, 0xBE5A, 0xBE5A, 0xBE5A, 0xBE5A, 0xBE5A, 
  0xBE5A, 0xBE5A, 0xBE5A, 0xBE5A, 0xBE5A, 0xBE5A, 0xBE5A, 0xBE5A, 0xBE5A, 0xBE5A, 0xBE5A, 0xBE5A, 
  0xBE5A, 0xBE5A, 0xBE5A, 0xBE5A, 0xBE5A, 0xBE5A, 0xBE5A, 0x0000, 0x0000, 0x0000, 0x0000, 0x0000, 
  0x0000, 0x0000, 0x0000, 0x0000, 0x0000, 0x0000, 0x0000, 0xBE5A, 0xBE5A, 0xBE5A, 0xBE5A, 0xBE5A, 
  0xBE5A, 0xBE5A, 0xBE5A, 0xBE5A, 0xBE5A, 0xBE5A, 0xBE5A, 0xBE5A, 0xBE5A, 0xBE5A, 0xBE5A, 0xBE5A, 
  0xBE5A, 0xBE5A, 0xBE5A, 0xBE5A, 0xBE5A, 0xBE5A, 0xBE5A, 0xBE5A, 0xBE5A, 0xBE5A, 0xBE5A, 0xBE5A, 
  0xBE5A, 0xBE5A, 0xBE5A, 0xBE5A, 0xBE5A, 0xBE5A, 0x0000, 0x0000, 0x0000, 0x0000, 0x0000, 0x0000, 
  0x0000, 0x0000, 0x0000, 0x0000, 0x0000, 0x0000, 0x0000, 0x0000, 0xBE5A, 0xBE5A, 0xBE5A, 0xBE5A, 
  0xBE5A, 0xBE5A, 0xBE5A, 0xBE5A, 0xBE5A, 0xBE5A, 0xBE5A, 0xBE5A, 0xBE5A, 0xBE5A, 0xBE5A, 0xBE5A, 
  0xBE5A, 0xBE5A, 0xBE5A, 0xBE5A, 0xBE5A, 0xBE5A, 0xBE5A, 0xBE5A, 0xBE5A, 0xBE5A, 0xBE5A, 0xBE5A, 
  0xBE5A, 0xBE5A, 0xBE5A, 0xBE5A, 0xBE5A, 0x0000, 0x0000, 0x0000, 0x0000, 0x0000, 0x0000, 0x0000, 
  0x0000, 0x0000, 0x0000, 0x0000, 0x0000, 0x0000, 0x0000, 0x0000, 0xBE5A, 0xBE5A, 0xBE5A, 0xBE5A, 
  0xBE5A, 0xBE5A, 0xBE5A, 0xBE5A, 0xBE5A, 0xBE5A, 0xBE5A, 0xBE5A, 0xBE5A, 0xBE5A, 0xBE5A, 0xBE5A, 
  0xBE5A, 0xBE5A, 0xBE5A, 0xBE5A, 0xBE5A, 0xBE5A, 0xBE5A, 0xBE5A, 0xBE5A, 0xBE5A, 0xBE5A, 0xBE5A, 
  0xBE5A, 0xBE5A, 0xBE5A, 0xBE5A, 0xBE5A, 0x0000, 0x0000, 0x0000, 0x0000, 0x0000, 0x0000, 0x0000, 
  0x0000, 0x0000, 0x0000, 0x0000, 0x0000, 0x0000, 0x0000, 0x0000, 0x0000, 0xBE5A, 0xBE5A, 0xBE5A, 
  0xBE5A, 0xBE5A, 0xBE5A, 0xBE5A, 0xBE5A, 0xBE5A, 0xBE5A, 0xBE5A, 0xBE5A, 0xBE5A, 0xBE5A, 0xBE5A, 
  0xBE5A, 0xBE5A, 0xBE5A, 0xBE5A, 0xBE5A, 0xBE5A, 0xBE5A, 0xBE5A, 0xBE5A, 0xBE5A, 0xBE5A, 0xBE5A, 
  0xBE5A, 0xBE5A, 0xBE5A, 0xBE5A, 0x0000, 0x0000, 0x0000, 0x0000, 0x0000, 0x0000, 0x0000, 0x0000, 
  0x0000, 0x0000, 0x0000, 0x0000, 0x0000, 0x0000, 0x0000, 0x0000, 0x0000, 0x0000, 0xBE5A, 0xBE5A, 
  0xBE5A, 0xBE5A, 0xBE5A, 0xBE5A, 0xBE5A, 0xBE5A, 0xBE5A, 0xBE5A, 0xBE5A, 0xBE5A, 0xBE5A, 0xBE5A, 
  0xBE5A, 0xBE5A, 0xBE5A, 0xBE5A, 0xBE5A, 0xBE5A, 0xBE5A, 0xBE5A, 0xBE5A, 0xBE5A, 0xBE5A, 0xBE5A, 
  0xBE5A, 0xBE5A, 0xBE5A, 0x0000, 0x0000, 0x0000, 0x0000, 0x0000, 0x0000, 0x0000, 0x0000, 0x0000, 
  0x0000, 0x0000, 0x0000, 0x0000, 0x0000, 0x0000, 0x0000, 0x0000, 0x0000, 0x0000, 0xBE5A, 0xBE5A, 
  0xBE5A, 0xBE5A, 0xBE5A, 0xBE5A, 0xBE5A, 0xBE5A, 0xBE5A, 0xBE5A, 0xBE5A, 0xBE5A, 0xBE5A, 0xBE5A, 
  0xBE5A, 0xBE5A, 0xBE5A, 0xBE5A, 0xBE5A, 0xBE5A, 0xBE5A, 0xBE5A, 0xBE5A, 0xBE5A, 0xBE5A, 0xBE5A, 
  0xBE5A, 0xBE5A, 0xBE5A, 0x0000, 0x0000, 0x0000, 0x0000, 0x0000, 0x0000, 0x0000, 0x0000, 0x0000, 
  0x0000, 0x0000, 0x0000, 0x0000, 0x0000, 0x0000, 0x0000, 0x0000, 0x0000, 0x0000, 0x0000, 0x0000, 
  0x0000, 0x0000, 0x0000, 0x0000, 0x0000, 0x0000, 0x0000, 0x0000, 0x0000, 0x0000, 0x0000, 0x0000, 
  0x0000, 0x0000, 0x0000, 0x0000, 0x0000, 0x0000, 0x0000, 0x0000, 0x0000, 0x0000, 0x0000, 0x0000, 
  0x0000, 0x0000, 0x0000, 0x0000, 0x0000, 0x0000, 0x0000, 0x0000, 0x0000, 0x0000, 0x0000, 0x0000, 
  0x0000, 0x0000, 0x0000, 0x0000, 0x0000, 0x0000, 0x0000, 0x0000, 0x0000, 0x0000, 0x0000, 0x0000, 
  0x0000, 0x0000, 0x0000, 0x0000, 0x0000, 0x0000, 0x0000, 0x0000, 0x0000, 0x0000, 0x0000, 0x0000, 
  0x0000, 0x0000, 0x0000, 0x0000, 0x0000, 0x0000, 0x0000, 0x0000, 0x0000, 0x0000, 0x0000, 0x0000, 
  0x0000, 0x0000, 0x0000, 0x0000, 0x0000, 0x0000, 0x0000, 0x0000, 0x0000, 0x0000, 0x0000, 0x0000, 
  0x0000, 0x0000, 0x0000, 0x0000, 0x0000, 0x0000, 0x0000, 0x0000, 0x0000, 0x0000, 0x0000, 0x0000, 
  0x0000, 0x0000, 0x0000, 0x0000, 0x0000, 0x0000, 0x0000, 0x0000, 0x0000, 0x0000, 0x0000, 0x0000, 
  0x0000, 0x0000, 0x0000, 0x0000, 0x0000, 0x0000, 0x0000, 0x0000, 0x0000, 0x0000, 0x0000, 0x0000, 
  0x0000, 0x0000, 0x0000, 0x0000, 0x0000, 0x0000, 0x0000, 0x0000, 0x0000, 0x0000, 0x0000, 0x0000, 
  0x0000, 0x0000, 0x0000, 0x0000, 0x0000, 0x0000, 0x0000, 0x0000, 0x0000, 0x0000, 0x0000, 0x0000, 
  0x0000, 0x0000, 0x0000, 0x0000, 0x0000, 0x0000, 0x0000, 0x0000, 0x0000, 0x0000, 0x0000, 0x0000, 
  0x0000, 0x0000, 0x0000, 0x0000, 0x0000, 0x0000, 0x0000, 0x0000, 0x0000, 0x0000, 0x0000, 0x0000, 
  0x0000, 0x0000, 0x0000, 0x0000, 0x0000, 0x0000, 0x0000, 0x0000, 0x0000, 0x0000, 0x0000, 0x0000, 
  0x0000, 0x0000, 0x0000, 0x0000, 0x0000, 0x0000, 0x0000, 0x0000, 0x0000, 0x0000, 0x0000, 0x0000, 
  0x0000, 0x0000, 0x0000, 0x0000, 0x0000, 0x0000, 0x0000, 0x0000, 0x0000, 0x0000, 0x0000, 0x0000, 
  0x0000, 0x0000, 0x0000, 0x0000, 0x0000, 0x0000, 0x0000, 0x0000, 0x0000, 0x0000, 0x0000, 0x0000, 
  0x0000, 0x0000, 0x0000, 0x0000, 0x0000, 0x0000, 0x0000, 0x0000, 0x0000, 0x0000, 0x0000, 0x0000, 
  0x0000, 0x0000, 0x0000, 0x0000, 0x0000, 0x0000, 0x0000, 0x0000, 0x0000, 0x0000, 0x0000, 0x0000, 
  0x0000, 0x0000, 0x0000, 0x0000, 0x0000, 0x0000, 0x0000, 0x0000, 0x0000, 0x0000, 0x0000, 0x0000, 
  0x0000, 0x0000, 0x0000, 0x0000, 0x0000, 0x0000, 0x0000, 0x0000, 0x0000, 0x0000, 0x0000, 0x0000, 
  0x0000, 0x0000, 0x0000, 0x0000, 0x0000, 0x0000, 0x0000, 0x0000, 0x0000, 0x0000, 0x0000, 0x0000, 
  0x0000, 0x0000, 0x0000, 0x0000, 0x0000, 0x0000, 0x0000, 0x0000, 0x0000, 0x0000, 0x0000, 0x0000, 
  0x0000, 0x0000, 0x0000, 0x0000, 0x0000, 0x0000, 0x0000, 0x0000, 0x0000, 0x0000, 0x0000, 0x0000, 
  0x0000, 0x0000, 0x0000, 0x0000, 0x0000, 0x0000, 0x0000, 0x0000, 0x0000, 0x0000, 0x0000, 0x0000, 
  0x0000, 0x0000, 0x0000, 0x0000, 0x0000, 0x0000, 0x0000, 0x0000, 0x0000, 0x0000, 0x0000, 0x0000, 
  0x0000, 0x0000, 0x0000, 0x0000, 0x0000, 0x0000, 0x0000, 0x0000, 0x0000, 0x0000, 0x0000, 0x0000, 
  0x0000, 0x0000, 0x0000, 0x0000, 0x0000, 0x0000, 0x0000, 0x0000, 0x0000, 0x0000, 0x0000, 0x0000, 
  0x0000, 0x0000, 0x0000, 0x0000, 0x0000, 0x0000, 0x0000, 0x0000, 0x0000, 0x0000, 0x0000, 0x0000, 
  0x0000, 0x0000, 0x0000, 0x0000, 0x0000, 0x0000, 0x0000, 0x0000, 0x0000, 0x0000, 0x0000, 0x0000, 
  0x0000, 0x0000, 0x0000, 0x0000, 0x0000, 0x0000, 0x0000, 0x0000, 0x0000, 0x0000, 0x0000, 0x0000, 
  0x0000, 0x0000, 0x0000, 0x0000, 0x0000, 0x0000, 0x0000, 0x0000, 0x0000, 0x0000, 0x0000, 0x0000, 
  0x0000, 0x0000, 0x0000, 0x0000, 0x0000, 0x0000, 0x0000, 0x0000, 0x0000, 0x0000, 0x0000, 0x0000, 
  0x0000, 0x0000, 0x0000, 0x0000, 0x0000, 0x0000, 0x0000, 0x0000, 0x0000, 0x0000, 0x0000, 0x0000, 
  0x0000, 0x0000, 0x0000, 0x0000, 0x0000, 0x0000, 0x0000, 0x0000, 0x0000, 0x0000, 0x0000, 0x0000, 
  0x0000, 0x0000, 0x0000, 0x0000, 0x0000, 0x0000, 0x0000, 0x0000, 0x0000, 0x0000, 0x0000, 0x0000, 
  0x0000, 0x0000, 0x0000, 0x0000, 0x0000, 0x0000, 0x0000, 0x0000, 0x0000, 0x0000, 0x0000, 0x0000, 
  0x0000, 0x0000, 0x0000, 0x0000, 0x0000, 0x0000, 0x0000, 0x0000, 0x0000, 0x0000, 0x0000, 0x0000, 
  0x0000, 0x0000, 0x0000, 0x0000, 0x0000, 0x0000, 0x0000, 0x0000, 0x0000, 0x0000, 0x0000, 0x0000, 
  0x0000, 0x0000, 0x0000, 0x0000, 0x0000, 0x0000, 0x0000, 0x0000, 0x0000, 0x0000, 0x0000, 0x0000, 
  0x0000, 0x0000, 0x0000, 0x0000, 0x0000, 0x0000, 0x0000, 0x0000, 0x0000, 0x0000, 0x0000, 0x0000, 
  0x0000, 0x0000, 0x0000, 0x0000, 0x0000, 0x0000, 0x0000, 0x0000, 0x0000, 0x0000, 0x0000, 0x0000
};

// 3 - Rain
const uint16_t PROGMEM WEATHER48_ICON_3[WEATHER48_W*WEATHER48_H] = {
  0x0000, 0x0000, 0x0000, 0x0000, 0x0000, 0x0000, 0x0000, 0x0000, 0x0000, 0x0000, 0x0000, 0x0000, 
  0x0000, 0x0000, 0x0000, 0x0000, 0x0000, 0x0000, 0x0000, 0x0000, 0x0000, 0x0000, 0x0000, 0x0000, 
  0x0000, 0x0000, 0x0000, 0x0000, 0x0000, 0x0000, 0x0000, 0x0000, 0x0000, 0x0000, 0x0000, 0x0000, 
  0x0000, 0x0000, 0x0000, 0x0000, 0x0000, 0x0000, 0x0000, 0x0000, 0x0000, 0x0000, 0x0000, 0x0000, 
  0x0000, 0x0000, 0x0000, 0x0000, 0x0000, 0x0000, 0x0000, 0x0000, 0x0000, 0x0000, 0x0000, 0x0000, 
  0x0000, 0x0000, 0x0000, 0x0000, 0x0000, 0x0000, 0x0000, 0x0000, 0x0000, 0x0000, 0x0000, 0x0000, 
  0x0000, 0x0000, 0x0000, 0x0000, 0x0000, 0x0000, 0x0000, 0x0000, 0x0000, 0x0000, 0x0000, 0x0000, 
  0x0000, 0x0000, 0x0000, 0x0000, 0x0000, 0x0000, 0x0000, 0x0000, 0x0000, 0x0000, 0x0000, 0x0000, 
  0x0000, 0x0000, 0x0000, 0x0000, 0x0000, 0x0000, 0x0000, 0x0000, 0x0000, 0x0000, 0x0000, 0x0000, 
  0x0000, 0x0000, 0x0000, 0x0000, 0x0000, 0x0000, 0x0000, 0x0000, 0x0000, 0x0000, 0x0000, 0x0000, 
  0x0000, 0x0000, 0x0000, 0x0000, 0x0000, 0x0000, 0x0000, 0x0000, 0x0000, 0x0000, 0x0000, 0x0000, 
  0x0000, 0x0000, 0x0000, 0x0000, 0x0000, 0x0000, 0x0000, 0x0000, 0x0000, 0x0000, 0x0000, 0x0000, 
  0x0000, 0x0000, 0x0000, 0x0000, 0x0000, 0x0000, 0x0000, 0x0000, 0x0000, 0x0000, 0x0000, 0x0000, 
  0x0000, 0x0000, 0x0000, 0x0000, 0x0000, 0x0000, 0x0000, 0x0000, 0x0000, 0x0000, 0x0000, 0x0000, 
  0x0000, 0x0000, 0x0000, 0x0000, 0x0000, 0x0000, 0x0000, 0x0000, 0x0000, 0x0000, 0x0000, 0x0000, 
  0x0000, 0x0000, 0x0000, 0x0000, 0x0000, 0x0000, 0x0000, 0x0000, 0x0000, 0x0000, 0x0000, 0x0000, 
  0x0000, 0x0000, 0x0000, 0x0000, 0x0000, 0x0000, 0x0000, 0x0000, 0x0000, 0x0000, 0x0000, 0x0000, 
  0x0000, 0x0000, 0x0000, 0x0000, 0x0000, 0x0000, 0x0000, 0x0000, 0x0000, 0x0000, 0x0000, 0x0000, 
  0x0000, 0x0000, 0x0000, 0x0000, 0x0000, 0x0000, 0x0000, 0x0000, 0x0000, 0x0000, 0x0000, 0x0000, 
  0x0000, 0x0000, 0x0000, 0x0000, 0x0000, 0x0000, 0x0000, 0x0000, 0x0000, 0x0000, 0x0000, 0x0000, 
  0x0000, 0x0000, 0x0000, 0x0000, 0x0000, 0x0000, 0x0000, 0x0000, 0x0000, 0x0000, 0x0000, 0x0000, 
  0x0000, 0x0000, 0x0000, 0x0000, 0x0000, 0x0000, 0x0000, 0x0000, 0x0000, 0x0000, 0x0000, 0x0000, 
  0x0000, 0x0000, 0x0000, 0x0000, 0x0000, 0x0000, 0x0000, 0x0000, 0x0000, 0x0000, 0x0000, 0x0000, 
  0x0000, 0x0000, 0x0000, 0x0000, 0x0000, 0x0000, 0x0000, 0x0000, 0x0000, 0x0000, 0x0000, 0x0000, 
  0x0000, 0x0000, 0x0000, 0x0000, 0x0000, 0x0000, 0x0000, 0x0000, 0x0000, 0x0000, 0x0000, 0x0000, 
  0x0000, 0x0000, 0x0000, 0x0000, 0x0000, 0x0000, 0x0000, 0x0000, 0x0000, 0x0000, 0x0000, 0x0000, 
  0x0000, 0x0000, 0x0000, 0x0000, 0x0000, 0x0000, 0x0000, 0x0000, 0x0000, 0x0000, 0x0000, 0x0000, 
  0x0000, 0x0000, 0x0000, 0x0000, 0x0000, 0x0000, 0x0000, 0x0000, 0x0000, 0x0000, 0x0000, 0x0000, 
  0x0000, 0x0000, 0x0000, 0x0000, 0x0000, 0x0000, 0x0000, 0x0000, 0x0000, 0x0000, 0x0000, 0x0000, 
  0x0000, 0x0000, 0x0000, 0x0000, 0x0000, 0x0000, 0x0000, 0x0000, 0x0000, 0x0000, 0x0000, 0x0000, 
  0x0000, 0x0000, 0x0000, 0x0000, 0x0000, 0x0000, 0x0000, 0x0000, 0x0000, 0x0000, 0x0000, 0x0000, 
  0x0000, 0x0000, 0x0000, 0x0000, 0x0000, 0x0000, 0x0000, 0x0000, 0x0000, 0x0000, 0x0000, 0x0000, 
  0x0000, 0x0000, 0x0000, 0x0000, 0x0000, 0x0000, 0x0000, 0x0000, 0x0000, 0x0000, 0x0000, 0x0000, 
  0x0000, 0x0000, 0x0000, 0x0000, 0x0000, 0x0000, 0x0000, 0x0000, 0x0000, 0x0000, 0x0000, 0x0000, 
  0x0000, 0x0000, 0x0000, 0x0000, 0x0000, 0x0000, 0x0000, 0x0000, 0x0000, 0x0000, 0x0000, 0x0000, 
  0x0000, 0x0000, 0x0000, 0x0000, 0x0000, 0x0000, 0x0000, 0x0000, 0x0000, 0x0000, 0x0000, 0x0000, 
  0x0000, 0x0000, 0x0000, 0x0000, 0x0000, 0x0000, 0x0000, 0x0000, 0x0000, 0x0000, 0x0000, 0x0000, 
  0x0000, 0x0000, 0x0000, 0x0000, 0x0000, 0x0000, 0x0000, 0x0000, 0x0000, 0x0000, 0x0000, 0x0000, 
  0x0000, 0x0000, 0x0000, 0x0000, 0x0000, 0x0000, 0x0000, 0x0000, 0x0000, 0x0000, 0x0000, 0x0000, 
  0x0000, 0x0000, 0x0000, 0x0000, 0x0000, 0x0000, 0x0000, 0x0000, 0x0000, 0x0000, 0x0000, 0x0000, 
  0x0000, 0x0000, 0x0000, 0x0000, 0x0000, 0x0000, 0x0000, 0x0000, 0x0000, 0x0000, 0x0000, 0x0000, 
  0x0000, 0x0000, 0x0000, 0x0000, 0x0000, 0x0000, 0x0000, 0x0000, 0x0000, 0x0000, 0x0000, 0x0000, 
  0x0000, 0x0000, 0x0000, 0x0000, 0x0000, 0x0000, 0x0000, 0x0000, 0x0000, 0x0000, 0x0000, 0x0000, 
  0x0000, 0x0000, 0x0000, 0x0000, 0x0000, 0x0000, 0x0000, 0x0000, 0x0000, 0x0000, 0x0000, 0x0000, 
  0x0000, 0x0000, 0x0000, 0x0000, 0x0000, 0x0000, 0x0000, 0x0000, 0x0000, 0x0000, 0x0000, 0x0000, 
  0x0000, 0x0000, 0x0000, 0x0000, 0x0000, 0x0000, 0x0000, 0x0000, 0x0000, 0x0000, 0x0000, 0x0000, 
  0x0000, 0x0000, 0x0000, 0x0000, 0x0000, 0x0000, 0x0000, 0x0000, 0x0000, 0x0000, 0x0000, 0x0000, 
  0x0000, 0x0000, 0x0000, 0x0000, 0x0000, 0x0000, 0x0000, 0x0000, 0x0000, 0x0000, 0x0000, 0x0000, 
  0x0000, 0x0000, 0x0000, 0x0000, 0x0000, 0x0000, 0x0000, 0x0000, 0x0000, 0x0000, 0x0000, 0x0000, 
  0x0000, 0x0000, 0x0000, 0x0000, 0x0000, 0x0000, 0x0000, 0x0000, 0x0000, 0x0000, 0x0000, 0x0000, 
  0x0000, 0x0000, 0x0000, 0x0000, 0x0000, 0xBE5A, 0xBE5A, 0xBE5A, 0xBE5A, 0xBE5A, 0x0000, 0x0000, 
  0x0000, 0x0000, 0x0000, 0x0000, 0x0000, 0x0000, 0x0000, 0x0000, 0x0000, 0x0000, 0x0000, 0x0000, 
  0x0000, 0x0000, 0x0000, 0x0000, 0x0000, 0x0000, 0x0000, 0x0000, 0x0000, 0x0000, 0x0000, 0x0000, 
  0x0000, 0x0000, 0x0000, 0x0000, 0x0000, 0x0000, 0x0000, 0x0000, 0x0000, 0x0000, 0x0000, 0x0000, 
  0x0000, 0x0000, 0x0000, 0xBE5A, 0xBE5A, 0xBE5A, 0xBE5A, 0xBE5A, 0xBE5A, 0xBE5A, 0xBE5A, 0xBE5A, 
  0x0000, 0x0000, 0x0000, 0x0000, 0x0000, 0x0000, 0x0000, 0x0000, 0x0000, 0x0000, 0x0000, 0x0000, 
  0x0000, 0x0000, 0x0000, 0x0000, 0x0000, 0x0000, 0x0000, 0x0000, 0x0000, 0x0000, 0x0000, 0x0000, 
  0x0000, 0x0000, 0x0000, 0x0000, 0x0000, 0x0000, 0x0000, 0x0000, 0x0000, 0x0000, 0xBE5A, 0xBE5A, 
  0xBE5A, 0xBE5A, 0xBE5A, 0xBE5A, 0xBE5A, 0xBE5A, 0xBE5A, 0xBE5A, 0xBE5A, 0xBE5A, 0xBE5A, 0xBE5A, 
  0xBE5A, 0xBE5A, 0xBE5A, 0xBE5A, 0xBE5A, 0x0000, 0x0000, 0x0000, 0x0000, 0x0000, 0x0000, 0x0000, 
  0x0000, 0x0000, 0x0000, 0x0000, 0x0000, 0x0000, 0x0000, 0x0000, 0x0000, 0x0000, 0x0000, 0x0000, 
  0x0000, 0x0000, 0x0000, 0x0000, 0x0000, 0x0000, 0x0000, 0x0000, 0xBE5A, 0xBE5A, 0xBE5A, 0xBE5A, 
  0xBE5A, 0xBE5A, 0xBE5A, 0xBE5A, 0xBE5A, 0xBE5A, 0xBE5A, 0xBE5A, 0xBE5A, 0xBE5A, 0xBE5A, 0xBE5A, 
  0xBE5A, 0xBE5A, 0xBE5A, 0xBE5A, 0xBE5A, 0xBE5A, 0xBE5A, 0x0000, 0x0000, 0x0000, 0x0000, 0x0000, 
  0x0000, 0x0000, 0x0000, 0x0000, 0x0000, 0x0000, 0x0000, 0x0000, 0x0000, 0x0000, 0x0000, 0x0000, 
  0x0000, 0x0000, 0x0000, 0x0000, 0x0000, 0x0000, 0x0000, 0xBE5A, 0xBE5A, 0xBE5A, 0xBE5A, 0xBE5A, 
  0xBE5A, 0xBE5A, 0xBE5A, 0xBE5A, 0xBE5A, 0xBE5A, 0xBE5A, 0xBE5A, 0xBE5A, 0xBE5A, 0xBE5A, 0xBE5A, 
  0xBE5A, 0xBE5A, 0xBE5A, 0xBE5A, 0xBE5A, 0xBE5A, 0xBE5A, 0xBE5A, 0x0000, 0x0000, 0x0000, 0x0000, 
  0x0000, 0x0000, 0x0000, 0x0000, 0x0000, 0x0000, 0x0000, 0x0000, 0x0000, 0x0000, 0x0000, 0x0000, 
  0x0000, 0x0000, 0x0000, 0x0000, 0x0000, 0x0000, 0xBE5A, 0xBE5A, 0xBE5A, 0xBE5A, 0xBE5A, 0xBE5A, 
  0xBE5A, 0xBE5A, 0xBE5A, 0xBE5A, 0xBE5A, 0xBE5A, 0xBE5A, 0xBE5A, 0xBE5A, 0xBE5A, 0xBE5A, 0xBE5A, 
  0xBE5A, 0xBE5A, 0xBE5A, 0xBE5A, 0xBE5A, 0xBE5A, 0xBE5A, 0xBE5A, 0xBE5A, 0x0000, 0x0000, 0x0000, 
  0x0000, 0x0000, 0x0000, 0x0000, 0x0000, 0x0000, 0x0000, 0x0000, 0x0000, 0x0000, 0x0000, 0x0000, 
  0x0000, 0xBE5A, 0xBE5A, 0xBE5A, 0xBE5A, 0xBE5A, 0xBE5A, 0xBE5A, 0xBE5A, 0xBE5A, 0xBE5A, 0xBE5A, 
  0xBE5A, 0xBE5A, 0xBE5A, 0xBE5A, 0xBE5A, 0xBE5A, 0xBE5A, 0xBE5A, 0xBE5A, 0xBE5A, 0xBE5A, 0xBE5A, 
  0xBE5A, 0xBE5A, 0xBE5A, 0xBE5A, 0xBE5A, 0xBE5A, 0xBE5A, 0xBE5A, 0xBE5A, 0xBE5A, 0x0000, 0x0000, 
  0x0000, 0x0000, 0x0000, 0x0000, 0x0000, 0x0000, 0x0000, 0x0000, 0x0000, 0x0000, 0x0000, 0xBE5A, 
  0xBE5A, 0xBE5A, 0xBE5A, 0xBE5A, 0xBE5A, 0xBE5A, 0xBE5A, 0xBE5A, 0xBE5A, 0xBE5A, 0xBE5A, 0xBE5A, 
  0xBE5A, 0xBE5A, 0xBE5A, 0xBE5A, 0xBE5A, 0xBE5A, 0xBE5A, 0xBE5A, 0xBE5A, 0xBE5A, 0xBE5A, 0xBE5A, 
  0xBE5A, 0xBE5A, 0xBE5A, 0xBE5A, 0xBE5A, 0xBE5A, 0xBE5A, 0xBE5A, 0xBE5A, 0xBE5A, 0x0000, 0x0000, 
  0x0000, 0x0000, 0x0000, 0x0000, 0x0000, 0x0000, 0x0000, 0x0000, 0x0000, 0xBE5A, 0xBE5A, 0xBE5A, 
  0xBE5A, 0xBE5A, 0xBE5A, 0xBE5A, 0xBE5A, 0xBE5A, 0xBE5A, 0xBE5A, 0xBE5A, 0xBE5A, 0xBE5A, 0xBE5A, 
  0xBE5A, 0xBE5A, 0xBE5A, 0xBE5A, 0xBE5A, 0xBE5A, 0xBE5A, 0xBE5A, 0xBE5A, 0xBE5A, 0xBE5A, 0xBE5A, 
  0xBE5A, 0xBE5A, 0xBE5A, 0xBE5A, 0xBE5A, 0xBE5A, 0xBE5A, 0xBE5A, 0xBE5A, 0xBE5A, 0xBE5A, 0x0000, 
  0x0000, 0x0000, 0x0000, 0x0000, 0x0000, 0x0000, 0x0000, 0x0000, 0xBE5A, 0xBE5A, 0xBE5A, 0xBE5A, 
  0xBE5A, 0xBE5A, 0xBE5A, 0xBE5A, 0xBE5A, 0xBE5A, 0xBE5A, 0xBE5A, 0xBE5A, 0xBE5A, 0xBE5A, 0xBE5A, 
  0xBE5A, 0xBE5A, 0xBE5A, 0xBE5A, 0xBE5A, 0xBE5A, 0xBE5A, 0xBE5A, 0xBE5A, 0xBE5A, 0xBE5A, 0xBE5A, 
  0xBE5A, 0xBE5A, 0xBE5A, 0xBE5A, 0xBE5A, 0xBE5A, 0xBE5A, 0xBE5A, 0xBE5A, 0xBE5A, 0xBE5A, 0x0000, 
  0x0000, 0x0000, 0x0000, 0x0000, 0x0000, 0x0000, 0x0000, 0x0000, 0xBE5A, 0xBE5A, 0xBE5A, 0xBE5A, 
  0xBE5A, 0xBE5A, 0xBE5A, 0xBE5A, 0xBE5A, 0xBE5A, 0xBE5A, 0xBE5A, 0xBE5A, 0xBE5A, 0xBE5A, 0xBE5A, 
  0xBE5A, 0xBE5A, 0xBE5A, 0xBE5A, 0xBE5A, 0xBE5A, 0xBE5A, 0xBE5A, 0xBE5A, 0xBE5A, 0xBE5A, 0xBE5A, 
  0xBE5A, 0xBE5A, 0xBE5A, 0xBE5A, 0xBE5A, 0xBE5A, 0xBE5A, 0xBE5A, 0xBE5A, 0xBE5A, 0xBE5A, 0x0000, 
  0x0000, 0x0000, 0x0000, 0x0000, 0x0000, 0x0000, 0x0000, 0xBE5A, 0xBE5A, 0xBE5A, 0xBE5A, 0xBE5A, 
  0xBE5A, 0xBE5A, 0xBE5A, 0xBE5A, 0xBE5A, 0xBE5A, 0xBE5A, 0xBE5A, 0xBE5A, 0xBE5A, 0xBE5A, 0xBE5A, 
  0xBE5A, 0xBE5A, 0xBE5A, 0xBE5A, 0xBE5A, 0xBE5A, 0xBE5A, 0xBE5A, 0xBE5A, 0xBE5A, 0xBE5A, 0xBE5A, 
  0xBE5A, 0xBE5A, 0xBE5A, 0xBE5A, 0xBE5A, 0xBE5A, 0xBE5A, 0xBE5A, 0xBE5A, 0xBE5A, 0xBE5A, 0x0000, 
  0x0000, 0x0000, 0x0000, 0x0000, 0x0000, 0x0000, 0x0000, 0xBE5A, 0xBE5A, 0xBE5A, 0xBE5A, 0xBE5A, 
  0xBE5A, 0xBE5A, 0xBE5A, 0xBE5A, 0xBE5A, 0xBE5A, 0xBE5A, 0xBE5A, 0xBE5A, 0xBE5A, 0xBE5A, 0xBE5A, 
  0xBE5A, 0xBE5A, 0xBE5A, 0xBE5A, 0xBE5A, 0xBE5A, 0xBE5A, 0xBE5A, 0xBE5A, 0xBE5A, 0xBE5A, 0xBE5A, 
  0xBE5A, 0xBE5A, 0xBE5A, 0xBE5A, 0xBE5A, 0xBE5A, 0xBE5A, 0xBE5A, 0xBE5A, 0xBE5A, 0xBE5A, 0x0000, 
  0x0000, 0x0000, 0x0000, 0x0000, 0x0000, 0x0000, 0xBE5A, 0xBE5A, 0xBE5A, 0xBE5A, 0xBE5A, 0xBE5A, 
  0xBE5A, 0xBE5A, 0xBE5A, 0xBE5A, 0xBE5A, 0xBE5A, 0xBE5A, 0xBE5A, 0xBE5A, 0xBE5A, 0xBE5A, 0xBE5A, 
  0xBE5A, 0xBE5A, 0xBE5A, 0xBE5A, 0xBE5A, 0xBE5A, 0xBE5A, 0xBE5A, 0xBE5A, 0xBE5A, 0xBE5A, 0xBE5A, 
  0xBE5A, 0xBE5A, 0xBE5A, 0xBE5A, 0xBE5A, 0xBE5A, 0xBE5A, 0xBE5A, 0xBE5A, 0xBE5A, 0x0000, 0x0000, 
  0x0000, 0x0000, 0x0000, 0x0000, 0x0000, 0x0000, 0xBE5A, 0xBE5A, 0xBE5A, 0xBE5A, 0xBE5A, 0xBE5A, 
  0xBE5A, 0xBE5A, 0xBE5A, 0xBE5A, 0xBE5A, 0xBE5A, 0xBE5A, 0xBE5A, 0xBE5A, 0xBE5A, 0xBE5A, 0xBE5A, 
  0xBE5A, 0xBE5A, 0xBE5A, 0xBE5A, 0xBE5A, 0xBE5A, 0xBE5A, 0xBE5A, 0xBE5A, 0xBE5A, 0xBE5A, 0xBE5A, 
  0xBE5A, 0xBE5A, 0xBE5A, 0xBE5A, 0xBE5A, 0xBE5A, 0xBE5A, 0xBE5A, 0xBE5A, 0xBE5A, 0x0000, 0x0000, 
  0x0000, 0x0000, 0x0000, 0x0000, 0x0000, 0x0000, 0xBE5A, 0xBE5A, 0xBE5A, 0xBE5A, 0xBE5A, 0xBE5A, 
  0xBE5A, 0xBE5A, 0xBE5A, 0xBE5A, 0xBE5A, 0xBE5A, 0xBE5A, 0xBE5A, 0xBE5A, 0xBE5A, 0xBE5A, 0xBE5A, 
  0xBE5A, 0xBE5A, 0xBE5A, 0xBE5A, 0xBE5A, 0xBE5A, 0xBE5A, 0xBE5A, 0xBE5A, 0xBE5A, 0xBE5A, 0xBE5A, 
  0xBE5A, 0xBE5A, 0xBE5A, 0xBE5A, 0xBE5A, 0xBE5A, 0xBE5A, 0xBE5A, 0xBE5A, 0x0000, 0x0000, 0x0000, 
  0x0000, 0x0000, 0x0000, 0x0000, 0x0000, 0x0000, 0xBE5A, 0xBE5A, 0xBE5A, 0xBE5A, 0xBE5A, 0xBE5A, 
  0xBE5A, 0xBE5A, 0xBE5A, 0xBE5A, 0xBE5A, 0xBE5A, 0xBE5A, 0xBE5A, 0xBE5A, 0xBE5A, 0xBE5A, 0xBE5A, 
  0xBE5A, 0xBE5A, 0xBE5A, 0xBE5A, 0xBE5A, 0xBE5A, 0xBE5A, 0xBE5A, 0xBE5A, 0xBE5A, 0xBE5A, 0xBE5A, 
  0xBE5A, 0xBE5A, 0xBE5A, 0xBE5A, 0xBE5A, 0xBE5A, 0xBE5A, 0xBE5A, 0x0000, 0x0000, 0x0000, 0x0000, 
  0x0000, 0x0000, 0x0000, 0x0000, 0x0000, 0x0000, 0xBE5A, 0xBE5A, 0xBE5A, 0xBE5A, 0xBE5A, 0xBE5A, 
  0xBE5A, 0xBE5A, 0xBE5A, 0xBE5A, 0xBE5A, 0xBE5A, 0xBE5A, 0xBE5A, 0xBE5A, 0xBE5A, 0xBE5A, 0xBE5A, 
  0xBE5A, 0xBE5A, 0xBE5A, 0xBE5A, 0xBE5A, 0xBE5A, 0xBE5A, 0xBE5A, 0xBE5A, 0xBE5A, 0xBE5A, 0xBE5A, 
  0xBE5A, 0xBE5A, 0xBE5A, 0xBE5A, 0xBE5A, 0xBE5A, 0xBE5A, 0x0000, 0x0000, 0x0000, 0x0000, 0x0000, 
  0x0000, 0x0000, 0x0000, 0x0000, 0x0000, 0x0000, 0x0000, 0xBE5A, 0xBE5A, 0xBE5A, 0xBE5A, 0xBE5A, 
  0xBE5A, 0xBE5A, 0xBE5A, 0xBE5A, 0xBE5A, 0xBE5A, 0xBE5A, 0xBE5A, 0xBE5A, 0xBE5A, 0xBE5A, 0xBE5A, 
  0xBE5A, 0xBE5A, 0xBE5A, 0xBE5A, 0xBE5A, 0xBE5A, 0xBE5A, 0xBE5A, 0xBE5A, 0xBE5A, 0xBE5A, 0xBE5A, 
  0xBE5A, 0xBE5A, 0xBE5A, 0xBE5A, 0xBE5A, 0xBE5A, 0xBE5A, 0x0000, 0x0000, 0x0000, 0x0000, 0x0000, 
  0x0000, 0x0000, 0x0000, 0x0000, 0x0000, 0x0000, 0x0000, 0xBE5A, 0xBE5A, 0xBE5A, 0xBE5A, 0xBE5A, 
  0xBE5A, 0xBE5A, 0xBE5A, 0xBE5A, 0xBE5A, 0xBE5A, 0xBE5A, 0xBE5A, 0xBE5A, 0xBE5A, 0xBE5A, 0xBE5A, 
  0xBE5A, 0xBE5A, 0xBE5A, 0xBE5A, 0xBE5A, 0xBE5A, 0xBE5A, 0xBE5A, 0xBE5A, 0xBE5A, 0xBE5A, 0xBE5A, 
  0xBE5A, 0xBE5A, 0xBE5A, 0xBE5A, 0xBE5A, 0xBE5A, 0x0000, 0x0000, 0x0000, 0x0000, 0x0000, 0x0000, 
  0x0000, 0x0000, 0x0000, 0x0000, 0x0000, 0x0000, 0x0000, 0x0000, 0xBE5A, 0xBE5A, 0x54BF, 0x54BF, 
  0xBE5A, 0xBE5A, 0xBE5A, 0xBE5A, 0xBE5A, 0x54BF, 0x54BF, 0xBE5A, 0xBE5A, 0xBE5A, 0xBE5A, 0xBE5A, 
  0x54BF, 0x54BF, 0xBE5A, 0xBE5A, 0xBE5A, 0xBE5A, 0xBE5A, 0x54BF, 0x54BF, 0xBE5A, 0xBE5A, 0xBE5A, 
  0xBE5A, 0xBE5A, 0xBE5A, 0xBE5A, 0xBE5A, 0x0000, 0x0000, 0x0000, 0x0000, 0x0000, 0x0000, 0x0000, 
  0x0000, 0x0000, 0x0000, 0x0000, 0x0000, 0x0000, 0x0000, 0x0000, 0xBE5A, 0xBE5A, 0x54BF, 0x54BF, 
  0xBE5A, 0xBE5A, 0xBE5A, 0xBE5A, 0xBE5A, 0x54BF, 0x54BF, 0xBE5A, 0xBE5A, 0xBE5A, 0xBE5A, 0xBE5A, 
  0x54BF, 0x54BF, 0xBE5A, 0xBE5A, 0xBE5A, 0xBE5A, 0xBE5A, 0x54BF, 0x54BF, 0xBE5A, 0xBE5A, 0xBE5A, 
  0xBE5A, 0xBE5A, 0xBE5A, 0xBE5A, 0xBE5A, 0x0000, 0x0000, 0x0000, 0x0000, 0x0000, 0x0000, 0x0000, 
  0x0000, 0x0000, 0x0000, 0x0000, 0x0000, 0x0000, 0x0000, 0x0000, 0x0000, 0xBE5A, 0x54BF, 0x54BF, 
  0xBE5A, 0xBE5A, 0xBE5A, 0xBE5A, 0xBE5A, 0x54BF, 0x54BF, 0xBE5A, 0xBE5A, 0xBE5A, 0xBE5A, 0xBE5A, 
  0x54BF, 0x54BF, 0xBE5A, 0xBE5A, 0xBE5A, 0xBE5A, 0xBE5A, 0x54BF, 0x54BF, 0xBE5A, 0xBE5A, 0xBE5A, 
  0xBE5A, 0xBE5A, 0xBE5A, 0xBE5A, 0x0000, 0x0000, 0x0000, 0x0000, 0x0000, 0x0000, 0x0000, 0x0000, 
  0x0000, 0x0000, 0x0000, 0x0000, 0x0000, 0x0000, 0x0000, 0x0000, 0x0000, 0x0000, 0x54BF, 0x54BF, 
  0xBE5A, 0xBE5A, 0xBE5A, 0xBE5A, 0xBE5A, 0x54BF, 0x54BF, 0xBE5A, 0xBE5A, 0xBE5A, 0xBE5A, 0xBE5A, 
  0x54BF, 0x54BF, 0xBE5A, 0xBE5A, 0xBE5A, 0xBE5A, 0xBE5A, 0x54BF, 0x54BF, 0xBE5A, 0xBE5A, 0xBE5A, 
  0xBE5A, 0xBE5A, 0xBE5A, 0x0000, 0x0000, 0x0000, 0x0000, 0x0000, 0x0000, 0x0000, 0x0000, 0x0000, 
  0x0000, 0x0000, 0x0000, 0x0000, 0x0000, 0x0000, 0x0000, 0x0000, 0x0000, 0x0000, 0x54BF, 0x54BF, 
  0xBE5A, 0xBE5A, 0xBE5A, 0xBE5A, 0xBE5A, 0x54BF, 0x54BF, 0xBE5A, 0xBE5A, 0xBE5A, 0xBE5A, 0xBE5A, 
  0x54BF, 0x54BF, 0xBE5A, 0xBE5A, 0xBE5A, 0xBE5A, 0xBE5A, 0x54BF, 0x54BF, 0xBE5A, 0xBE5A, 0xBE5A, 
  0xBE5A, 0xBE5A, 0xBE5A, 0x0000, 0x0000, 0x0000, 0x0000, 0x0000, 0x0000, 0x0000, 0x0000, 0x0000, 
  0x0000, 0x0000, 0x0000, 0x0000, 0x0000, 0x0000, 0x0000, 0x0000, 0x0000, 0x0000, 0x54BF, 0x54BF, 
  0x0000, 0x0000, 0x0000, 0x0000, 0x0000, 0x54BF, 0x54BF, 0x0000, 0x0000, 0x0000, 0x0000, 0x0000, 
  0x54BF, 0x54BF, 0x0000, 0x0000, 0x0000, 0x0000, 0x0000, 0x54BF, 0x54BF, 0x0000, 0x0000, 0x0000, 
  0x0000, 0x0000, 0x0000, 0x0000, 0x0000, 0x0000, 0x0000, 0x0000, 0x0000, 0x0000, 0x0000, 0x0000, 
  0x0000, 0x0000, 0x0000, 0x0000, 0x0000, 0x0000, 0x0000, 0x0000, 0x0000, 0x0000, 0x54BF, 0x54BF, 
  0x0000, 0x0000, 0x0000, 0x0000, 0x0000, 0x54BF, 0x54BF, 0x0000, 0x0000, 0x0000, 0x0000, 0x0000, 
  0x54BF, 0x54BF, 0x0000, 0x0000, 0x0000, 0x0000, 0x0000, 0x54BF, 0x54BF, 0x0000, 0x0000, 0x0000, 
  0x0000, 0x0000, 0x0000, 0x0000, 0x0000, 0x0000, 0x0000, 0x0000, 0x0000, 0x0000, 0x0000, 0x0000, 
  0x0000, 0x0000, 0x0000, 0x0000, 0x0000, 0x0000, 0x0000, 0x0000, 0x0000, 0x0000, 0x0000, 0x0000, 
  0x0000, 0x0000, 0x0000, 0x0000, 0x0000, 0x0000, 0x0000, 0x0000, 0x0000, 0x0000, 0x0000, 0x0000, 
  0x0000, 0x0000, 0x0000, 0x0000, 0x0000, 0x0000, 0x0000, 0x0000, 0x0000, 0x0000, 0x0000, 0x0000, 
  0x0000, 0x0000, 0x0000, 0x0000, 0x0000, 0x0000, 0x0000, 0x0000, 0x0000, 0x0000, 0x0000, 0x0000, 
  0x0000, 0x0000, 0x0000, 0x0000, 0x0000, 0x0000, 0x0000, 0x0000, 0x0000, 0x0000, 0x0000, 0x0000, 
  0x0000, 0x0000, 0x0000, 0x0000, 0x0000, 0x0000, 0x0000, 0x0000, 0x0000, 0x0000, 0x0000, 0x0000, 
  0x0000, 0x0000, 0x0000, 0x0000, 0x0000, 0x0000, 0x0000, 0x0000, 0x0000, 0x0000, 0x0000, 0x0000, 
  0x0000, 0x0000, 0x0000, 0x0000, 0x0000, 0x0000, 0x0000, 0x0000, 0x0000, 0x0000, 0x0000, 0x0000, 
  0x0000, 0x0000, 0x0000, 0x0000, 0x0000, 0x0000, 0x0000, 0x0000, 0x0000, 0x0000, 0x0000, 0x0000, 
  0x0000, 0x0000, 0x0000, 0x0000, 0x0000, 0x0000, 0x0000, 0x0000, 0x0000, 0x0000, 0x0000, 0x0000, 
  0x0000, 0x0000, 0x0000, 0x0000, 0x0000, 0x0000, 0x0000, 0x0000, 0x0000, 0x0000, 0x0000, 0x0000, 
  0x0000, 0x0000, 0x0000, 0x0000, 0x0000, 0x0000, 0x0000, 0x0000, 0x0000, 0x0000, 0x0000, 0x0000, 
  0x0000, 0x0000, 0x0000, 0x0000, 0x0000, 0x0000, 0x0000, 0x0000, 0x0000, 0x0000, 0x0000, 0x0000, 
  0x0000, 0x0000, 0x0000, 0x0000, 0x0000, 0x0000, 0x0000, 0x0000, 0x0000, 0x0000, 0x0000, 0x0000, 
  0x0000, 0x0000, 0x0000, 0x0000, 0x0000, 0x0000, 0x0000, 0x0000, 0x0000, 0x0000, 0x0000, 0x0000, 
  0x0000, 0x0000, 0x0000, 0x0000, 0x0000, 0x0000, 0x0000, 0x0000, 0x0000, 0x0000, 0x0000, 0x0000, 
  0x0000, 0x0000, 0x0000, 0x0000, 0x0000, 0x0000, 0x0000, 0x0000, 0x0000, 0x0000, 0x0000, 0x0000, 
  0x0000, 0x0000, 0x0000, 0x0000, 0x0000, 0x0000, 0x0000, 0x0000, 0x0000, 0x0000, 0x0000, 0x0000, 
  0x0000, 0x0000, 0x0000, 0x0000, 0x0000, 0x0000, 0x0000, 0x0000, 0x0000, 0x0000, 0x0000, 0x0000, 
  0x0000, 0x0000, 0x0000, 0x0000, 0x0000, 0x0000, 0x0000, 0x0000, 0x0000, 0x0000, 0x0000, 0x0000, 
  0x0000, 0x0000, 0x0000, 0x0000, 0x0000, 0x0000, 0x0000, 0x0000, 0x0000, 0x0000, 0x0000, 0x0000, 
  0x0000, 0x0000, 0x0000, 0x0000, 0x0000, 0x0000, 0x0000, 0x0000, 0x0000, 0x0000, 0x0000, 0x0000, 
  0x0000, 0x0000, 0x0000, 0x0000, 0x0000, 0x0000, 0x0000, 0x0000, 0x0000, 0x0000, 0x0000, 0x0000, 
  0x0000, 0x0000, 0x0000, 0x0000, 0x0000, 0x0000, 0x0000, 0x0000, 0x0000, 0x0000, 0x0000, 0x0000, 
  0x0000, 0x0000, 0x0000, 0x0000, 0x0000, 0x0000, 0x0000, 0x0000, 0x0000, 0x0000, 0x0000, 0x0000, 
  0x0000, 0x0000, 0x0000, 0x0000, 0x0000, 0x0000, 0x0000, 0x0000, 0x0000, 0x0000, 0x0000, 0x0000, 
  0x0000, 0x0000, 0x0000, 0x0000, 0x0000, 0x0000, 0x0000, 0x0000, 0x0000, 0x0000, 0x0000, 0x0000, 
  0x0000, 0x0000, 0x0000, 0x0000, 0x0000, 0x0000, 0x0000, 0x0000, 0x0000, 0x0000, 0x0000, 0x0000, 
  0x0000, 0x0000, 0x0000, 0x0000, 0x0000, 0x0000, 0x0000, 0x0000, 0x0000, 0x0000, 0x0000, 0x0000, 
  0x0000, 0x0000, 0x0000, 0x0000, 0x0000, 0x0000, 0x0000, 0x0000, 0x0000, 0x0000, 0x0000, 0x0000, 
  0x0000, 0x0000, 0x0000, 0x0000, 0x0000, 0x0000, 0x0000, 0x0000, 0x0000, 0x0000, 0x0000, 0x0000, 
  0x0000, 0x0000, 0x0000, 0x0000, 0x0000, 0x0000, 0x0000, 0x0000, 0x0000, 0x0000, 0x0000, 0x0000, 
  0x0000, 0x0000, 0x0000, 0x0000, 0x0000, 0x0000, 0x0000, 0x0000, 0x0000, 0x0000, 0x0000, 0x0000, 
  0x0000, 0x0000, 0x0000, 0x0000, 0x0000, 0x0000, 0x0000, 0x0000, 0x0000, 0x0000, 0x0000, 0x0000, 
  0x0000, 0x0000, 0x0000, 0x0000, 0x0000, 0x0000, 0x0000, 0x0000, 0x0000, 0x0000, 0x0000, 0x0000, 
  0x0000, 0x0000, 0x0000, 0x0000, 0x0000, 0x0000, 0x0000, 0x0000, 0x0000, 0x0000, 0x0000, 0x0000
};

// 4 - Thunderstorm
const uint16_t PROGMEM WEATHER48_ICON_4[WEATHER48_W*WEATHER48_H] = {
  0x0000, 0x0000, 0x0000, 0x0000, 0x0000, 0x0000, 0x0000, 0x0000, 0x0000, 0x0000, 0x0000, 0x0000, 
  0x0000, 0x0000, 0x0000, 0x0000, 0x0000, 0x0000, 0x0000, 0x0000, 0x0000, 0x0000, 0x0000, 0x0000, 
  0x0000, 0x0000, 0x0000, 0x0000, 0x0000, 0x0000, 0x0000, 0x0000, 0x0000, 0x0000, 0x0000, 0x0000, 
  0x0000, 0x0000, 0x0000, 0x0000, 0x0000, 0x0000, 0x0000, 0x0000, 0x0000, 0x0000, 0x0000, 0x0000, 
  0x0000, 0x0000, 0x0000, 0x0000, 0x0000, 0x0000, 0x0000, 0x0000, 0x0000, 0x0000, 0x0000, 0x0000, 
  0x0000, 0x0000, 0x0000, 0x0000, 0x0000, 0x0000, 0x0000, 0x0000, 0x0000, 0x0000, 0x0000, 0x0000, 
  0x0000, 0x0000, 0x0000, 0x0000, 0x0000, 0x0000, 0x0000, 0x0000, 0x0000, 0x0000, 0x0000, 0x0000, 
  0x0000, 0x0000, 0x0000, 0x0000, 0x0000, 0x0000, 0x0000, 0x0000, 0x0000, 0x0000, 0x0000, 0x0000, 
  0x0000, 0x0000, 0x0000, 0x0000, 0x0000, 0x0000, 0x0000, 0x0000, 0x0000, 0x0000, 0x0000, 0x0000, 
  0x0000, 0x0000, 0x0000, 0x0000, 0x0000, 0x0000, 0x0000, 0x0000, 0x0000, 0x0000, 0x0000, 0x0000, 
  0x0000, 0x0000, 0x0000, 0x0000, 0x0000, 0x0000, 0x0000, 0x0000, 0x0000, 0x0000, 0x0000, 0x0000, 
  0x0000, 0x0000, 0x0000, 0x0000, 0x0000, 0x0000, 0x0000, 0x0000, 0x0000, 0x0000, 0x0000, 0x0000, 
  0x0000, 0x0000, 0x0000, 0x0000, 0x0000, 0x0000, 0x0000, 0x0000, 0x0000, 0x0000, 0x0000, 0x0000, 
  0x0000, 0x0000, 0x0000, 0x0000, 0x0000, 0x0000, 0x0000, 0x0000, 0x0000, 0x0000, 0x0000, 0x0000, 
  0x0000, 0x0000, 0x0000, 0x0000, 0x0000, 0x0000, 0x0000, 0x0000, 0x0000, 0x0000, 0x0000, 0x0000, 
  0x0000, 0x0000, 0x0000, 0x0000, 0x0000, 0x0000, 0x0000, 0x0000, 0x0000, 0x0000, 0x0000, 0x0000, 
  0x0000, 0x0000, 0x0000, 0x0000, 0x0000, 0x0000, 0x0000, 0x0000, 0x0000, 0x0000, 0x0000, 0x0000, 
  0x0000, 0x0000, 0x0000, 0x0000, 0x0000, 0x0000, 0x0000, 0x0000, 0x0000, 0x0000, 0x0000, 0x0000, 
  0x0000, 0x0000, 0x0000, 0x0000, 0x0000, 0x0000, 0x0000, 0x0000, 0x0000, 0x0000, 0x0000, 0x0000, 
  0x0000, 0x0000, 0x0000, 0x0000, 0x0000, 0x0000, 0x0000, 0x0000, 0x0000, 0x0000, 0x0000, 0x0000, 
  0x0000, 0x0000, 0x0000, 0x0000, 0x0000, 0x0000, 0x0000, 0x0000, 0x0000, 0x0000, 0x0000, 0x0000, 
  0x0000, 0x0000, 0x0000, 0x0000, 0x0000, 0x0000, 0x0000, 0x0000, 0x0000, 0x0000, 0x0000, 0x0000, 
  0x0000, 0x0000, 0x0000, 0x0000, 0x0000, 0x0000, 0x0000, 0x0000, 0x0000, 0x0000, 0x0000, 0x0000, 
  0x0000, 0x0000, 0x0000, 0x0000, 0x0000, 0x0000, 0x0000, 0x0000, 0x0000, 0x0000, 0x0000, 0x0000, 
  0x0000, 0x0000, 0x0000, 0x0000, 0x0000, 0x0000, 0x0000, 0x0000, 0x0000, 0x0000, 0x0000, 0x0000, 
  0x0000, 0x0000, 0x0000, 0x0000, 0x0000, 0x0000, 0x0000, 0x0000, 0x0000, 0x0000, 0x0000, 0x0000, 
  0x0000, 0x0000, 0x0000, 0x0000, 0x0000, 0x0000, 0x0000, 0x0000, 0x0000, 0x0000, 0x0000, 0x0000, 
  0x0000, 0x0000, 0x0000, 0x0000, 0x0000, 0x0000, 0x0000, 0x0000, 0x0000, 0x0000, 0x0000, 0x0000, 
  0x0000, 0x0000, 0x0000, 0x0000, 0x0000, 0x0000, 0x0000, 0x0000, 0x0000, 0x0000, 0x0000, 0x0000, 
  0x0000, 0x0000, 0x0000, 0x0000, 0x0000, 0x0000, 0x0000, 0x0000, 0x0000, 0x0000, 0x0000, 0x0000, 
  0x0000, 0x0000, 0x0000, 0x0000, 0x0000, 0x0000, 0x0000, 0x0000, 0x0000, 0x0000, 0x0000, 0x0000, 
  0x0000, 0x0000, 0x0000, 0x0000, 0x0000, 0x0000, 0x0000, 0x0000, 0x0000, 0x0000, 0x0000, 0x0000, 
  0x0000, 0x0000, 0x0000, 0x0000, 0x0000, 0x0000, 0x0000, 0x0000, 0x0000, 0x0000, 0x0000, 0x0000, 
  0x0000, 0x0000, 0x0000, 0x0000, 0x0000, 0x0000, 0x0000, 0x0000, 0x0000, 0x0000, 0x0000, 0x0000, 
  0x0000, 0x0000, 0x0000, 0x0000, 0x0000, 0x0000, 0x0000, 0x0000, 0x0000, 0x0000, 0x0000, 0x0000, 
  0x0000, 0x0000, 0x0000, 0x0000, 0x0000, 0x0000, 0x0000, 0x0000, 0x0000, 0x0000, 0x0000, 0x0000, 
  0x0000, 0x0000, 0x0000, 0x0000, 0x0000, 0x0000, 0x0000, 0x0000, 0x0000, 0x0000, 0x0000, 0x0000, 
  0x0000, 0x0000, 0x0000, 0x0000, 0x0000, 0x0000, 0x0000, 0x0000, 0x0000, 0x0000, 0x0000, 0x0000, 
  0x0000, 0x0000, 0x0000, 0x0000, 0x0000, 0x0000, 0x0000, 0x0000, 0x0000, 0x0000, 0x0000, 0x0000, 
  0x0000, 0x0000, 0x0000, 0x0000, 0x0000, 0x0000, 0x0000, 0x0000, 0x0000, 0x0000, 0x0000, 0x0000, 
  0x0000, 0x0000, 0x0000, 0x0000, 0x0000, 0x0000, 0x0000, 0x0000, 0x0000, 0x0000, 0x0000, 0x0000, 
  0x0000, 0x0000, 0x0000, 0x0000, 0x0000, 0x0000, 0x0000, 0x0000, 0x0000, 0x0000, 0x0000, 0x0000, 
  0x0000, 0x0000, 0x0000, 0x0000, 0x0000, 0x0000, 0x0000, 0x0000, 0x0000, 0x0000, 0x0000, 0x0000, 
  0x0000, 0x0000, 0x0000, 0x0000, 0x0000, 0x0000, 0x0000, 0x0000, 0x0000, 0x0000, 0x0000, 0x0000, 
  0x0000, 0x0000, 0x0000, 0x0000, 0x0000, 0x0000, 0x0000, 0x0000, 0x0000, 0x0000, 0x0000, 0x0000, 
  0x0000, 0x0000, 0x0000, 0x0000, 0x0000, 0x0000, 0x0000, 0x0000, 0x0000, 0x0000, 0x0000, 0x0000, 
  0x0000, 0x0000, 0x0000, 0x0000, 0x0000, 0x0000, 0x0000, 0x0000, 0x0000, 0x0000, 0x0000, 0x0000, 
  0x0000, 0x0000, 0x0000, 0x0000, 0x0000, 0x0000, 0x0000, 0x0000, 0x0000, 0x0000, 0x0000, 0x0000, 
  0x0000, 0x0000, 0x0000, 0x0000, 0x0000, 0x0000, 0x0000, 0x0000, 0x0000, 0x0000, 0x0000, 0x0000, 
  0x0000, 0x0000, 0x0000, 0x0000, 0x0000, 0x0000, 0x0000, 0x0000, 0x0000, 0x0000, 0x0000, 0x0000, 
  0x0000, 0x0000, 0x0000, 0x0000, 0x0000, 0xBE5A, 0xBE5A, 0xBE5A, 0xBE5A, 0xBE5A, 0x0000, 0x0000, 
  0x0000, 0x0000, 0x0000, 0x0000, 0x0000, 0x0000, 0x0000, 0x0000, 0x0000, 0x0000, 0x0000, 0x0000, 
  0x0000, 0x0000, 0x0000, 0x0000, 0x0000, 0x0000, 0x0000, 0x0000, 0x0000, 0x0000, 0x0000, 0x0000, 
  0x0000, 0x0000, 0x0000, 0x0000, 0x0000, 0x0000, 0x0000, 0x0000, 0x0000, 0x0000, 0x0000, 0x0000, 
  0x0000, 0x0000, 0x0000, 0xBE5A, 0xBE5A, 0xBE5A, 0xBE5A, 0xBE5A, 0xBE5A, 0xBE5A, 0xBE5A, 0xBE5A, 
  0x0000, 0x0000, 0x0000, 0x0000, 0x0000, 0x0000, 0x0000, 0x0000, 0x0000, 0x0000, 0x0000, 0x0000, 
  0x0000, 0x0000, 0x0000, 0x0000, 0x0000, 0x0000, 0x0000, 0x0000, 0x0000, 0x0000, 0x0000, 0x0000, 
  0x0000, 0x0000, 0x0000, 0x0000, 0x0000, 0x0000, 0x0000, 0x0000, 0x0000, 0x0000, 0xBE5A, 0xBE5A, 
  0xBE5A, 0xBE5A, 0xBE5A, 0xBE5A, 0xBE5A, 0xBE5A, 0xBE5A, 0xBE5A, 0xBE5A, 0xBE5A, 0xBE5A, 0xBE5A, 
  0xBE5A, 0xBE5A, 0xBE5A, 0xBE5A, 0xBE5A, 0x0000, 0x0000, 0x0000, 0x0000, 0x0000, 0x0000, 0x0000, 
  0x0000, 0x0000, 0x0000, 0x0000, 0x0000, 0x0000, 0x0000, 0x0000, 0x0000, 0x0000, 0x0000, 0x0000, 
  0x0000, 0x0000, 0x0000, 0x0000, 0x0000, 0x0000, 0x0000, 0x0000, 0xBE5A, 0xBE5A, 0xBE5A, 0xBE5A, 
  0xBE5A, 0xBE5A, 0xBE5A, 0xBE5A, 0xBE5A, 0xBE5A, 0xBE5A, 0xBE5A, 0xBE5A, 0xBE5A, 0xBE5A, 0xBE5A, 
  0xBE5A, 0xBE5A, 0xBE5A, 0xBE5A, 0xBE5A, 0xBE5A, 0xBE5A, 0x0000, 0x0000, 0x0000, 0x0000, 0x0000, 
  0x0000, 0x0000, 0x0000, 0x0000, 0x0000, 0x0000, 0x0000, 0x0000, 0x0000, 0x0000, 0x0000, 0x0000, 
  0x0000, 0x0000, 0x0000, 0x0000, 0x0000, 0x0000, 0x0000, 0xBE5A, 0xBE5A, 0xBE5A, 0xBE5A, 0xBE5A, 
  0xBE5A, 0xBE5A, 0xBE5A, 0xBE5A, 0xBE5A, 0xBE5A, 0xBE5A, 0xBE5A, 0xBE5A, 0xBE5A, 0xBE5A, 0xBE5A, 
  0xBE5A, 0xBE5A, 0xBE5A, 0xBE5A, 0xBE5A, 0xBE5A, 0xBE5A, 0xBE5A, 0x0000, 0x0000, 0x0000, 0x0000, 
  0x0000, 0x0000, 0x0000, 0x0000, 0x0000, 0x0000, 0x0000, 0x0000, 0x0000, 0x0000, 0x0000, 0x0000, 
  0x0000, 0x0000, 0x0000, 0x0000, 0x0000, 0x0000, 0xBE5A, 0xBE5A, 0xBE5A, 0xBE5A, 0xBE5A, 0xBE5A, 
  0xBE5A, 0xBE5A, 0xBE5A, 0xBE5A, 0xBE5A, 0xBE5A, 0xBE5A, 0xBE5A, 0xBE5A, 0xBE5A, 0xBE5A, 0xBE5A, 
  0xBE5A, 0xBE5A, 0xBE5A, 0xBE5A, 0xBE5A, 0xBE5A, 0xBE5A, 0xBE5A, 0xBE5A, 0x0000, 0x0000, 0x0000, 
  0x0000, 0x0000, 0x0000, 0x0000, 0x0000, 0x0000, 0x0000, 0x0000, 0x0000, 0x0000, 0x0000, 0x0000, 
  0x0000, 0xBE5A, 0xBE5A, 0xBE5A, 0xBE5A, 0xBE5A, 0xBE5A, 0xBE5A, 0xBE5A, 0xBE5A, 0xBE5A, 0xBE5A, 
  0xBE5A, 0xBE5A, 0xBE5A, 0xBE5A, 0xBE5A, 0xBE5A, 0xBE5A, 0xBE5A, 0xBE5A, 0xBE5A, 0xBE5A, 0xBE5A, 
  0xBE5A, 0xBE5A, 0xBE5A, 0xBE5A, 0xBE5A, 0xBE5A, 0xBE5A, 0xBE5A, 0xBE5A, 0xBE5A, 0x0000, 0x0000, 
  0x0000, 0x0000, 0x0000, 0x0000, 0x0000, 0x0000, 0x0000, 0x0000, 0x0000, 0x0000, 0x0000, 0xBE5A, 
  0xBE5A, 0xBE5A, 0xBE5A, 0xBE5A, 0xBE5A, 0xBE5A, 0xBE5A, 0xBE5A, 0xBE5A, 0xBE5A, 0xBE5A, 0xBE5A, 
  0xBE5A, 0xBE5A, 0xBE5A, 0xBE5A, 0xBE5A, 0xBE5A, 0xBE5A, 0xBE5A, 0xBE5A, 0xBE5A, 0xBE5A, 0xBE5A, 
  0xBE5A, 0xBE5A, 0xBE5A, 0xBE5A, 0xBE5A, 0xBE5A, 0xBE5A, 0xBE5A, 0xBE5A, 0xBE5A, 0x0000, 0x0000, 
  0x0000, 0x0000, 0x0000, 0x0000, 0x0000, 0x0000, 0x0000, 0x0000, 0x0000, 0xBE5A, 0xBE5A, 0xBE5A, 
  0xBE5A, 0xBE5A, 0xBE5A, 0xBE5A, 0xBE5A, 0xBE5A, 0xBE5A, 0xBE5A, 0xBE5A, 0xBE5A, 0xBE5A, 0xBE5A, 
  0xBE5A, 0xBE5A, 0xBE5A, 0xBE5A, 0xBE5A, 0xBE5A, 0xBE5A, 0xBE5A, 0xBE5A, 0xBE5A, 0xBE5A, 0xBE5A, 
  0xBE5A, 0xBE5A, 0xBE5A, 0xBE5A, 0xBE5A, 0xBE5A, 0xBE5A, 0xBE5A, 0xBE5A, 0xBE5A, 0xBE5A, 0x0000, 
  0x0000, 0x0000, 0x0000, 0x0000, 0x0000, 0x0000, 0x0000, 0x0000, 0xBE5A, 0xBE5A, 0xBE5A, 0xBE5A, 
  0xBE5A, 0xBE5A, 0xBE5A, 0xBE5A, 0xBE5A, 0xBE5A, 0xBE5A, 0xBE5A, 0xBE5A, 0xBE5A, 0xBE5A, 0xBE5A, 
  0xBE5A, 0xBE5A, 0xBE5A, 0xBE5A, 0xBE5A, 0xBE5A, 0xBE5A, 0xBE5A, 0xBE5A, 0xBE5A, 0xBE5A, 0xBE5A, 
  0xBE5A, 0xBE5A, 0xBE5A, 0xBE5A, 0xBE5A, 0xBE5A, 0xBE5A, 0xBE5A, 0xBE5A, 0xBE5A, 0xBE5A, 0x0000, 
  0x0000, 0x0000, 0x0000, 0x0000, 0x0000, 0x0000, 0x0000, 0x0000, 0xBE5A, 0xBE5A, 0xBE5A, 0xBE5A, 
  0xBE5A, 0xBE5A, 0xBE5A, 0xBE5A, 0xBE5A, 0xBE5A, 0xBE5A, 0xBE5A, 0xBE5A, 0xBE5A, 0xBE5A, 0xBE5A, 
  0xBE5A, 0xBE5A, 0xBE5A, 0xBE5A, 0xBE5A, 0xBE5A, 0xBE5A, 0xBE5A, 0xBE5A, 0xBE5A, 0xBE5A, 0xBE5A, 
  0xBE5A, 0xBE5A, 0xBE5A, 0xBE5A, 0xBE5A, 0xBE5A, 0xBE5A, 0xBE5A, 0xBE5A, 0xBE5A, 0xBE5A, 0x0000, 
  0x0000, 0x0000, 0x0000, 0x0000, 0x0000, 0x0000, 0x0000, 0xBE5A, 0xBE5A, 0xBE5A, 0xBE5A, 0xBE5A, 
  0xBE5A, 0xBE5A, 0xBE5A, 0xBE5A, 0xBE5A, 0xBE5A, 0xBE5A, 0xBE5A, 0xBE5A, 0xBE5A, 0xBE5A, 0xBE5A, 
  0xBE5A, 0xBE5A, 0xBE5A, 0xBE5A, 0xBE5A, 0xBE5A, 0xBE5A, 0xBE5A, 0xBE5A, 0xBE5A, 0xBE5A, 0xBE5A, 
  0xBE5A, 0xBE5A, 0xBE5A, 0xBE5A, 0xBE5A, 0xBE5A, 0xBE5A, 0xBE5A, 0xBE5A, 0xBE5A, 0xBE5A, 0x0000, 
  0x0000, 0x0000, 0x0000, 0x0000, 0x0000, 0x0000, 0x0000, 0xBE5A, 0xBE5A, 0xBE5A, 0xBE5A, 0xBE5A, 
  0xBE5A, 0xBE5A, 0xBE5A, 0xBE5A, 0xBE5A, 0xBE5A, 0xBE5A, 0xBE5A, 0xBE5A, 0xBE5A, 0xBE5A, 0xBE5A, 
  0xBE5A, 0xBE5A, 0xBE5A, 0xBE5A, 0xBE5A, 0xBE5A, 0xBE5A, 0xBE5A, 0xBE5A, 0xBE5A, 0xBE5A, 0xBE5A, 
  0xBE5A, 0xBE5A, 0xBE5A, 0xBE5A, 0xBE5A, 0xBE5A, 0xBE5A, 0xBE5A, 0xBE5A, 0xBE5A, 0xBE5A, 0x0000, 
  0x0000, 0x0000, 0x0000, 0x0000, 0x0000, 0x0000, 0xBE5A, 0xBE5A, 0xBE5A, 0xBE5A, 0xBE5A, 0xBE5A, 
  0xBE5A, 0xBE5A, 0xBE5A, 0xBE5A, 0xBE5A, 0xBE5A, 0xBE5A, 0xBE5A, 0xBE5A, 0xBE5A, 0xBE5A, 0xBE5A, 
  0xBE5A, 0xBE5A, 0xBE5A, 0xBE5A, 0xBE5A, 0xBE5A, 0xBE5A, 0xBE5A, 0xBE5A, 0xBE5A, 0xBE5A, 0xBE5A, 
  0xBE5A, 0xBE5A, 0xBE5A, 0xBE5A, 0xBE5A, 0xBE5A, 0xBE5A, 0xBE5A, 0xBE5A, 0xBE5A, 0x0000, 0x0000, 
  0x0000, 0x0000, 0x0000, 0x0000, 0x0000, 0x0000, 0xBE5A, 0xBE5A, 0xBE5A, 0xBE5A, 0xBE5A, 0xBE5A, 
  0xBE5A, 0xBE5A, 0xBE5A, 0xBE5A, 0xBE5A, 0xBE5A, 0xBE5A, 0xBE5A, 0xBE5A, 0xBE5A, 0xBE5A, 0xBE5A, 
  0xBE5A, 0xBE5A, 0xBE5A, 0xBE5A, 0xBE5A, 0xBE5A, 0xBE5A, 0xBE5A, 0xBE5A, 0xBE5A, 0xBE5A, 0xBE5A, 
  0xBE5A, 0xBE5A, 0xBE5A, 0xBE5A, 0xBE5A, 0xBE5A, 0xBE5A, 0xBE5A, 0xBE5A, 0xBE5A, 0x0000, 0x0000, 
  0x0000, 0x0000, 0x0000, 0x0000, 0x0000, 0x0000, 0xBE5A, 0xBE5A, 0xBE5A, 0xBE5A, 0xBE5A, 0xBE5A, 
  0xBE5A, 0xBE5A, 0xBE5A, 0xBE5A, 0xBE5A, 0xBE5A, 0xBE5A, 0xBE5A, 0xBE5A, 0xBE5A, 0xBE5A, 0xBE5A, 
  0xBE5A, 0xBE5A, 0xBE5A, 0xBE5A, 0xBE5A, 0xBE5A, 0xBE5A, 0xBE5A, 0xBE5A, 0xBE5A, 0xBE5A, 0xBE5A, 
  0xBE5A, 0xBE5A, 0xBE5A, 0xBE5A, 0xBE5A, 0xBE5A, 0xBE5A, 0xBE5A, 0xBE5A, 0x0000, 0x0000, 0x0000, 
  0x0000, 0x0000, 0x0000, 0x0000, 0x0000, 0x0000, 0xBE5A, 0xBE5A, 0xBE5A, 0xBE5A, 0xBE5A, 0xBE5A, 
  0xBE5A, 0xBE5A, 0xBE5A, 0xBE5A, 0xBE5A, 0xBE5A, 0xBE5A, 0xBE5A, 0xBE5A, 0xBE5A, 0xBE5A, 0xBE5A, 
  0xBE5A, 0xBE5A, 0xBE5A, 0xBE5A, 0xFF80, 0xFF80, 0xFF80, 0xFF80, 0xFF80, 0xFF80, 0xFF80, 0xBE5A, 
  0xBE5A, 0xBE5A, 0xBE5A, 0xBE5A, 0xBE5A, 0xBE5A, 0xBE5A, 0xBE5A, 0x0000, 0x0000, 0x0000, 0x0000, 
  0x0000, 0x0000, 0x0000, 0x0000, 0x0000, 0x0000, 0xBE5A, 0xBE5A, 0xBE5A, 0xBE5A, 0xBE5A, 0xBE5A, 
  0xBE5A, 0xBE5A, 0xBE5A, 0xBE5A, 0xBE5A, 0xBE5A, 0xBE5A, 0xBE5A, 0xBE5A, 0xBE5A, 0xBE5A, 0xBE5A, 
  0xBE5A, 0xBE5A, 0xBE5A, 0xBE5A, 0xFF80, 0xFF80, 0xFF80, 0xFF80, 0xFF80, 0xFF80, 0xFF80, 0xBE5A, 
  0xBE5A, 0xBE5A, 0xBE5A, 0xBE5A, 0xBE5A, 0xBE5A, 0xBE5A, 0x0000, 0x0000, 0x0000, 0x0000, 0x0000, 
  0x0000, 0x0000, 0x0000, 0x0000, 0x0000, 0x0000, 0x0000, 0xBE5A, 0xBE5A, 0xBE5A, 0xBE5A, 0xBE5A, 
  0xBE5A, 0xBE5A, 0xBE5A, 0xBE5A, 0xBE5A, 0xBE5A, 0xBE5A, 0xBE5A, 0xBE5A, 0xBE5A, 0xBE5A, 0xBE5A, 
  0xBE5A, 0xBE5A, 0xBE5A, 0xFF80, 0xFF80, 0xFF80, 0xFF80, 0xFF80, 0xFF80, 0xFF80, 0xBE5A, 0xBE5A, 
  0xBE5A, 0xBE5A, 0xBE5A, 0xBE5A, 0xBE5A, 0xBE5A, 0xBE5A, 0x0000, 0x0000, 0x0000, 0x0000, 0x0000, 
  0x0000, 0x0000, 0x0000, 0x0000, 0x0000, 0x0000, 0x0000, 0xBE5A, 0xBE5A, 0xBE5A, 0xBE5A, 0xBE5A, 
  0xBE5A, 0xBE5A, 0xBE5A, 0xBE5A, 0xBE5A, 0xBE5A, 0xBE5A, 0xBE5A, 0xBE5A, 0xBE5A, 0xBE5A, 0xBE5A, 
  0xBE5A, 0xBE5A, 0xBE5A, 0xFF80, 0xFF80, 0xFF80, 0xFF80, 0xFF80, 0xFF80, 0xFF80, 0xBE5A, 0xBE5A, 
  0xBE5A, 0xBE5A, 0xBE5A, 0xBE5A, 0xBE5A, 0xBE5A, 0x0000, 0x0000, 0x0000, 0x0000, 0x0000, 0x0000, 
  0x0000, 0x0000, 0x0000, 0x0000, 0x0000, 0x0000, 0x0000, 0x0000, 0xBE5A, 0xBE5A, 0xBE5A, 0xBE5A, 
  0xBE5A, 0xBE5A, 0xBE5A, 0xBE5A, 0xBE5A, 0xBE5A, 0xBE5A, 0xBE5A, 0xBE5A, 0xBE5A, 0xBE5A, 0xBE5A, 
  0xBE5A, 0xBE5A, 0xFF80, 0xFF80, 0xFF80, 0xFF80, 0xFF80, 0xFF80, 0xFF80, 0xFF80, 0xBE5A, 0xBE5A, 
  0xBE5A, 0xBE5A, 0xBE5A, 0xBE5A, 0xBE5A, 0x0000, 0x0000, 0x0000, 0x0000, 0x0000, 0x0000, 0x0000, 
  0x0000, 0x0000, 0x0000, 0x0000, 0x0000, 0x0000, 0x0000, 0x0000, 0xBE5A, 0xBE5A, 0xBE5A, 0xBE5A, 
  0xBE5A, 0xBE5A, 0xBE5A, 0xBE5A, 0xBE5A, 0xBE5A, 0xBE5A, 0xBE5A, 0xBE5A, 0xBE5A, 0xBE5A, 0xBE5A, 
  0xBE5A, 0xBE5A, 0xFF80, 0xFF80, 0xFF80, 0xFF80, 0xFF80, 0xFF80, 0xFF80, 0xBE5A, 0xBE5A, 0xBE5A, 
  0xBE5A, 0xBE5A, 0xBE5A, 0xBE5A, 0xBE5A, 0x0000, 0x0000, 0x0000, 0x0000, 0x0000, 0x0000, 0x0000, 
  0x0000, 0x0000, 0x0000, 0x0000, 0x0000, 0x0000, 0x0000, 0x0000, 0x0000, 0xBE5A, 0xBE5A, 0xBE5A, 
  0xBE5A, 0xBE5A, 0xBE5A, 0xBE5A, 0xBE5A, 0xBE5A, 0xBE5A, 0xBE5A, 0xBE5A, 0xBE5A, 0xBE5A, 0xBE5A, 
  0xBE5A, 0xFF80, 0xFF80, 0xFF80, 0xFF80, 0xFF80, 0xFF80, 0xFF80, 0xFF80, 0xBE5A, 0xBE5A, 0xBE5A, 
  0xBE5A, 0xBE5A, 0xBE5A, 0xBE5A, 0x0000, 0x0000, 0x0000, 0x0000, 0x0000, 0x0000, 0x0000, 0x0000, 
  0x0000, 0x0000, 0x0000, 0x0000, 0x0000, 0x0000, 0x0000, 0x0000, 0x0000, 0x0000, 0xBE5A, 0xBE5A, 
  0xBE5A, 0xBE5A, 0xBE5A, 0xBE5A, 0xBE5A, 0xBE5A, 0xBE5A, 0xBE5A, 0xBE5A, 0xBE5A, 0xBE5A, 0xBE5A, 
  0xBE5A, 0xFF80, 0xFF80, 0xFF80, 0xFF80, 0xFF80, 0xFF80, 0xFF80, 0xBE5A, 0xBE5A, 0xBE5A, 0xBE5A, 
  0xBE5A, 0xBE5A, 0xBE5A, 0x0000, 0x0000, 0x0000, 0x0000, 0x0000, 0x0000, 0x0000, 0x0000, 0x0000, 
  0x0000, 0x0000, 0x0000, 0x0000, 0x0000, 0x0000, 0x0000, 0x0000, 0x0000, 0x0000, 0xBE5A, 0xBE5A, 
  0xBE5A, 0xBE5A, 0xBE5A, 0xBE5A, 0xBE5A, 0xBE5A, 0xBE5A, 0xBE5A, 0xBE5A, 0xBE5A, 0xBE5A, 0xBE5A, 
  0xFF80, 0xFF80, 0xFF80, 0xFF80, 0xFF80, 0xFF80, 0xFF80, 0xFF80, 0xBE5A, 0xBE5A, 0xBE5A, 0xBE5A, 
  0xBE5A, 0xBE5A, 0xBE5A, 0x0000, 0x0000, 0x0000, 0x0000, 0x0000, 0x0000, 0x0000, 0x0000, 0x0000, 
  0x0000, 0x0000, 0x0000, 0x0000, 0x0000, 0x0000, 0x0000, 0x0000, 0x0000, 0x0000, 0x0000, 0x0000, 
  0x0000, 0x0000, 0x0000, 0x0000, 0x0000, 0x0000, 0x0000, 0x0000, 0x0000, 0x0000, 0x0000, 0x0000, 
  0xFF80, 0xFF80, 0xFF80, 0xFF80, 0xFF80, 0xFF80, 0xFF80, 0xFF80, 0x0000, 0x0000, 0x0000, 0x0000, 
  0x0000, 0x0000, 0x0000, 0x0000, 0x0000, 0x0000, 0x0000, 0x0000, 0x0000, 0x0000, 0x0000, 0x0000, 
  0x0000, 0x0000, 0x0000, 0x0000, 0x0000, 0x0000, 0x0000, 0x0000, 0x0000, 0x0000, 0x0000, 0x0000, 
  0x0000, 0x0000, 0x0000, 0x0000, 0x0000, 0x0000, 0x0000, 0x0000, 0x0000, 0x0000, 0x0000, 0xFF80, 
  0xFF80, 0xFF80, 0xFF80, 0xFF80, 0xFF80, 0xFF80, 0xFF80, 0x0000, 0x0000, 0x0000, 0x0000, 0x0000, 
  0x0000, 0x0000, 0x0000, 0x0000, 0x0000, 0x0000, 0x0000, 0x0000, 0x0000, 0x0000, 0x0000, 0x0000, 
  0x0000, 0x0000, 0x0000, 0x0000, 0x0000, 0x0000, 0x0000, 0x0000, 0x0000, 0x0000, 0x0000, 0x0000, 
  0x0000, 0x0000, 0x0000, 0x0000, 0x0000, 0x0000, 0x0000, 0x0000, 0x0000, 0x0000, 0x0000, 0xFF80, 
  0xFF80, 0xFF80, 0xFF80, 0xFF80, 0xFF80, 0xFF80, 0xFF80, 0xFF80, 0xFF80, 0xFF80, 0xFF80, 0xFF80, 
  0xFF80, 0xFF80, 0xFF80, 0xFF80, 0x0000, 0x0000, 0x0000, 0x0000, 0x0000, 0x0000, 0x0000, 0x0000, 
  0x0000, 0x0000, 0x0000, 0x0000, 0x0000, 0x0000, 0x0000, 0x0000, 0x0000, 0x0000, 0x0000, 0x0000, 
  0x0000, 0x0000, 0x0000, 0x0000, 0x0000, 0x0000, 0x0000, 0x0000, 0x0000, 0x0000, 0xFF80, 0xFF80, 
  0xFF80, 0xFF80, 0xFF80, 0xFF80, 0xFF80, 0xFF80, 0xFF80, 0xFF80, 0xFF80, 0xFF80, 0xFF80, 0xFF80, 
  0xFF80, 0xFF80, 0xFF80, 0x0000, 0x0000, 0x0000, 0x0000, 0x0000, 0x0000, 0x0000, 0x0000, 0x0000, 
  0x0000, 0x0000, 0x0000, 0x0000, 0x0000, 0x0000, 0x0000, 0x0000, 0x0000, 0x0000, 0x0000, 0x0000, 
  0x0000, 0x0000, 0x0000, 0x0000, 0x0000, 0x0000, 0x0000, 0x0000, 0x0000, 0x0000, 0xFF80, 0xFF80, 
  0xFF80, 0xFF80, 0xFF80, 0xFF80, 0xFF80, 0xFF80, 0xFF80, 0xFF80, 0xFF80, 0xFF80, 0xFF80, 0xFF80, 
  0xFF80, 0xFF80, 0x0000, 0x0000, 0x0000, 0x0000, 0x0000, 0x0000, 0x0000, 0x0000, 0x0000, 0x0000, 
  0x0000, 0x0000, 0x0000, 0x0000, 0x0000, 0x0000, 0x0000, 0x0000, 0x0000, 0x0000, 0x0000, 0x0000, 
  0x0000, 0x0000, 0x0000, 0x0000, 0x0000, 0x0000, 0x0000, 0x0000, 0x0000, 0xFF80, 0xFF80, 0xFF80, 
  0xFF80, 0xFF80, 0xFF80, 0xFF80, 0xFF80, 0xFF80, 0xFF80, 0xFF80, 0xFF80, 0xFF80, 0xFF80, 0xFF80, 
  0xFF80, 0xFF80, 0x0000, 0x0000, 0x0000, 0x0000, 0x0000, 0x0000, 0x0000, 0x0000, 0x0000, 0x0000, 
  0x0000, 0x0000, 0x0000, 0x0000, 0x0000, 0x0000, 0x0000, 0x0000, 0x0000, 0x0000, 0x0000, 0x0000, 
  0x0000, 0x0000, 0x0000, 0x0000, 0x0000, 0x0000, 0x0000, 0x0000, 0x0000, 0xFF80, 0xFF80, 0xFF80, 
  0xFF80, 0xFF80, 0xFF80, 0xFF80, 0xFF80, 0xFF80, 0xFF80, 0xFF80, 0xFF80, 0xFF80, 0xFF80, 0xFF80, 
  0xFF80, 0x0000, 0x0000, 0x0000, 0x0000, 0x0000, 0x0000, 0x0000, 0x0000, 0x0000, 0x0000, 0x0000, 
  0x0000, 0x0000, 0x0000, 0x0000, 0x0000, 0x0000, 0x0000, 0x0000, 0x0000, 0x0000, 0x0000, 0x0000, 
  0x0000, 0x0000, 0x0000, 0x0000, 0x0000, 0x0000, 0x0000, 0x0000, 0x0000, 0x0000, 0x0000, 0x0000, 
  0x0000, 0x0000, 0x0000, 0x0000, 0x0000, 0x0000, 0xFF80, 0xFF80, 0xFF80, 0xFF80, 0xFF80, 0xFF80, 
  0x0000, 0x0000, 0x0000, 0x0000, 0x0000, 0x0000, 0x0000, 0x0000, 0x0000, 0x0000, 0x0000, 0x0000, 
  0x0000, 0x0000, 0x0000, 0x0000, 0x0000, 0x0000, 0x0000, 0x0000, 0x0000, 0x0000, 0x0000, 0x0000, 
  0x0000, 0x0000, 0x0000, 0x0000, 0x0000, 0x0000, 0x0000, 0x0000, 0x0000, 0x0000, 0x0000, 0x0000, 
  0x0000, 0x0000, 0x0000, 0x0000, 0x0000, 0xFF80, 0xFF80, 0xFF80, 0xFF80, 0xFF80, 0xFF80, 0x0000, 
  0x0000, 0x0000, 0x0000, 0x0000, 0x0000, 0x0000, 0x0000, 0x0000, 0x0000, 0x0000, 0x0000, 0x0000, 
  0x0000, 0x0000, 0x0000, 0x0000, 0x0000, 0x0000, 0x0000, 0x0000, 0x0000, 0x0000, 0x0000, 0x0000, 
  0x0000, 0x0000, 0x0000, 0x0000, 0x0000, 0x0000, 0x0000, 0x0000, 0x0000, 0x0000, 0x0000, 0x0000, 
  0x0000, 0x0000, 0x0000, 0x0000, 0x0000, 0xFF80, 0xFF80, 0xFF80, 0xFF80, 0xFF80, 0x0000, 0x0000, 
  0x0000, 0x0000, 0x0000, 0x0000, 0x0000, 0x0000, 0x0000, 0x0000, 0x0000, 0x0000, 0x0000, 0x0000, 
  0x0000, 0x0000, 0x0000, 0x0000, 0x0000, 0x0000, 0x0000, 0x0000, 0x0000, 0x0000, 0x0000, 0x0000, 
  0x0000, 0x0000, 0x0000, 0x0000, 0x0000, 0x0000, 0x0000, 0x0000, 0x0000, 0x0000, 0x0000, 0x0000, 
  0x0000, 0x0000, 0x0000, 0x0000, 0xFF80, 0xFF80, 0xFF80, 0xFF80, 0xFF80, 0x0000, 0x0000, 0x0000, 
  0x0000, 0x0000, 0x0000, 0x0000, 0x0000, 0x0000, 0x0000, 0x0000, 0x0000, 0x0000, 0x0000, 0x0000
};

// 5 - Snow
const uint16_t PROGMEM WEATHER48_ICON_5[WEATHER48_W*WEATHER48_H] = {
  0x0000, 0x0000, 0x0000, 0x0000, 0x0000, 0x0000, 0x0000, 0x0000, 0x0000, 0x0000, 0x0000, 0x0000, 
  0x0000, 0x0000, 0x0000, 0x0000, 0x0000, 0x0000, 0x0000, 0x0000, 0x0000, 0x0000, 0x0000, 0x0000, 
  0x0000, 0x0000, 0x0000, 0x0000, 0x0000, 0x0000, 0x0000, 0x0000, 0x0000, 0x0000, 0x0000, 0x0000, 
  0x0000, 0x0000, 0x0000, 0x0000, 0x0000, 0x0000, 0x0000, 0x0000, 0x0000, 0x0000, 0x0000, 0x0000, 
  0x0000, 0x0000, 0x0000, 0x0000, 0x0000, 0x0000, 0x0000, 0x0000, 0x0000, 0x0000, 0x0000, 0x0000, 
  0x0000, 0x0000, 0x0000, 0x0000, 0x0000, 0x0000, 0x0000, 0x0000, 0x0000, 0x0000, 0x0000, 0x0000, 
  0x0000, 0x0000, 0x0000, 0x0000, 0x0000, 0x0000, 0x0000, 0x0000, 0x0000, 0x0000, 0x0000, 0x0000, 
  0x0000, 0x0000, 0x0000, 0x0000, 0x0000, 0x0000, 0x0000, 0x0000, 0x0000, 0x0000, 0x0000, 0x0000, 
  0x0000, 0x0000, 0x0000, 0x0000, 0x0000, 0x0000, 0x0000, 0x0000, 0x0000, 0x0000, 0x0000, 0x0000, 
  0x0000, 0x0000, 0x0000, 0x0000, 0x0000, 0x0000, 0x0000, 0x0000, 0x0000, 0x0000, 0x0000, 0x0000, 
  0x0000, 0x0000, 0x0000, 0x0000, 0x0000, 0x0000, 0x0000, 0x0000, 0x0000, 0x0000, 0x0000, 0x0000, 
  0x0000, 0x0000, 0x0000, 0x0000, 0x0000, 0x0000, 0x0000, 0x0000, 0x0000, 0x0000, 0x0000, 0x0000, 
  0x0000, 0x0000, 0x0000, 0x0000, 0x0000, 0x0000, 0x0000, 0x0000, 0x0000, 0x0000, 0x0000, 0x0000, 
  0x0000, 0x0000, 0x0000, 0x0000, 0x0000, 0x0000, 0x0000, 0x0000, 0x0000, 0x0000, 0x0000, 0x0000, 
  0x0000, 0x0000, 0x0000, 0x0000, 0x0000, 0x0000, 0x0000, 0x0000, 0x0000, 0x0000, 0x0000, 0x0000, 
  0x0000, 0x0000, 0x0000, 0x0000, 0x0000, 0x0000, 0x0000, 0x0000, 0x0000, 0x0000, 0x0000, 0x0000, 
  0x0000, 0x0000, 0x0000, 0x0000, 0x0000, 0x0000, 0x0000, 0x0000, 0x0000, 0x0000, 0x0000, 0x0000, 
  0x0000, 0x0000, 0x0000, 0x0000, 0x0000, 0x0000, 0x0000, 0x0000, 0x0000, 0x0000, 0x0000, 0x0000, 
  0x0000, 0x0000, 0x0000, 0x0000, 0x0000, 0x0000, 0x0000, 0x0000, 0x0000, 0x0000, 0x0000, 0x0000, 
  0x0000, 0x0000, 0x0000, 0x0000, 0x0000, 0x0000, 0x0000, 0x0000, 0x0000, 0x0000, 0x0000, 0x0000, 
  0x0000, 0x0000, 0x0000, 0x0000, 0x0000, 0x0000, 0x0000, 0x0000, 0x0000, 0x0000, 0x0000, 0x0000, 
  0x0000, 0x0000, 0x0000, 0x0000, 0x0000, 0x0000, 0x0000, 0x0000, 0x0000, 0x0000, 0x0000, 0x0000, 
  0x0000, 0x0000, 0x0000, 0x0000, 0x0000, 0x0000, 0x0000, 0x0000, 0x0000, 0x0000, 0x0000, 0x0000, 
  0x0000, 0x0000, 0x0000, 0x0000, 0x0000, 0x0000, 0x0000, 0x0000, 0x0000, 0x0000, 0x0000, 0x0000, 
  0x0000, 0x0000, 0x0000, 0x0000, 0x0000, 0x0000, 0x0000, 0x0000, 0x0000, 0x0000, 0x0000, 0x0000, 
  0x0000, 0x0000, 0x0000, 0x0000, 0x0000, 0x0000, 0x0000, 0x0000, 0x0000, 0x0000, 0x0000, 0x0000, 
  0x0000, 0x0000, 0x0000, 0x0000, 0x0000, 0x0000, 0x0000, 0x0000, 0x0000, 0x0000, 0x0000, 0x0000, 
  0x0000, 0x0000, 0x0000, 0x0000, 0x0000, 0x0000, 0x0000, 0x0000, 0x0000, 0x0000, 0x0000, 0x0000, 
  0x0000, 0x0000, 0x0000, 0x0000, 0x0000, 0x0000, 0x0000, 0x0000, 0x0000, 0x0000, 0x0000, 0x0000, 
  0x0000, 0x0000, 0x0000, 0x0000, 0x0000, 0x0000, 0x0000, 0x0000, 0x0000, 0x0000, 0x0000, 0x0000, 
  0x0000, 0x0000, 0x0000, 0x0000, 0x0000, 0x0000, 0x0000, 0x0000, 0x0000, 0x0000, 0x0000, 0x0000, 
  0x0000, 0x0000, 0x0000, 0x0000, 0x0000, 0x0000, 0x0000, 0x0000, 0x0000, 0x0000, 0x0000, 0x0000, 
  0x0000, 0x0000, 0x0000, 0x0000, 0x0000, 0x0000, 0x0000, 0x0000, 0x0000, 0x0000, 0x0000, 0x0000, 
  0x0000, 0x0000, 0x0000, 0x0000, 0x0000, 0x0000, 0x0000, 0x0000, 0x0000, 0x0000, 0x0000, 0x0000, 
  0x0000, 0x0000, 0x0000, 0x0000, 0x0000, 0x0000, 0x0000, 0x0000, 0x0000, 0x0000, 0x0000, 0x0000, 
  0x0000, 0x0000, 0x0000, 0x0000, 0x0000, 0x0000, 0x0000, 0x0000, 0x0000, 0x0000, 0x0000, 0x0000, 
  0x0000, 0x0000, 0x0000, 0x0000, 0x0000, 0x0000, 0x0000, 0x0000, 0x0000, 0x0000, 0x0000, 0x0000, 
  0x0000, 0x0000, 0x0000, 0x0000, 0x0000, 0x0000, 0x0000, 0x0000, 0x0000, 0x0000, 0x0000, 0x0000, 
  0x0000, 0x0000, 0x0000, 0x0000, 0x0000, 0x0000, 0x0000, 0x0000, 0x0000, 0x0000, 0x0000, 0x0000, 
  0x0000, 0x0000, 0x0000, 0x0000, 0x0000, 0x0000, 0x0000, 0x0000, 0x0000, 0x0000, 0x0000, 0x0000, 
  0x0000, 0x0000, 0x0000, 0x0000, 0x0000, 0x0000, 0x0000, 0x0000, 0x0000, 0x0000, 0x0000, 0x0000, 
  0x0000, 0x0000, 0x0000, 0x0000, 0x0000, 0x0000, 0x0000, 0x0000, 0x0000, 0x0000, 0x0000, 0x0000, 
  0x0000, 0x0000, 0x0000, 0x0000, 0x0000, 0x0000, 0x0000, 0x0000, 0x0000, 0x0000, 0x0000, 0x0000, 
  0x0000, 0x0000, 0x0000, 0x0000, 0x0000, 0x0000, 0x0000, 0x0000, 0x0000, 0x0000, 0x0000, 0x0000, 
  0x0000, 0x0000, 0x0000, 0x0000, 0x0000, 0x0000, 0x0000, 0x0000, 0x0000, 0x0000, 0x0000, 0x0000, 
  0x0000, 0x0000, 0x0000, 0x0000, 0x0000, 0x0000, 0x0000, 0x0000, 0x0000, 0x0000, 0x0000, 0x0000, 
  0x0000, 0x0000, 0x0000, 0x0000, 0x0000, 0x0000, 0x0000, 0x0000, 0x0000, 0x0000, 0x0000, 0x0000, 
  0x0000, 0x0000, 0x0000, 0x0000, 0x0000, 0x0000, 0x0000, 0x0000, 0x0000, 0x0000, 0x0000, 0x0000, 
  0x0000, 0x0000, 0x0000, 0x0000, 0x0000, 0x0000, 0x0000, 0x0000, 0x0000, 0x0000, 0x0000, 0x0000, 
  0x0000, 0x0000, 0x0000, 0x0000, 0x0000, 0x0000, 0x0000, 0x0000, 0x0000, 0x0000, 0x0000, 0x0000, 
  0x0000, 0x0000, 0x0000, 0x0000, 0x0000, 0xBE5A, 0xBE5A, 0xBE5A, 0xBE5A, 0xBE5A, 0x0000, 0x0000, 
  0x0000, 0x0000, 0x0000, 0x0000, 0x0000, 0x0000, 0x0000, 0x0000, 0x0000, 0x0000, 0x0000, 0x0000, 
  0x0000, 0x0000, 0x0000, 0x0000, 0x0000, 0x0000, 0x0000, 0x0000, 0x0000, 0x0000, 0x0000, 0x0000, 
  0x0000, 0x0000, 0x0000, 0x0000, 0x0000, 0x0000, 0x0000, 0x0000, 0x0000, 0x0000, 0x0000, 0x0000, 
  0x0000, 0x0000, 0x0000, 0xBE5A, 0xBE5A, 0xBE5A, 0xBE5A, 0xBE5A, 0xBE5A, 0xBE5A, 0xBE5A, 0xBE5A, 
  0x0000, 0x0000, 0x0000, 0x0000, 0x0000, 0x0000, 0x0000, 0x0000, 0x0000, 0x0000, 0x0000, 0x0000, 
  0x0000, 0x0000, 0x0000, 0x0000, 0x0000, 0x0000, 0x0000, 0x0000, 0x0000, 0x0000, 0x0000, 0x0000, 
  0x0000, 0x0000, 0x0000, 0x0000, 0x0000, 0x0000, 0x0000, 0x0000, 0x0000, 0x0000, 0xBE5A, 0xBE5A, 
  0xBE5A, 0xBE5A, 0xBE5A, 0xBE5A, 0xBE5A, 0xBE5A, 0xBE5A, 0xBE5A, 0xBE5A, 0xBE5A, 0xBE5A, 0xBE5A, 
  0xBE5A, 0xBE5A, 0xBE5A, 0xBE5A, 0xBE5A, 0x0000, 0x0000, 0x0000, 0x0000, 0x0000, 0x0000, 0x0000, 
  0x0000, 0x0000, 0x0000, 0x0000, 0x0000, 0x0000, 0x0000, 0x0000, 0x0000, 0x0000, 0x0000, 0x0000, 
  0x0000, 0x0000, 0x0000, 0x0000, 0x0000, 0x0000, 0x0000, 0x0000, 0xBE5A, 0xBE5A, 0xBE5A, 0xBE5A, 
  0xBE5A, 0xBE5A, 0xBE5A, 0xBE5A, 0xBE5A, 0xBE5A, 0xBE5A, 0xBE5A, 0xBE5A, 0xBE5A, 0xBE5A, 0xBE5A, 
  0xBE5A, 0xBE5A, 0xBE5A, 0xBE5A, 0xBE5A, 0xBE5A, 0xBE5A, 0x0000, 0x0000, 0x0000, 0x0000, 0x0000, 
  0x0000, 0x0000, 0x0000, 0x0000, 0x0000, 0x0000, 0x0000, 0x0000, 0x0000, 0x0000, 0x0000, 0x0000, 
  0x0000, 0x0000, 0x0000, 0x0000, 0x0000, 0x0000, 0x0000, 0xBE5A, 0xBE5A, 0xBE5A, 0xBE5A, 0xBE5A, 
  0xBE5A, 0xBE5A, 0xBE5A, 0xBE5A, 0xBE5A, 0xBE5A, 0xBE5A, 0xBE5A, 0xBE5A, 0xBE5A, 0xBE5A, 0xBE5A, 
  0xBE5A, 0xBE5A, 0xBE5A, 0xBE5A, 0xBE5A, 0xBE5A, 0xBE5A, 0xBE5A, 0x0000, 0x0000, 0x0000, 0x0000, 
  0x0000, 0x0000, 0x0000, 0x0000, 0x0000, 0x0000, 0x0000, 0x0000, 0x0000, 0x0000, 0x0000, 0x0000, 
  0x0000, 0x0000, 0x0000, 0x0000, 0x0000, 0x0000, 0xBE5A, 0xBE5A, 0xBE5A, 0xBE5A, 0xBE5A, 0xBE5A, 
  0xBE5A, 0xBE5A, 0xBE5A, 0xBE5A, 0xBE5A, 0xBE5A, 0xBE5A, 0xBE5A, 0xBE5A, 0xBE5A, 0xBE5A, 0xBE5A, 
  0xBE5A, 0xBE5A, 0xBE5A, 0xBE5A, 0xBE5A, 0xBE5A, 0xBE5A, 0xBE5A, 0xBE5A, 0x0000, 0x0000, 0x0000, 
  0x0000, 0x0000, 0x0000, 0x0000, 0x0000, 0x0000, 0x0000, 0x0000, 0x0000, 0x0000, 0x0000, 0x0000, 
  0x0000, 0xBE5A, 0xBE5A, 0xBE5A, 0xBE5A, 0xBE5A, 0xBE5A, 0xBE5A, 0xBE5A, 0xBE5A, 0xBE5A, 0xBE5A, 
  0xBE5A, 0xBE5A, 0xBE5A, 0xBE5A, 0xBE5A, 0xBE5A, 0xBE5A, 0xBE5A, 0xBE5A, 0xBE5A, 0xBE5A, 0xBE5A, 
  0xBE5A, 0xBE5A, 0xBE5A, 0xBE5A, 0xBE5A, 0xBE5A, 0xBE5A, 0xBE5A, 0xBE5A, 0xBE5A, 0x0000, 0x0000, 
  0x0000, 0x0000, 0x0000, 0x0000, 0x0000, 0x0000, 0x0000, 0x0000, 0x0000, 0x0000, 0x0000, 0xBE5A, 
  0xBE5A, 0xBE5A, 0xBE5A, 0xBE5A, 0xBE5A, 0xBE5A, 0xBE5A, 0xBE5A, 0xBE5A, 0xBE5A, 0xBE5A, 0xBE5A, 
  0xBE5A, 0xBE5A, 0xBE5A, 0xBE5A, 0xBE5A, 0xBE5A, 0xBE5A, 0xBE5A, 0xBE5A, 0xBE5A, 0xBE5A, 0xBE5A, 
  0xBE5A, 0xBE5A, 0xBE5A, 0xBE5A, 0xBE5A, 0xBE5A, 0xBE5A, 0xBE5A, 0xBE5A, 0xBE5A, 0x0000, 0x0000, 
  0x0000, 0x0000, 0x0000, 0x0000, 0x0000, 0x0000, 0x0000, 0x0000, 0x0000, 0xBE5A, 0xBE5A, 0xBE5A, 
  0xBE5A, 0xBE5A, 0xBE5A, 0xBE5A, 0xBE5A, 0xBE5A, 0xBE5A, 0xBE5A, 0xBE5A, 0xBE5A, 0xBE5A, 0xBE5A, 
  0xBE5A, 0xBE5A, 0xBE5A, 0xBE5A, 0xBE5A, 0xBE5A, 0xBE5A, 0xBE5A, 0xBE5A, 0xBE5A, 0xBE5A, 0xBE5A, 
  0xBE5A, 0xBE5A, 0xBE5A, 0xBE5A, 0xBE5A, 0xBE5A, 0xBE5A, 0xBE5A, 0xBE5A, 0xBE5A, 0xBE5A, 0x0000, 
  0x0000, 0x0000, 0x0000, 0x0000, 0x0000, 0x0000, 0x0000, 0x0000, 0xBE5A, 0xBE5A, 0xBE5A, 0xBE5A, 
  0xBE5A, 0xBE5A, 0xBE5A, 0xBE5A, 0xBE5A, 0xBE5A, 0xBE5A, 0xBE5A, 0xBE5A, 0xBE5A, 0xBE5A, 0xBE5A, 
  0xBE5A, 0xBE5A, 0xBE5A, 0xBE5A, 0xBE5A, 0xBE5A, 0xBE5A, 0xBE5A, 0xBE5A, 0xBE5A, 0xBE5A, 0xBE5A, 
  0xBE5A, 0xBE5A, 0xBE5A, 0xBE5A, 0xBE5A, 0xBE5A, 0xBE5A, 0xBE5A, 0xBE5A, 0xBE5A, 0xBE5A, 0x0000, 
  0x0000, 0x0000, 0x0000, 0x0000, 0x0000, 0x0000, 0x0000, 0x0000, 0xBE5A, 0xBE5A, 0xBE5A, 0xBE5A, 
  0xBE5A, 0xBE5A, 0xBE5A, 0xBE5A, 0xBE5A, 0xBE5A, 0xBE5A, 0xBE5A, 0xBE5A, 0xBE5A, 0xBE5A, 0xBE5A, 
  0xBE5A, 0xBE5A, 0xBE5A, 0xBE5A, 0xBE5A, 0xBE5A, 0xBE5A, 0xBE5A, 0xBE5A, 0xBE5A, 0xBE5A, 0xBE5A, 
  0xBE5A, 0xBE5A, 0xBE5A, 0xBE5A, 0xBE5A, 0xBE5A, 0xBE5A, 0xBE5A, 0xBE5A, 0xBE5A, 0xBE5A, 0x0000, 
  0x0000, 0x0000, 0x0000, 0x0000, 0x0000, 0x0000, 0x0000, 0xBE5A, 0xBE5A, 0xBE5A, 0xBE5A, 0xBE5A, 
  0xBE5A, 0xBE5A, 0xBE5A, 0xBE5A, 0xBE5A, 0xBE5A, 0xBE5A, 0xBE5A, 0xBE5A, 0xBE5A, 0xBE5A, 0xBE5A, 
  0xBE5A, 0xBE5A, 0xBE5A, 0xBE5A, 0xBE5A, 0xBE5A, 0xBE5A, 0xBE5A, 0xBE5A, 0xBE5A, 0xBE5A, 0xBE5A, 
  0xBE5A, 0xBE5A, 0xBE5A, 0xBE5A, 0xBE5A, 0xBE5A, 0xBE5A, 0xBE5A, 0xBE5A, 0xBE5A, 0xBE5A, 0x0000, 
  0x0000, 0x0000, 0x0000, 0x0000, 0x0000, 0x0000, 0x0000, 0xBE5A, 0xBE5A, 0xBE5A, 0xBE5A, 0xBE5A, 
  0xBE5A, 0xBE5A, 0xBE5A, 0xBE5A, 0xBE5A, 0xBE5A, 0xBE5A, 0xBE5A, 0xBE5A, 0xBE5A, 0xBE5A, 0xBE5A, 
  0xBE5A, 0xBE5A, 0xBE5A, 0xBE5A, 0xBE5A, 0xBE5A, 0xBE5A, 0xBE5A, 0xBE5A, 0xBE5A, 0xBE5A, 0xBE5A, 
  0xBE5A, 0xBE5A, 0xBE5A, 0xBE5A, 0xBE5A, 0xBE5A, 0xBE5A, 0xBE5A, 0xBE5A, 0xBE5A, 0xBE5A, 0x0000, 
  0x0000, 0x0000, 0x0000, 0x0000, 0x0000, 0x0000, 0xBE5A, 0xBE5A, 0xBE5A, 0xBE5A, 0xBE5A, 0xBE5A, 
  0xBE5A, 0xBE5A, 0xBE5A, 0xBE5A, 0xBE5A, 0xBE5A, 0xBE5A, 0xBE5A, 0xBE5A, 0xBE5A, 0xBE5A, 0xBE5A, 
  0xBE5A, 0xBE5A, 0xBE5A, 0xBE5A, 0xBE5A, 0xBE5A, 0xBE5A, 0xBE5A, 0xBE5A, 0xBE5A, 0xBE5A, 0xBE5A, 
  0xBE5A, 0xBE5A, 0xBE5A, 0xBE5A, 0xBE5A, 0xBE5A, 0xBE5A, 0xBE5A, 0xBE5A, 0xBE5A, 0x0000, 0x0000, 
  0x0000, 0x0000, 0x0000, 0x0000, 0x0000, 0x0000, 0xBE5A, 0xBE5A, 0xBE5A, 0xBE5A, 0xBE5A, 0xBE5A, 
  0xBE5A, 0xBE5A, 0xBE5A, 0xBE5A, 0xBE5A, 0xBE5A, 0xBE5A, 0xBE5A, 0xBE5A, 0xBE5A, 0xBE5A, 0xBE5A, 
  0xBE5A, 0xBE5A, 0xBE5A, 0xBE5A, 0xBE5A, 0xBE5A, 0xBE5A, 0xBE5A, 0xBE5A, 0xBE5A, 0xBE5A, 0xBE5A, 
  0xBE5A, 0xBE5A, 0xBE5A, 0xBE5A, 0xBE5A, 0xBE5A, 0xBE5A, 0xBE5A, 0xBE5A, 0xBE5A, 0x0000, 0x0000, 
  0x0000, 0x0000, 0x0000, 0x0000, 0x0000, 0x0000, 0xBE5A, 0xBE5A, 0xBE5A, 0xBE5A, 0xBE5A, 0xBE5A, 
  0xBE5A, 0xBE5A, 0xBE5A, 0xBE5A, 0xBE5A, 0xBE5A, 0xBE5A, 0xBE5A, 0xBE5A, 0xBE5A, 0xBE5A, 0xBE5A, 
  0xBE5A, 0xBE5A, 0xBE5A, 0xBE5A, 0xBE5A, 0xBE5A, 0xBE5A, 0xBE5A, 0xBE5A, 0xBE5A, 0xBE5A, 0xBE5A, 
  0xBE5A, 0xBE5A, 0xBE5A, 0xBE5A, 0xBE5A, 0xBE5A, 0xBE5A, 0xBE5A, 0xBE5A, 0x0000, 0x0000, 0x0000, 
  0x0000, 0x0000, 0x0000, 0x0000, 0x0000, 0x0000, 0xBE5A, 0xBE5A, 0xBE5A, 0xBE5A, 0xBE5A, 0xBE5A, 
  0xBE5A, 0xBE5A, 0xBE5A, 0xBE5A, 0xBE5A, 0xBE5A, 0xBE5A, 0xBE5A, 0xBE5A, 0xBE5A, 0xBE5A, 0xBE5A, 
  0xBE5A, 0xBE5A, 0xBE5A, 0xBE5A, 0xBE5A, 0xBE5A, 0xBE5A, 0xBE5A, 0xBE5A, 0xBE5A, 0xBE5A, 0xBE5A, 
  0xBE5A, 0xBE5A, 0xBE5A, 0xBE5A, 0xBE5A, 0xBE5A, 0xBE5A, 0xBE5A, 0x0000, 0x0000, 0x0000, 0x0000, 
  0x0000, 0x0000, 0x0000, 0x0000, 0x0000, 0x0000, 0xBE5A, 0xBE5A, 0xBE5A, 0xBE5A, 0xBE5A, 0xBE5A, 
  0xBE5A, 0xBE5A, 0xBE5A, 0xBE5A, 0xBE5A, 0xBE5A, 0xBE5A, 0xBE5A, 0xBE5A, 0xBE5A, 0xBE5A, 0xBE5A, 
  0xBE5A, 0xBE5A, 0xBE5A, 0xBE5A, 0xBE5A, 0xBE5A, 0xBE5A, 0xBE5A, 0xBE5A, 0xBE5A, 0xBE5A, 0xBE5A, 
  0xBE5A, 0xBE5A, 0xBE5A, 0xBE5A, 0xBE5A, 0xBE5A, 0xBE5A, 0x0000, 0x0000, 0x0000, 0x0000, 0x0000, 
  0x0000, 0x0000, 0x0000, 0x0000, 0x0000, 0x0000, 0x0000, 0xBE5A, 0xBE5A, 0xBE5A, 0xBE5A, 0xBE5A, 
  0xBE5A, 0xBE5A, 0xBE5A, 0xBE5A, 0xBE5A, 0xBE5A, 0xBE5A, 0xBE5A, 0xBE5A, 0xBE5A, 0xBE5A, 0xBE5A, 
  0xBE5A, 0xBE5A, 0xBE5A, 0xBE5A, 0xBE5A, 0xBE5A, 0xBE5A, 0xBE5A, 0xBE5A, 0xBE5A, 0xBE5A, 0xBE5A, 
  0xBE5A, 0xBE5A, 0xBE5A, 0xBE5A, 0xBE5A, 0xBE5A, 0xBE5A, 0x0000, 0x0000, 0x0000, 0x0000, 0x0000, 
  0x0000, 0x0000, 0x0000, 0x0000, 0x0000, 0x0000, 0x0000, 0xBE5A, 0xBE5A, 0xBE5A, 0xBE5A, 0xBE5A, 
  0xDF9F, 0xBE5A, 0xBE5A, 0xBE5A, 0xBE5A, 0xBE5A, 0xBE5A, 0xBE5A, 0xDF9F, 0xBE5A, 0xBE5A, 0xBE5A, 
  0xBE5A, 0xBE5A, 0xBE5A, 0xBE5A, 0xDF9F, 0xBE5A, 0xBE5A, 0xBE5A, 0xBE5A, 0xBE5A, 0xBE5A, 0xBE5A, 
  0xDF9F, 0xBE5A, 0xBE5A, 0xBE5A, 0xBE5A, 0xBE5A, 0x0000, 0x0000, 0x0000, 0x0000, 0x0000, 0x0000, 
  0x0000, 0x0000, 0x0000, 0x0000, 0x0000, 0x0000, 0x0000, 0x0000, 0xBE5A, 0xBE5A, 0xDF9F, 0xBE5A, 
  0xDF9F, 0xBE5A, 0xDF9F, 0xBE5A, 0xBE5A, 0xBE5A, 0xDF9F, 0xBE5A, 0xDF9F, 0xBE5A, 0xDF9F, 0xBE5A, 
  0xBE5A, 0xBE5A, 0xDF9F, 0xBE5A, 0xDF9F, 0xBE5A, 0xDF9F, 0xBE5A, 0xBE5A, 0xBE5A, 0xDF9F, 0xBE5A, 
  0xDF9F, 0xBE5A, 0xDF9F, 0xBE5A, 0xBE5A, 0x0000, 0x0000, 0x0000, 0x0000, 0x0000, 0x0000, 0x0000, 
  0x0000, 0x0000, 0x0000, 0x0000, 0x0000, 0x0000, 0x0000, 0x0000, 0xBE5A, 0xBE5A, 0xBE5A, 0xDF9F, 
  0xDF9F, 0xDF9F, 0xBE5A, 0xBE5A, 0xBE5A, 0xBE5A, 0xBE5A, 0xDF9F, 0xDF9F, 0xDF9F, 0xBE5A, 0xBE5A, 
  0xBE5A, 0xBE5A, 0xBE5A, 0xDF9F, 0xDF9F, 0xDF9F, 0xBE5A, 0xBE5A, 0xBE5A, 0xBE5A, 0xBE5A, 0xDF9F, 
  0xDF9F, 0xDF9F, 0xBE5A, 0xBE5A, 0xBE5A, 0x0000, 0x0000, 0x0000, 0x0000, 0x0000, 0x0000, 0x0000, 
  0x0000, 0x0000, 0x0000, 0x0000, 0x0000, 0x0000, 0x0000, 0x0000, 0x0000, 0xDF9F, 0xDF9F, 0xDF9F, 
  0xDF9F, 0xDF9F, 0xDF9F, 0xDF9F, 0xBE5A, 0xDF9F, 0xDF9F, 0xDF9F, 0xDF9F, 0xDF9F, 0xDF9F, 0xDF9F, 
  0xBE5A, 0xDF9F, 0xDF9F, 0xDF9F, 0xDF9F, 0xDF9F, 0xDF9F, 0xDF9F, 0xBE5A, 0xDF9F, 0xDF9F, 0xDF9F, 
  0xDF9F, 0xDF9F, 0xDF9F, 0xDF9F, 0x0000, 0x0000, 0x0000, 0x0000, 0x0000, 0x0000, 0x0000, 0x0000, 
  0x0000, 0x0000, 0x0000, 0x0000, 0x0000, 0x0000, 0x0000, 0x0000, 0x0000, 0x0000, 0xBE5A, 0xDF9F, 
  0xDF9F, 0xDF9F, 0xBE5A, 0xBE5A, 0xBE5A, 0xBE5A, 0xBE5A, 0xDF9F, 0xDF9F, 0xDF9F, 0xBE5A, 0xBE5A, 
  0xBE5A, 0xBE5A, 0xBE5A, 0xDF9F, 0xDF9F, 0xDF9F, 0xBE5A, 0xBE5A, 0xBE5A, 0xBE5A, 0xBE5A, 0xDF9F, 
  0xDF9F, 0xDF9F, 0xBE5A, 0x0000, 0x0000, 0x0000, 0x0000, 0x0000, 0x0000, 0x0000, 0x0000, 0x0000, 
  0x0000, 0x0000, 0x0000, 0x0000, 0x0000, 0x0000, 0x0000, 0x0000, 0x0000, 0x0000, 0xDF9F, 0xBE5A, 
  0xDF9F, 0xBE5A, 0xDF9F, 0xBE5A, 0xBE5A, 0xBE5A, 0xDF9F, 0xBE5A, 0xDF9F, 0xBE5A, 0xDF9F, 0xBE5A, 
  0xBE5A, 0xBE5A, 0xDF9F, 0xBE5A, 0xDF9F, 0xBE5A, 0xDF9F, 0xBE5A, 0xBE5A, 0xBE5A, 0xDF9F, 0xBE5A, 
  0xDF9F, 0xBE5A, 0xDF9F, 0x0000, 0x0000, 0x0000, 0x0000, 0x0000, 0x0000, 0x0000, 0x0000, 0x0000, 
  0x0000, 0x0000, 0x0000, 0x0000, 0x0000, 0x0000, 0x0000, 0x0000, 0x0000, 0x0000, 0x0000, 0x0000, 
  0xDF9F, 0x0000, 0x0000, 0x0000, 0x0000, 0x0000, 0x0000, 0x0000, 0xDF9F, 0x0000, 0x0000, 0x0000, 
  0x0000, 0x0000, 0x0000, 0x0000, 0xDF9F, 0x0000, 0x0000, 0x0000, 0x0000, 0x0000, 0x0000, 0x0000, 
  0xDF9F, 0x0000, 0x0000, 0x0000, 0x0000, 0x0000, 0x0000, 0x0000, 0x0000, 0x0000, 0x0000, 0x0000, 
  0x0000, 0x0000, 0x0000, 0x0000, 0x0000, 0x0000, 0x0000, 0x0000, 0x0000, 0x0000, 0x0000, 0x0000, 
  0x0000, 0x0000, 0x0000, 0x0000, 0x0000, 0x0000, 0x0000, 0x0000, 0x0000, 0x0000, 0x0000, 0x0000, 
  0x0000, 0x0000, 0x0000, 0x0000, 0x0000, 0x0000, 0x0000, 0x0000, 0x0000, 0x0000, 0x0000, 0x0000, 
  0x0000, 0x0000, 0x0000, 0x0000, 0x0000, 0x0000, 0x0000, 0x0000, 0x0000, 0x0000, 0x0000, 0x0000, 
  0x0000, 0x0000, 0x0000, 0x0000, 0x0000, 0x0000, 0x0000, 0x0000, 0x0000, 0x0000, 0x0000, 0x0000, 
  0x0000, 0x0000, 0x0000, 0x0000, 0x0000, 0x0000, 0x0000, 0x0000, 0x0000, 0x0000, 0x0000, 0x0000, 
  0x0000, 0x0000, 0x0000, 0x0000, 0x0000, 0x0000, 0x0000, 0x0000, 0x0000, 0x0000, 0x0000, 0x0000, 
  0x0000, 0x0000, 0x0000, 0x0000, 0x0000, 0x0000, 0x0000, 0x0000, 0x0000, 0x0000, 0x0000, 0x0000, 
  0x0000, 0x0000, 0x0000, 0x0000, 0x0000, 0x0000, 0x0000, 0x0000, 0x0000, 0x0000, 0x0000, 0x0000, 
  0x0000, 0x0000, 0x0000, 0x0000, 0x0000, 0x0000, 0x0000, 0x0000, 0x0000, 0x0000, 0x0000, 0x0000, 
  0x0000, 0x0000, 0x0000, 0x0000, 0x0000, 0x0000, 0x0000, 0x0000, 0x0000, 0x0000, 0x0000, 0x0000, 
  0x0000, 0x0000, 0x0000, 0x0000, 0x0000, 0x0000, 0x0000, 0x0000, 0x0000, 0x0000, 0x0000, 0x0000, 
  0x0000, 0x0000, 0x0000, 0x0000, 0x0000, 0x0000, 0x0000, 0x0000, 0x0000, 0x0000, 0x0000, 0x0000, 
  0x0000, 0x0000, 0x0000, 0x0000, 0x0000, 0x0000, 0x0000, 0x0000, 0x0000, 0x0000, 0x0000, 0x0000, 
  0x0000, 0x0000, 0x0000, 0x0000, 0x0000, 0x0000, 0x0000, 0x0000, 0x0000, 0x0000, 0x0000, 0x0000, 
  0x0000, 0x0000, 0x0000, 0x0000, 0x0000, 0x0000, 0x0000, 0x0000, 0x0000, 0x0000, 0x0000, 0x0000, 
  0x0000, 0x0000, 0x0000, 0x0000, 0x0000, 0x0000, 0x0000, 0x0000, 0x0000, 0x0000, 0x0000, 0x0000, 
  0x0000, 0x0000, 0x0000, 0x0000, 0x0000, 0x0000, 0x0000, 0x0000, 0x0000, 0x0000, 0x0000, 0x0000, 
  0x0000, 0x0000, 0x0000, 0x0000, 0x0000, 0x0000, 0x0000, 0x0000, 0x0000, 0x0000, 0x0000, 0x0000, 
  0x0000, 0x0000, 0x0000, 0x0000, 0x0000, 0x0000, 0x0000, 0x0000, 0x0000, 0x0000, 0x0000, 0x0000, 
  0x0000, 0x0000, 0x0000, 0x0000, 0x0000, 0x0000, 0x0000, 0x0000, 0x0000, 0x0000, 0x0000, 0x0000, 
  0x0000, 0x0000, 0x0000, 0x0000, 0x0000, 0x0000, 0x0000, 0x0000, 0x0000, 0x0000, 0x0000, 0x0000, 
  0x0000, 0x0000, 0x0000, 0x0000, 0x0000, 0x0000, 0x0000, 0x0000, 0x0000, 0x0000, 0x0000, 0x0000, 
  0x0000, 0x0000, 0x0000, 0x0000, 0x0000, 0x0000, 0x0000, 0x0000, 0x0000, 0x0000, 0x0000, 0x0000, 
  0x0000, 0x0000, 0x0000, 0x0000, 0x0000, 0x0000, 0x0000, 0x0000, 0x0000, 0x0000, 0x0000, 0x0000, 
  0x0000, 0x0000, 0x0000, 0x0000, 0x0000, 0x0000, 0x0000, 0x0000, 0x0000, 0x0000, 0x0000, 0x0000, 
  0x0000, 0x0000, 0x0000, 0x0000, 0x0000, 0x0000, 0x0000, 0x0000, 0x0000, 0x0000, 0x0000, 0x0000, 
  0x0000, 0x0000, 0x0000, 0x0000, 0x0000, 0x0000, 0x0000, 0x0000, 0x0000, 0x0000, 0x0000, 0x0000, 
  0x0000, 0x0000, 0x0000, 0x0000, 0x0000, 0x0000, 0x0000, 0x0000, 0x0000, 0x0000, 0x0000, 0x0000, 
  0x0000, 0x0000, 0x0000, 0x0000, 0x0000, 0x0000, 0x0000, 0x0000, 0x0000, 0x0000, 0x0000, 0x0000, 
  0x0000, 0x0000, 0x0000, 0x0000, 0x0000, 0x0000, 0x0000, 0x0000, 0x0000, 0x0000, 0x0000, 0x0000, 
  0x0000, 0x0000, 0x0000, 0x0000, 0x0000, 0x0000, 0x0000, 0x0000, 0x0000, 0x0000, 0x0000, 0x0000, 
  0x0000, 0x0000, 0x0000, 0x0000, 0x0000, 0x0000, 0x0000, 0x0000, 0x0000, 0x0000, 0x0000, 0x0000, 
  0x0000, 0x0000, 0x0000, 0x0000, 0x0000, 0x0000, 0x0000, 0x0000, 0x0000, 0x0000, 0x0000, 0x0000, 
  0x0000, 0x0000, 0x0000, 0x0000, 0x0000, 0x0000, 0x0000, 0x0000, 0x0000, 0x0000, 0x0000, 0x0000, 
  0x0000, 0x0000, 0x0000, 0x0000, 0x0000, 0x0000, 0x0000, 0x0000, 0x0000, 0x0000, 0x0000, 0x0000, 
  0x0000, 0x0000, 0x0000, 0x0000, 0x0000, 0x0000, 0x0000, 0x0000, 0x0000, 0x0000, 0x0000, 0x0000, 
  0x0000, 0x0000, 0x0000, 0x0000, 0x0000, 0x0000, 0x0000, 0x0000, 0x0000, 0x0000, 0x0000, 0x0000, 
  0x0000, 0x0000, 0x0000, 0x0000, 0x0000, 0x0000, 0x0000, 0x0000, 0x0000, 0x0000, 0x0000, 0x0000, 
  0x0000, 0x0000, 0x0000, 0x0000, 0x0000, 0x0000, 0x0000, 0x0000, 0x0000, 0x0000, 0x0000, 0x0000
};

// 6 - Fog
const uint16_t PROGMEM WEATHER48_ICON_6[WEATHER48_W*WEATHER48_H] = {
  0x0000, 0x0000, 0x0000, 0x0000, 0x0000, 0x0000, 0x0000, 0x0000, 0x0000, 0x0000, 0x0000, 0x0000, 
  0x0000, 0x0000, 0x0000, 0x0000, 0x0000, 0x0000, 0x0000, 0x0000, 0x0000, 0x0000, 0x0000, 0x0000, 
  0x0000, 0x0000, 0x0000, 0x0000, 0x0000, 0x0000, 0x0000, 0x0000, 0x0000, 0x0000, 0x0000, 0x0000, 
  0x0000, 0x0000, 0x0000, 0x0000, 0x0000, 0x0000, 0x0000, 0x0000, 0x0000, 0x0000, 0x0000, 0x0000, 
  0x0000, 0x0000, 0x0000, 0x0000, 0x0000, 0x0000, 0x0000, 0x0000, 0x0000, 0x0000, 0x0000, 0x0000, 
  0x0000, 0x0000, 0x0000, 0x0000, 0x0000, 0x0000, 0x0000, 0x0000, 0x0000, 0x0000, 0x0000, 0x0000, 
  0x0000, 0x0000, 0x0000, 0x0000, 0x0000, 0x0000, 0x0000, 0x0000, 0x0000, 0x0000, 0x0000, 0x0000, 
  0x0000, 0x0000, 0x0000, 0x0000, 0x0000, 0x0000, 0x0000, 0x0000, 0x0000, 0x0000, 0x0000, 0x0000, 
  0x0000, 0x0000, 0x0000, 0x0000, 0x0000, 0x0000, 0x0000, 0x0000, 0x0000, 0x0000, 0x0000, 0x0000, 
  0x0000, 0x0000, 0x0000, 0x0000, 0x0000, 0x0000, 0x0000, 0x0000, 0x0000, 0x0000, 0x0000, 0x0000, 
  0x0000, 0x0000, 0x0000, 0x0000, 0x0000, 0x0000, 0x0000, 0x0000, 0x0000, 0x0000, 0x0000, 0x0000, 
  0x0000, 0x0000, 0x0000, 0x0000, 0x0000, 0x0000, 0x0000, 0x0000, 0x0000, 0x0000, 0x0000, 0x0000, 
  0x0000, 0x0000, 0x0000, 0x0000, 0x0000, 0x0000, 0x0000, 0x0000, 0x0000, 0x0000, 0x0000, 0x0000, 
  0x0000, 0x0000, 0x0000, 0x0000, 0x0000, 0x0000, 0x0000, 0x0000, 0x0000, 0x0000, 0x0000, 0x0000, 
  0x0000, 0x0000, 0x0000, 0x0000, 0x0000, 0x0000, 0x0000, 0x0000, 0x0000, 0x0000, 0x0000, 0x0000, 
  0x0000, 0x0000, 0x0000, 0x0000, 0x0000, 0x0000, 0x0000, 0x0000, 0x0000, 0x0000, 0x0000, 0x0000, 
  0x0000, 0x0000, 0x0000, 0x0000, 0x0000, 0x0000, 0x0000, 0x0000, 0x0000, 0x0000, 0x0000, 0x0000, 
  0x0000, 0x0000, 0x0000, 0x0000, 0x0000, 0x0000, 0x0000, 0x0000, 0x0000, 0x0000, 0x0000, 0x0000, 
  0x0000, 0x0000, 0x0000, 0x0000, 0x0000, 0x0000, 0x0000, 0x0000, 0x0000, 0x0000, 0x0000, 0x0000, 
  0x0000, 0x0000, 0x0000, 0x0000, 0x0000, 0x0000, 0x0000, 0x0000, 0x0000, 0x0000, 0x0000, 0x0000, 
  0x0000, 0x0000, 0x0000, 0x0000, 0x0000, 0x0000, 0x0000, 0x0000, 0x0000, 0x0000, 0x0000, 0x0000, 
  0x0000, 0x0000, 0x0000, 0x0000, 0x0000, 0x0000, 0x0000, 0x0000, 0x0000, 0x0000, 0x0000, 0x0000, 
  0x0000, 0x0000, 0x0000, 0x0000, 0x0000, 0x0000, 0x0000, 0x0000, 0x0000, 0x0000, 0x0000, 0x0000, 
  0x0000, 0x0000, 0x0000, 0x0000, 0x0000, 0x0000, 0x0000, 0x0000, 0x0000, 0x0000, 0x0000, 0x0000, 
  0x0000, 0x0000, 0x0000, 0x0000, 0x0000, 0x0000, 0x0000, 0x0000, 0x0000, 0x0000, 0x0000, 0x0000, 
  0x0000, 0x0000, 0x0000, 0x0000, 0x0000, 0x0000, 0x0000, 0x0000, 0x0000, 0x0000, 0x0000, 0x0000, 
  0x0000, 0x0000, 0x0000, 0x0000, 0x0000, 0x0000, 0x0000, 0x0000, 0x0000, 0x0000, 0x0000, 0x0000, 
  0x0000, 0x0000, 0x0000, 0x0000, 0x0000, 0x0000, 0x0000, 0x0000, 0x0000, 0x0000, 0x0000, 0x0000, 
  0x0000, 0x0000, 0x0000, 0x0000, 0x0000, 0x0000, 0x0000, 0x0000, 0x0000, 0x0000, 0x0000, 0x0000, 
  0x0000, 0x0000, 0x0000, 0x0000, 0x0000, 0x0000, 0x0000, 0x0000, 0x0000, 0x0000, 0x0000, 0x0000, 
  0x0000, 0x0000, 0x0000, 0x0000, 0x0000, 0x0000, 0x0000, 0x0000, 0x0000, 0x0000, 0x0000, 0x0000, 
  0x0000, 0x0000, 0x0000, 0x0000, 0x0000, 0x0000, 0x0000, 0x0000, 0x0000, 0x0000, 0x0000, 0x0000, 
  0x0000, 0x0000, 0x0000, 0x0000, 0x0000, 0x0000, 0x0000, 0x0000, 0x0000, 0x0000, 0x0000, 0x0000, 
  0x0000, 0x0000, 0x0000, 0x0000, 0x0000, 0x0000, 0x0000, 0x0000, 0x0000, 0x0000, 0x0000, 0x0000, 
  0x0000, 0x0000, 0x0000, 0x0000, 0x0000, 0x0000, 0x0000, 0x0000, 0x0000, 0x0000, 0x0000, 0x0000, 
  0x0000, 0x0000, 0x0000, 0x0000, 0x0000, 0x0000, 0x0000, 0x0000, 0x0000, 0x0000, 0x0000, 0x0000, 
  0x0000, 0x0000, 0x0000, 0x0000, 0x0000, 0x0000, 0x0000, 0x0000, 0x0000, 0x0000, 0x0000, 0x0000, 
  0x0000, 0x0000, 0x0000, 0x0000, 0x0000, 0x0000, 0x0000, 0x0000, 0x0000, 0x0000, 0x0000, 0x0000, 
  0x0000, 0x0000, 0x0000, 0x0000, 0x0000, 0x0000, 0x0000, 0x0000, 0x0000, 0x0000, 0x0000, 0x0000, 
  0x0000, 0x0000, 0x0000, 0x0000, 0x0000, 0x0000, 0x0000, 0x0000, 0x0000, 0x0000, 0x0000, 0x0000, 
  0x0000, 0x0000, 0x0000, 0x0000, 0x0000, 0x0000, 0x0000, 0x0000, 0x0000, 0x0000, 0x0000, 0x0000, 
  0x0000, 0x0000, 0x0000, 0x0000, 0x0000, 0x0000, 0x0000, 0x0000, 0x0000, 0x0000, 0x0000, 0x0000, 
  0x0000, 0x0000, 0x0000, 0x0000, 0x0000, 0x0000, 0x0000, 0x0000, 0x0000, 0x0000, 0x0000, 0x0000, 
  0x0000, 0x0000, 0x0000, 0x0000, 0x0000, 0x0000, 0x0000, 0x0000, 0x0000, 0x0000, 0x0000, 0x0000, 
  0x0000, 0x0000, 0x0000, 0x0000, 0x0000, 0x0000, 0x0000, 0x0000, 0x0000, 0x0000, 0x0000, 0x0000, 
  0x0000, 0x0000, 0x0000, 0x0000, 0x0000, 0x0000, 0x0000, 0x0000, 0x0000, 0x0000, 0x0000, 0x0000, 
  0x0000, 0x0000, 0x0000, 0x0000, 0x0000, 0x0000, 0x0000, 0x0000, 0x0000, 0x0000, 0x0000, 0x0000, 
  0x0000, 0x0000, 0x0000, 0x0000, 0x0000, 0x0000, 0x0000, 0x0000, 0x0000, 0x0000, 0x0000, 0x0000, 
  0x0000, 0x0000, 0x0000, 0x0000, 0x0000, 0x0000, 0x0000, 0x0000, 0x0000, 0x0000, 0x0000, 0x0000, 
  0x0000, 0x0000, 0x0000, 0x0000, 0x0000, 0x0000, 0x0000, 0x0000, 0x0000, 0x0000, 0x0000, 0x0000, 
  0x0000, 0x0000, 0x0000, 0x0000, 0x0000, 0x0000, 0x0000, 0x0000, 0x0000, 0x0000, 0x0000, 0x0000, 
  0x0000, 0x0000, 0x0000, 0x0000, 0x0000, 0x0000, 0x0000, 0x0000, 0x0000, 0x0000, 0x0000, 0x0000, 
  0x0000, 0x0000, 0x0000, 0x0000, 0x0000, 0x0000, 0x0000, 0x0000, 0x0000, 0x0000, 0x0000, 0x0000, 
  0x0000, 0x0000, 0x0000, 0x0000, 0x0000, 0x0000, 0x0000, 0x0000, 0x0000, 0x0000, 0x0000, 0x0000, 
  0x0000, 0x0000, 0x0000, 0x0000, 0x0000, 0x0000, 0x0000, 0x0000, 0x0000, 0x0000, 0x0000, 0x0000, 
  0x0000, 0x0000, 0x0000, 0x0000, 0x0000, 0x0000, 0x0000, 0x0000, 0x0000, 0x0000, 0x0000, 0x0000, 
  0x0000, 0x0000, 0x0000, 0x0000, 0x0000, 0x0000, 0x0000, 0x0000, 0x0000, 0x0000, 0x0000, 0x0000, 
  0x0000, 0x0000, 0x0000, 0x0000, 0x0000, 0x0000, 0x0000, 0x0000, 0x0000, 0x0000, 0xBE5A, 0xBE5A, 
  0xBE5A, 0xBE5A, 0xBE5A, 0x0000, 0x0000, 0x0000, 0x0000, 0x0000, 0x0000, 0x0000, 0x0000, 0x0000, 
  0x0000, 0x0000, 0x0000, 0x0000, 0x0000, 0x0000, 0x0000, 0x0000, 0x0000, 0x0000, 0x0000, 0x0000, 
  0x0000, 0x0000, 0x0000, 0x0000, 0x0000, 0x0000, 0x0000, 0x0000, 0x0000, 0x0000, 0x0000, 0x0000, 
  0x0000, 0x0000, 0x0000, 0x0000, 0x0000, 0x0000, 0x0000, 0x0000, 0xBE5A, 0xBE5A, 0xBE5A, 0xBE5A, 
  0xBE5A, 0xBE5A, 0xBE5A, 0xBE5A, 0xBE5A, 0x0000, 0x0000, 0x0000, 0x0000, 0x0000, 0x0000, 0x0000, 
  0x0000, 0x0000, 0x0000, 0x0000, 0x0000, 0x0000, 0x0000, 0x0000, 0x0000, 0x0000, 0x0000, 0x0000, 
  0x0000, 0x0000, 0x0000, 0x0000, 0x0000, 0x0000, 0x0000, 0x0000, 0x0000, 0x0000, 0x0000, 0x0000, 
  0x0000, 0x0000, 0xBE5A, 0xBE5A, 0xBE5A, 0xBE5A, 0xBE5A, 0xBE5A, 0xBE5A, 0xBE5A, 0xBE5A, 0xBE5A, 
  0xBE5A, 0xBE5A, 0xBE5A, 0xBE5A, 0xBE5A, 0xBE5A, 0xBE5A, 0xBE5A, 0xBE5A, 0xBE5A, 0xBE5A, 0x0000, 
  0x0000, 0x0000, 0x0000, 0x0000, 0x0000, 0x0000, 0x0000, 0x0000, 0x0000, 0x0000, 0x0000, 0x0000, 
  0x0000, 0x0000, 0x0000, 0x0000, 0x0000, 0x0000, 0x0000, 0x0000, 0x0000, 0x0000, 0x0000, 0x0000, 
  0xBE5A, 0xBE5A, 0xBE5A, 0xBE5A, 0xBE5A, 0xBE5A, 0xBE5A, 0xBE5A, 0xBE5A, 0xBE5A, 0xBE5A, 0xBE5A, 
  0xBE5A, 0xBE5A, 0xBE5A, 0xBE5A, 0xBE5A, 0xBE5A, 0xBE5A, 0xBE5A, 0xBE5A, 0xBE5A, 0xBE5A, 0xBE5A, 
  0xBE5A, 0x0000, 0x0000, 0x0000, 0x0000, 0x0000, 0x0000, 0x0000, 0x0000, 0x0000, 0x0000, 0x0000, 
  0x0000, 0x0000, 0x0000, 0x0000, 0x0000, 0x0000, 0x0000, 0x0000, 0x0000, 0x0000, 0x0000, 0xBE5A, 
  0xBE5A, 0xBE5A, 0xBE5A, 0xBE5A, 0xBE5A, 0xBE5A, 0xBE5A, 0xBE5A, 0xBE5A, 0xBE5A, 0xBE5A, 0xBE5A, 
  0xBE5A, 0xBE5A, 0xBE5A, 0xBE5A, 0xBE5A, 0xBE5A, 0xBE5A, 0xBE5A, 0xBE5A, 0xBE5A, 0xBE5A, 0xBE5A, 
  0xBE5A, 0xBE5A, 0x0000, 0x0000, 0x0000, 0x0000, 0x0000, 0x0000, 0x0000, 0x0000, 0x0000, 0x0000, 
  0x0000, 0x0000, 0x0000, 0x0000, 0x0000, 0x0000, 0x0000, 0x0000, 0x0000, 0x0000, 0xBE5A, 0xBE5A, 
  0xBE5A, 0xBE5A, 0xBE5A, 0xBE5A, 0xBE5A, 0xBE5A, 0xBE5A, 0xBE5A, 0xBE5A, 0xBE5A, 0xBE5A, 0xBE5A, 
  0xBE5A, 0xBE5A, 0xBE5A, 0xBE5A, 0xBE5A, 0xBE5A, 0xBE5A, 0xBE5A, 0xBE5A, 0xBE5A, 0xBE5A, 0xBE5A, 
  0xBE5A, 0xBE5A, 0xBE5A, 0x0000, 0x0000, 0x0000, 0x0000, 0x0000, 0x0000, 0x0000, 0x0000, 0x0000, 
  0x0000, 0x0000, 0x0000, 0x0000, 0x0000, 0x0000, 0x0000, 0x0000, 0x0000, 0xBE5A, 0xBE5A, 0xBE5A, 
  0xBE5A, 0xBE5A, 0xBE5A, 0xBE5A, 0xBE5A, 0xBE5A, 0xBE5A, 0xBE5A, 0xBE5A, 0xBE5A, 0xBE5A, 0xBE5A, 
  0xBE5A, 0xBE5A, 0xBE5A, 0xBE5A, 0xBE5A, 0xBE5A, 0xBE5A, 0xBE5A, 0xBE5A, 0xBE5A, 0xBE5A, 0xBE5A, 
  0xBE5A, 0xBE5A, 0xBE5A, 0xBE5A, 0x0000, 0x0000, 0x0000, 0x0000, 0x0000, 0x0000, 0x0000, 0x0000, 
  0x0000, 0x0000, 0x0000, 0x0000, 0x0000, 0x0000, 0x0000, 0x0000, 0x0000, 0xBE5A, 0xBE5A, 0xBE5A, 
  0xBE5A, 0xBE5A, 0xBE5A, 0xBE5A, 0xBE5A, 0xBE5A, 0xBE5A, 0xBE5A, 0xBE5A, 0xBE5A, 0xBE5A, 0xBE5A, 
  0xBE5A, 0xBE5A, 0xBE5A, 0xBE5A, 0xBE5A, 0xBE5A, 0xBE5A, 0xBE5A, 0xBE5A, 0xBE5A, 0xBE5A, 0xBE5A, 
  0xBE5A, 0xBE5A, 0xBE5A, 0xBE5A, 0x0000, 0x0000, 0x0000, 0x0000, 0x0000, 0x0000, 0x0000, 0x0000, 
  0x0000, 0x0000, 0x0000, 0x0000, 0x0000, 0x0000, 0x0000, 0x0000, 0xBE5A, 0xBE5A, 0xBE5A, 0xBE5A, 
  0xBE5A, 0xBE5A, 0xBE5A, 0xBE5A, 0xBE5A, 0xBE5A, 0xBE5A, 0xBE5A, 0xBE5A, 0xBE5A, 0xBE5A, 0xBE5A, 
  0xBE5A, 0xBE5A, 0xBE5A, 0xBE5A, 0xBE5A, 0xBE5A, 0xBE5A, 0xBE5A, 0xBE5A, 0xBE5A, 0xBE5A, 0xBE5A, 
  0xBE5A, 0xBE5A, 0xBE5A, 0xBE5A, 0xBE5A, 0x0000, 0x0000, 0x0000, 0x0000, 0x0000, 0x0000, 0x0000, 
  0x0000, 0x0000, 0x0000, 0x0000, 0x0000, 0x0000, 0x0000, 0x0000, 0xBE5A, 0xBE5A, 0xBE5A, 0xBE5A, 
  0xBE5A, 0xBE5A, 0xBE5A, 0xBE5A, 0xBE5A, 0xBE5A, 0xBE5A, 0xBE5A, 0xBE5A, 0xBE5A, 0xBE5A, 0xBE5A, 
  0xBE5A, 0xBE5A, 0xBE5A, 0xBE5A, 0xBE5A, 0xBE5A, 0xBE5A, 0xBE5A, 0xBE5A, 0xBE5A, 0xBE5A, 0xBE5A, 
  0xBE5A, 0xBE5A, 0xBE5A, 0xBE5A, 0xBE5A, 0x0000, 0x0000, 0x0000, 0x0000, 0x0000, 0x0000, 0x0000, 
  0x0000, 0x0000, 0x0000, 0x0000, 0x0000, 0x0000, 0x0000, 0x0000, 0xBE5A, 0xBE5A, 0xBE5A, 0xBE5A, 
  0xBE5A, 0xBE5A, 0xBE5A, 0xBE5A, 0xBE5A, 0xBE5A, 0xBE5A, 0xBE5A, 0xBE5A, 0xBE5A, 0xBE5A, 0xBE5A, 
  0xBE5A, 0xBE5A, 0xBE5A, 0xBE5A, 0xBE5A, 0xBE5A, 0xBE5A, 0xBE5A, 0xBE5A, 0xBE5A, 0xBE5A, 0xBE5A, 
  0xBE5A, 0xBE5A, 0xBE5A, 0xBE5A, 0xBE5A, 0x0000, 0x0000, 0x0000, 0x0000, 0x0000, 0x0000, 0x0000, 
  0x0000, 0x0000, 0x0000, 0x0000, 0x0000, 0x0000, 0x0000, 0x0000, 0xBE5A, 0xBE5A, 0xBE5A, 0xBE5A, 
  0xBE5A, 0xBE5A, 0xBE5A, 0xBE5A, 0xBE5A, 0xBE5A, 0xBE5A, 0xBE5A, 0xBE5A, 0xBE5A, 0xBE5A, 0xBE5A, 
  0xBE5A, 0xBE5A, 0xBE5A, 0xBE5A, 0xBE5A, 0xBE5A, 0xBE5A, 0xBE5A, 0xBE5A, 0xBE5A, 0xBE5A, 0xBE5A, 
  0xBE5A, 0xBE5A, 0xBE5A, 0xBE5A, 0xBE5A, 0x0000, 0x0000, 0x0000, 0x0000, 0x0000, 0x0000, 0x0000, 
  0x0000, 0x0000, 0x0000, 0x0000, 0x0000, 0x0000, 0x0000, 0x0000, 0xBE5A, 0xBE5A, 0xBE5A, 0xBE5A, 
  0xBE5A, 0xBE5A, 0xBE5A, 0xBE5A, 0xBE5A, 0xBE5A, 0xBE5A, 0xBE5A, 0xBE5A, 0xBE5A, 0xBE5A, 0xBE5A, 
  0xBE5A, 0xBE5A, 0xBE5A, 0xBE5A, 0xBE5A, 0xBE5A, 0xBE5A, 0xBE5A, 0xBE5A, 0xBE5A, 0xBE5A, 0xBE5A, 
  0xBE5A, 0xBE5A, 0xBE5A, 0xBE5A, 0xBE5A, 0x0000, 0x0000, 0x0000, 0x0000, 0x0000, 0x0000, 0x0000, 
  0x0000, 0x0000, 0x0000, 0x0000, 0x0000, 0x0000, 0x0000, 0x0000, 0x0000, 0xBE5A, 0xBE5A, 0xBE5A, 
  0xBE5A, 0xBE5A, 0xBE5A, 0xBE5A, 0xBE5A, 0xBE5A, 0xBE5A, 0xBE5A, 0xBE5A, 0xBE5A, 0xBE5A, 0xBE5A, 
  0xBE5A, 0xBE5A, 0xBE5A, 0xBE5A, 0xBE5A, 0xBE5A, 0xBE5A, 0xBE5A, 0xBE5A, 0xBE5A, 0xBE5A, 0xBE5A, 
  0xBE5A, 0xBE5A, 0xBE5A, 0xBE5A, 0x0000, 0x0000, 0x0000, 0x0000, 0x0000, 0x0000, 0x0000, 0x0000, 
  0x0000, 0x0000, 0x0000, 0x0000, 0x0000, 0x0000, 0x0000, 0x0000, 0x0000, 0xBE5A, 0xBE5A, 0xBE5A, 
  0xBE5A, 0xBE5A, 0xBE5A, 0xBE5A, 0xBE5A, 0xBE5A, 0xBE5A, 0xBE5A, 0xBE5A, 0xBE5A, 0xBE5A, 0xBE5A, 
  0xBE5A, 0xBE5A, 0xBE5A, 0xBE5A, 0xBE5A, 0xBE5A, 0xBE5A, 0xBE5A, 0xBE5A, 0xBE5A, 0xBE5A, 0xBE5A, 
  0xBE5A, 0xBE5A, 0xBE5A, 0xBE5A, 0x0000, 0x0000, 0x0000, 0x0000, 0x0000, 0x0000, 0x0000, 0x0000, 
  0x0000, 0x0000, 0x0000, 0x0000, 0x0000, 0x0000, 0x0000, 0x0000, 0x0000, 0x0000, 0xBE5A, 0xBE5A, 
  0xBE5A, 0xBE5A, 0xBE5A, 0xBE5A, 0xBE5A, 0xBE5A, 0xBE5A, 0xBE5A, 0xBE5A, 0xBE5A, 0xBE5A, 0xBE5A, 
  0xBE5A, 0xBE5A, 0xBE5A, 0xBE5A, 0xBE5A, 0xBE5A, 0xBE5A, 0xBE5A, 0xBE5A, 0xBE5A, 0xBE5A, 0xBE5A, 
  0xBE5A, 0xBE5A, 0xBE5A, 0x0000, 0x0000, 0x0000, 0x0000, 0x0000, 0x0000, 0x0000, 0x0000, 0x0000, 
  0x0000, 0x0000, 0x0000, 0x0000, 0x0000, 0x0000, 0x0000, 0xADB7, 0xADB7, 0xADB7, 0xADB7, 0xADB7, 
  0xADB7, 0xADB7, 0xADB7, 0xADB7, 0xADB7, 0xADB7, 0xADB7, 0xADB7, 0xADB7, 0xADB7, 0xADB7, 0xADB7, 
  0xADB7, 0xADB7, 0xADB7, 0xADB7, 0xADB7, 0xADB7, 0xADB7, 0xADB7, 0xADB7, 0xADB7, 0xADB7, 0xADB7, 
  0xADB7, 0xADB7, 0xADB7, 0xADB7, 0xADB7, 0xADB7, 0x0000, 0x0000, 0x0000, 0x0000, 0x0000, 0x0000, 
  0x0000, 0x0000, 0x0000, 0x0000, 0x0000, 0x0000, 0xADB7, 0xADB7, 0xADB7, 0xADB7, 0xADB7, 0xADB7, 
  0xADB7, 0xADB7, 0xADB7, 0xADB7, 0xADB7, 0xADB7, 0xADB7, 0xADB7, 0xADB7, 0xADB7, 0xADB7, 0xADB7, 
  0xADB7, 0xADB7, 0xADB7, 0xADB7, 0xADB7, 0xADB7, 0xADB7, 0xADB7, 0xADB7, 0xADB7, 0xADB7, 0xADB7, 
  0xADB7, 0xADB7, 0xADB7, 0xADB7, 0xADB7, 0xADB7, 0xADB7, 0x0000, 0x0000, 0x0000, 0x0000, 0x0000, 
  0x0000, 0x0000, 0x0000, 0x0000, 0x0000, 0x0000, 0xADB7, 0xADB7, 0xADB7, 0xADB7, 0xADB7, 0xADB7, 
  0xADB7, 0xADB7, 0xADB7, 0xADB7, 0xADB7, 0xADB7, 0xADB7, 0xADB7, 0xADB7, 0xADB7, 0xADB7, 0xADB7, 
  0xADB7, 0xADB7, 0xADB7, 0xADB7, 0xADB7, 0xADB7, 0xADB7, 0xADB7, 0xADB7, 0xADB7, 0xADB7, 0xADB7, 
  0xADB7, 0xADB7, 0xADB7, 0xADB7, 0xADB7, 0xADB7, 0xADB7, 0x0000, 0x0000, 0x0000, 0x0000, 0x0000, 
  0x0000, 0x0000, 0x0000, 0x0000, 0x0000, 0x0000, 0x0000, 0xADB7, 0xADB7, 0xADB7, 0xADB7, 0xADB7, 
  0xADB7, 0xADB7, 0xADB7, 0xADB7, 0xADB7, 0xADB7, 0xADB7, 0xADB7, 0xADB7, 0xADB7, 0xADB7, 0xADB7, 
  0xADB7, 0xADB7, 0xADB7, 0xADB7, 0xADB7, 0xADB7, 0xADB7, 0xADB7, 0xADB7, 0xADB7, 0xADB7, 0xADB7, 
  0xADB7, 0xADB7, 0xADB7, 0xADB7, 0xADB7, 0xADB7, 0x0000, 0x0000, 0x0000, 0x0000, 0x0000, 0x0000, 
  0x0000, 0x0000, 0x0000, 0x0000, 0x0000, 0x0000, 0x0000, 0x0000, 0x0000, 0x0000, 0x0000, 0x0000, 
  0x0000, 0x0000, 0x0000, 0x0000, 0x0000, 0x0000, 0x0000, 0x0000, 0x0000, 0x0000, 0x0000, 0x0000, 
  0x0000, 0x0000, 0x0000, 0x0000, 0x0000, 0x0000, 0x0000, 0x0000, 0x0000, 0x0000, 0x0000, 0x0000, 
  0x0000, 0x0000, 0x0000, 0x0000, 0x0000, 0x0000, 0x0000, 0x0000, 0x0000, 0x0000, 0x0000, 0x0000, 
  0x0000, 0x0000, 0x0000, 0x0000, 0x0000, 0x0000, 0x0000, 0xADB7, 0xADB7, 0xADB7, 0xADB7, 0xADB7, 
  0xADB7, 0xADB7, 0xADB7, 0xADB7, 0xADB7, 0xADB7, 0xADB7, 0xADB7, 0xADB7, 0xADB7, 0xADB7, 0xADB7, 
  0xADB7, 0xADB7, 0xADB7, 0xADB7, 0xADB7, 0xADB7, 0xADB7, 0xADB7, 0xADB7, 0xADB7, 0xADB7, 0xADB7, 
  0xADB7, 0xADB7, 0xADB7, 0xADB7, 0xADB7, 0xADB7, 0x0000, 0x0000, 0x0000, 0x0000, 0x0000, 0x0000, 
  0x0000, 0x0000, 0x0000, 0x0000, 0x0000, 0x0000, 0xADB7, 0xADB7, 0xADB7, 0xADB7, 0xADB7, 0xADB7, 
  0xADB7, 0xADB7, 0xADB7, 0xADB7, 0xADB7, 0xADB7, 0xADB7, 0xADB7, 0xADB7, 0xADB7, 0xADB7, 0xADB7, 
  0xADB7, 0xADB7, 0xADB7, 0xADB7, 0xADB7, 0xADB7, 0xADB7, 0xADB7, 0xADB7, 0xADB7, 0xADB7, 0xADB7, 
  0xADB7, 0xADB7, 0xADB7, 0xADB7, 0xADB7, 0xADB7, 0xADB7, 0x0000, 0x0000, 0x0000, 0x0000, 0x0000, 
  0x0000, 0x0000, 0x0000, 0x0000, 0x0000, 0x0000, 0xADB7, 0xADB7, 0xADB7, 0xADB7, 0xADB7, 0xADB7, 
  0xADB7, 0xADB7, 0xADB7, 0xADB7, 0xADB7, 0xADB7, 0xADB7, 0xADB7, 0xADB7, 0xADB7, 0xADB7, 0xADB7, 
  0xADB7, 0xADB7, 0xADB7, 0xADB7, 0xADB7, 0xADB7, 0xADB7, 0xADB7, 0xADB7, 0xADB7, 0xADB7, 0xADB7, 
  0xADB7, 0xADB7, 0xADB7, 0xADB7, 0xADB7, 0xADB7, 0xADB7, 0x0000, 0x0000, 0x0000, 0x0000, 0x0000, 
  0x0000, 0x0000, 0x0000, 0x0000, 0x0000, 0x0000, 0x0000, 0xADB7, 0xADB7, 0xADB7, 0xADB7, 0xADB7, 
  0xADB7, 0xADB7, 0xADB7, 0xADB7, 0xADB7, 0xADB7, 0xADB7, 0xADB7, 0xADB7, 0xADB7, 0xADB7, 0xADB7, 
  0xADB7, 0xADB7, 0xADB7, 0xADB7, 0xADB7, 0xADB7, 0xADB7, 0xADB7, 0xADB7, 0xADB7, 0xADB7, 0xADB7, 
  0xADB7, 0xADB7, 0xADB7, 0xADB7, 0xADB7, 0xADB7, 0x0000, 0x0000, 0x0000, 0x0000, 0x0000, 0x0000, 
  0x0000, 0x0000, 0x0000, 0x0000, 0x0000, 0x0000, 0x0000, 0x0000, 0x0000, 0x0000, 0x0000, 0x0000, 
  0x0000, 0x0000, 0x0000, 0x0000, 0x0000, 0x0000, 0x0000, 0x0000, 0x0000, 0x0000, 0x0000, 0x0000, 
  0x0000, 0x0000, 0x0000, 0x0000, 0x0000, 0x0000, 0x0000, 0x0000, 0x0000, 0x0000, 0x0000, 0x0000, 
  0x0000, 0x0000, 0x0000, 0x0000, 0x0000, 0x0000, 0x0000, 0x0000, 0x0000, 0x0000, 0x0000, 0x0000, 
  0x0000, 0x0000, 0x0000, 0x0000, 0x0000, 0x0000, 0x0000, 0xADB7, 0xADB7, 0xADB7, 0xADB7, 0xADB7, 
  0xADB7, 0xADB7, 0xADB7, 0xADB7, 0xADB7, 0xADB7, 0xADB7, 0xADB7, 0xADB7, 0xADB7, 0xADB7, 0xADB7, 
  0xADB7, 0xADB7, 0xADB7, 0xADB7, 0xADB7, 0xADB7, 0xADB7, 0xADB7, 0xADB7, 0xADB7, 0xADB7, 0xADB7, 
  0xADB7, 0xADB7, 0xADB7, 0xADB7, 0xADB7, 0xADB7, 0x0000, 0x0000, 0x0000, 0x0000, 0x0000, 0x0000, 
  0x0000, 0x0000, 0x0000, 0x0000, 0x0000, 0x0000, 0xADB7, 0xADB7, 0xADB7, 0xADB7, 0xADB7, 0xADB7, 
  0xADB7, 0xADB7, 0xADB7, 0xADB7, 0xADB7, 0xADB7, 0xADB7, 0xADB7, 0xADB7, 0xADB7, 0xADB7, 0xADB7, 
  0xADB7, 0xADB7, 0xADB7, 0xADB7, 0xADB7, 0xADB7, 0xADB7, 0xADB7, 0xADB7, 0xADB7, 0xADB7, 0xADB7, 
  0xADB7, 0xADB7, 0xADB7, 0xADB7, 0xADB7, 0xADB7, 0xADB7, 0x0000, 0x0000, 0x0000, 0x0000, 0x0000, 
  0x0000, 0x0000, 0x0000, 0x0000, 0x0000, 0x0000, 0xADB7, 0xADB7, 0xADB7, 0xADB7, 0xADB7, 0xADB7, 
  0xADB7, 0xADB7, 0xADB7, 0xADB7, 0xADB7, 0xADB7, 0xADB7, 0xADB7, 0xADB7, 0xADB7, 0xADB7, 0xADB7, 
  0xADB7, 0xADB7, 0xADB7, 0xADB7, 0xADB7, 0xADB7, 0xADB7, 0xADB7, 0xADB7, 0xADB7, 0xADB7, 0xADB7, 
  0xADB7, 0xADB7, 0xADB7, 0xADB7, 0xADB7, 0xADB7, 0xADB7, 0x0000, 0x0000, 0x0000, 0x0000, 0x0000, 
  0x0000, 0x0000, 0x0000, 0x0000, 0x0000, 0x0000, 0x0000, 0xADB7, 0xADB7, 0xADB7, 0xADB7, 0xADB7, 
  0xADB7, 0xADB7, 0xADB7, 0xADB7, 0xADB7, 0xADB7, 0xADB7, 0xADB7, 0xADB7, 0xADB7, 0xADB7, 0xADB7, 
  0xADB7, 0xADB7, 0xADB7, 0xADB7, 0xADB7, 0xADB7, 0xADB7, 0xADB7, 0xADB7, 0xADB7, 0xADB7, 0xADB7, 
  0xADB7, 0xADB7, 0xADB7, 0xADB7, 0xADB7, 0xADB7, 0x0000, 0x0000, 0x0000, 0x0000, 0x0000, 0x0000, 
  0x0000, 0x0000, 0x0000, 0x0000, 0x0000, 0x0000, 0x0000, 0x0000, 0x0000, 0x0000, 0x0000, 0x0000, 
  0x0000, 0x0000, 0x0000, 0x0000, 0x0000, 0x0000, 0x0000, 0x0000, 0x0000, 0x0000, 0x0000, 0x0000, 
  0x0000, 0x0000, 0x0000, 0x0000, 0x0000, 0x0000, 0x0000, 0x0000, 0x0000, 0x0000, 0x0000, 0x0000, 
  0x0000, 0x0000, 0x0000, 0x0000, 0x0000, 0x0000, 0x0000, 0x0000, 0x0000, 0x0000, 0x0000, 0x0000, 
  0x0000, 0x0000, 0x0000, 0x0000, 0x0000, 0x0000, 0x0000, 0x0000, 0x0000, 0x0000, 0x0000, 0x0000, 
  0x0000, 0x0000, 0x0000, 0x0000, 0x0000, 0x0000, 0x0000, 0x0000, 0x0000, 0x0000, 0x0000, 0x0000, 
  0x0000, 0x0000, 0x0000, 0x0000, 0x0000, 0x0000, 0x0000, 0x0000, 0x0000, 0x0000, 0x0000, 0x0000, 
  0x0000, 0x0000, 0x0000, 0x0000, 0x0000, 0x0000, 0x0000, 0x0000, 0x0000, 0x0000, 0x0000, 0x0000, 
  0x0000, 0x0000, 0x0000, 0x0000, 0x0000, 0x0000, 0x0000, 0x0000, 0x0000, 0x0000, 0x0000, 0x0000, 
  0x0000, 0x0000, 0x0000, 0x0000, 0x0000, 0x0000, 0x0000, 0x0000, 0x0000, 0x0000, 0x0000, 0x0000, 
  0x0000, 0x0000, 0x0000, 0x0000, 0x0000, 0x0000, 0x0000, 0x0000, 0x0000, 0x0000, 0x0000, 0x0000, 
  0x0000, 0x0000, 0x0000, 0x0000, 0x0000, 0x0000, 0x0000, 0x0000, 0x0000, 0x0000, 0x0000, 0x0000, 
  0x0000, 0x0000, 0x0000, 0x0000, 0x0000, 0x0000, 0x0000, 0x0000, 0x0000, 0x0000, 0x0000, 0x0000, 
  0x0000, 0x0000, 0x0000, 0x0000, 0x0000, 0x0000, 0x0000, 0x0000, 0x0000, 0x0000, 0x0000, 0x0000, 
  0x0000, 0x0000, 0x0000, 0x0000, 0x0000, 0x0000, 0x0000, 0x0000, 0x0000, 0x0000, 0x0000, 0x0000, 
  0x0000, 0x0000, 0x0000, 0x0000, 0x0000, 0x0000, 0x0000, 0x0000, 0x0000, 0x0000, 0x0000, 0x0000
};

// 7 - Unknown
const uint16_t PROGMEM WEATHER48_ICON_7[WEATHER48_W*WEATHER48_H] = {
  0x0000, 0x0000, 0x0000, 0x0000, 0x0000, 0x0000, 0x0000, 0x0000, 0x0000, 0x0000, 0x0000, 0x0000, 
  0x0000, 0x0000, 0x0000, 0x0000, 0x0000, 0x0000, 0x0000, 0x0000, 0x0000, 0x0000, 0x0000, 0x0000, 
  0x0000, 0x0000, 0x0000, 0x0000, 0x0000, 0x0000, 0x0000, 0x0000, 0x0000, 0x0000, 0x0000, 0x0000, 
  0x0000, 0x0000, 0x0000, 0x0000, 0x0000, 0x0000, 0x0000, 0x0000, 0x0000, 0x0000, 0x0000, 0x0000, 
  0x0000, 0x0000, 0x0000, 0x0000, 0x0000, 0x0000, 0x0000, 0x0000, 0x0000, 0x0000, 0x0000, 0x0000, 
  0x0000, 0x0000, 0x0000, 0x0000, 0x0000, 0x0000, 0x0000, 0x0000, 0x0000, 0x0000, 0x0000, 0x0000, 
  0x0000, 0x0000, 0x0000, 0x0000, 0x0000, 0x0000, 0x0000, 0x0000, 0x0000, 0x0000, 0x0000, 0x0000, 
  0x0000, 0x0000, 0x0000, 0x0000, 0x0000, 0x0000, 0x0000, 0x0000, 0x0000, 0x0000, 0x0000, 0x0000, 
  0x0000, 0x0000, 0x0000, 0x0000, 0x0000, 0x0000, 0x0000, 0x0000, 0x0000, 0x0000, 0x0000, 0x0000, 
  0x0000, 0x0000, 0x0000, 0x0000, 0x0000, 0x0000, 0x0000, 0x0000, 0x0000, 0x0000, 0x0000, 0x0000, 
  0x0000, 0x0000, 0x0000, 0x0000, 0x0000, 0x0000, 0x0000, 0x0000, 0x0000, 0x0000, 0x0000, 0x0000, 
  0x0000, 0x0000, 0x0000, 0x0000, 0x0000, 0x0000, 0x0000, 0x0000, 0x0000, 0x0000, 0x0000, 0x0000, 
  0x0000, 0x0000, 0x0000, 0x0000, 0x0000, 0x0000, 0x0000, 0x0000, 0x0000, 0x0000, 0x0000, 0x0000, 
  0x0000, 0x0000, 0x0000, 0x0000, 0x0000, 0x0000, 0x0000, 0x0000, 0x0000, 0x0000, 0x0000, 0x0000, 
  0x0000, 0x0000, 0x0000, 0x0000, 0x0000, 0x0000, 0x0000, 0x0000, 0x0000, 0x0000, 0x0000, 0x0000, 
  0x0000, 0x0000, 0x0000, 0x0000, 0x0000, 0x0000, 0x0000, 0x0000, 0x0000, 0x0000, 0x0000, 0x0000, 
  0x0000, 0x0000, 0x0000, 0x0000, 0x0000, 0x0000, 0x0000, 0x0000, 0x0000, 0x0000, 0x0000, 0x0000, 
  0x0000, 0x0000, 0x0000, 0x0000, 0x0000, 0x0000, 0x0000, 0x0000, 0x0000, 0x0000, 0x0000, 0x0000, 
  0x0000, 0x0000, 0x0000, 0x0000, 0x0000, 0x0000, 0x0000, 0x0000, 0x0000, 0x0000, 0x0000, 0x0000, 
  0x0000, 0x0000, 0x0000, 0x0000, 0x0000, 0x0000, 0x0000, 0x0000, 0x0000, 0x0000, 0x0000, 0x0000, 
  0x0000, 0x0000, 0x0000, 0x0000, 0x0000, 0x0000, 0x0000, 0x0000, 0x0000, 0x0000, 0x0000, 0x0000, 
  0x0000, 0x0000, 0x0000, 0x0000, 0x0000, 0x0000, 0x0000, 0x0000, 0x0000, 0x0000, 0x0000, 0x0000, 
  0x0000, 0x0000, 0x0000, 0x0000, 0x0000, 0x0000, 0x0000, 0x0000, 0x0000, 0x0000, 0x0000, 0x0000, 
  0x0000, 0x0000, 0x0000, 0x0000, 0x0000, 0x0000, 0x0000, 0x0000, 0x0000, 0x0000, 0x0000, 0x0000, 
  0x0000, 0x0000, 0x0000, 0x0000, 0x0000, 0x0000, 0x0000, 0x0000, 0x0000, 0x0000, 0x0000, 0x0000, 
  0x0000, 0x0000, 0x0000, 0x0000, 0x0000, 0x0000, 0x0000, 0x0000, 0x0000, 0x0000, 0x0000, 0x0000, 
  0x0000, 0x0000, 0x0000, 0x0000, 0x0000, 0x0000, 0x0000, 0x0000, 0x0000, 0x0000, 0x0000, 0x0000, 
  0x0000, 0x0000, 0x0000, 0x0000, 0x0000, 0x0000, 0x0000, 0x0000, 0x0000, 0x0000, 0x0000, 0x0000, 
  0x0000, 0x0000, 0x0000, 0x0000, 0x0000, 0x0000, 0x0000, 0x0000, 0x0000, 0x0000, 0x0000, 0x0000, 
  0x0000, 0x0000, 0x0000, 0x0000, 0x0000, 0x0000, 0x0000, 0x0000, 0x0000, 0x0000, 0x0000, 0x0000, 
  0x0000, 0x0000, 0x0000, 0x0000, 0x0000, 0x0000, 0x0000, 0x0000, 0x0000, 0x0000, 0x0000, 0x0000, 
  0x0000, 0x0000, 0x0000, 0x0000, 0x0000, 0x0000, 0x0000, 0x0000, 0x0000, 0x0000, 0x0000, 0x0000, 
  0x0000, 0x0000, 0x0000, 0x0000, 0x0000, 0x0000, 0x0000, 0x0000, 0x0000, 0x0000, 0x0000, 0x0000, 
  0x0000, 0x0000, 0x0000, 0x0000, 0x0000, 0x0000, 0x0000, 0x0000, 0x0000, 0x0000, 0x0000, 0x0000, 
  0x0000, 0x0000, 0x0000, 0x0000, 0x0000, 0x0000, 0x0000, 0x0000, 0x0000, 0x0000, 0x0000, 0x0000, 
  0x0000, 0x0000, 0x0000, 0x0000, 0x0000, 0x0000, 0x0000, 0x0000, 0x0000, 0x0000, 0x0000, 0x0000, 
  0x0000, 0x0000, 0x0000, 0x0000, 0x0000, 0x0000, 0x0000, 0x0000, 0x0000, 0x0000, 0x0000, 0x0000, 
  0x0000, 0x0000, 0x0000, 0x0000, 0x0000, 0x0000, 0x0000, 0x0000, 0x0000, 0x0000, 0x0000, 0x0000, 
  0x0000, 0x0000, 0x0000, 0x0000, 0x0000, 0x0000, 0x0000, 0x0000, 0x0000, 0x0000, 0x0000, 0x0000, 
  0x0000, 0x0000, 0x0000, 0x0000, 0x0000, 0x0000, 0x0000, 0x0000, 0x0000, 0x0000, 0x0000, 0x0000, 
  0x0000, 0x0000, 0x0000, 0x0000, 0x0000, 0x0000, 0x0000, 0x0000, 0x0000, 0x0000, 0x0000, 0x0000, 
  0x0000, 0x0000, 0x0000, 0x0000, 0x0000, 0x0000, 0x0000, 0x0000, 0x0000, 0x0000, 0x0000, 0x0000, 
  0x0000, 0x0000, 0x0000, 0x0000, 0x0000, 0x0000, 0x0000, 0x0000, 0x0000, 0x0000, 0x0000, 0x0000, 
  0x0000, 0x0000, 0x0000, 0x0000, 0x0000, 0x0000, 0x0000, 0x0000, 0x0000, 0x0000, 0x0000, 0x0000, 
  0x0000, 0x0000, 0x0000, 0x0000, 0x0000, 0x0000, 0x0000, 0x0000, 0x0000, 0x0000, 0x0000, 0x0000, 
  0x0000, 0x0000, 0x0000, 0x0000, 0x0000, 0x0000, 0x0000, 0x0000, 0x0000, 0x0000, 0x0000, 0x0000, 
  0x0000, 0x0000, 0x0000, 0x0000, 0x0000, 0x0000, 0x0000, 0x0000, 0x0000, 0x0000, 0x0000, 0x0000, 
  0x0000, 0x0000, 0x0000, 0x0000, 0x0000, 0x0000, 0x0000, 0x0000, 0x0000, 0x0000, 0x0000, 0x0000, 
  0x0000, 0x0000, 0x0000, 0x0000, 0x0000, 0x0000, 0x0000, 0x0000, 0x0000, 0x0000, 0x0000, 0x0000, 
  0x0000, 0x0000, 0x0000, 0x0000, 0x0000, 0x0000, 0x0000, 0x0000, 0x0000, 0x0000, 0x0000, 0x0000, 
  0x0000, 0x0000, 0x0000, 0x0000, 0x0000, 0x0000, 0x0000, 0x0000, 0x0000, 0x0000, 0x0000, 0x0000, 
  0x0000, 0x0000, 0x0000, 0x0000, 0x0000, 0x0000, 0x0000, 0x0000, 0x0000, 0x0000, 0x0000, 0x0000, 
  0x0000, 0x0000, 0x0000, 0x0000, 0x0000, 0x0000, 0x0000, 0x0000, 0x0000, 0x0000, 0x0000, 0x0000, 
  0x0000, 0x0000, 0x0000, 0x0000, 0x0000, 0x0000, 0x0000, 0x0000, 0x0000, 0xFFFF, 0xFFFF, 0xFFFF, 
  0x0000, 0x0000, 0x0000, 0x0000, 0x0000, 0x0000, 0x0000, 0x0000, 0x0000, 0x0000, 0x0000, 0x0000, 
  0x0000, 0x0000, 0x0000, 0x0000, 0x0000, 0x0000, 0x0000, 0x0000, 0x0000, 0x0000, 0x0000, 0x0000, 
  0x0000, 0x0000, 0x0000, 0x0000, 0x0000, 0x0000, 0x0000, 0x0000, 0x0000, 0x0000, 0x0000, 0x0000, 
  0x0000, 0x0000, 0x0000, 0x0000, 0x0000, 0x0000, 0x0000, 0x0000, 0xFFFF, 0x0000, 0x0000, 0xFFFF, 
  0xFFFF, 0x0000, 0x0000, 0x0000, 0x0000, 0x0000, 0x0000, 0x0000, 0x0000, 0x0000, 0x0000, 0x0000, 
  0x0000, 0x0000, 0x0000, 0x0000, 0x0000, 0x0000, 0x0000, 0x0000, 0x0000, 0x0000, 0x0000, 0x0000, 
  0x0000, 0x0000, 0x0000, 0x0000, 0x0000, 0x0000, 0x0000, 0x0000, 0x0000, 0x0000, 0x0000, 0x0000, 
  0x0000, 0x0000, 0x0000, 0x0000, 0x0000, 0x0000, 0x0000, 0x0000, 0x0000, 0x0000, 0xFFFF, 0xFFFF, 
  0x0000, 0x0000, 0x0000, 0x0000, 0x0000, 0x0000, 0x0000, 0x0000, 0x0000, 0x0000, 0x0000, 0x0000, 
  0x0000, 0x0000, 0x0000, 0x0000, 0x0000, 0x0000, 0x0000, 0x0000, 0x0000, 0x0000, 0x0000, 0x0000, 
  0x0000, 0x0000, 0x0000, 0x0000, 0x0000, 0x0000, 0x0000, 0x0000, 0x0000, 0x0000, 0x0000, 0x0000, 
  0x0000, 0x0000, 0x0000, 0x0000, 0x0000, 0x0000, 0x0000, 0x0000, 0x0000, 0xFFFF, 0xFFFF, 0x0000, 
  0x0000, 0x0000, 0x0000, 0x0000, 0x0000, 0x0000, 0x0000, 0x0000, 0x0000, 0x0000, 0x0000, 0x0000, 
  0x0000, 0x0000, 0x0000, 0x0000, 0x0000, 0x0000, 0x0000, 0x0000, 0x0000, 0x0000, 0x0000, 0x0000, 
  0x0000, 0x0000, 0x0000, 0x0000, 0x0000, 0x0000, 0x0000, 0x0000, 0x0000, 0x0000, 0x0000, 0x0000, 
  0x0000, 0x0000, 0x0000, 0x0000, 0x0000, 0x0000, 0x0000, 0x0000, 0x0000, 0x0000, 0x0000, 0x0000, 
  0x0000, 0x0000, 0x0000, 0x0000, 0x0000, 0x0000, 0x0000, 0x0000, 0x0000, 0x0000, 0x0000, 0x0000, 
  0x0000, 0x0000, 0x0000, 0x0000, 0x0000, 0x0000, 0x0000, 0x0000, 0x0000, 0x0000, 0x0000, 0x0000, 
  0x0000, 0x0000, 0x0000, 0x0000, 0x0000, 0x0000, 0x0000, 0x0000, 0x0000, 0x0000, 0x0000, 0x0000, 
  0x0000, 0x0000, 0x0000, 0x0000, 0x0000, 0x0000, 0x0000, 0x0000, 0x0000, 0xFFFF, 0xFFFF, 0x0000, 
  0x0000, 0x0000, 0x0000, 0x0000, 0x0000, 0x0000, 0x0000, 0x0000, 0x0000, 0x0000, 0x0000, 0x0000, 
  0x0000, 0x0000, 0x0000, 0x0000, 0x0000, 0x0000, 0x0000, 0x0000, 0x0000, 0x0000, 0x0000, 0x0000, 
  0x0000, 0x0000, 0x0000, 0x0000, 0x0000, 0x0000, 0x0000, 0x0000, 0x0000, 0x0000, 0x0000, 0x0000, 
  0x0000, 0x0000, 0x0000, 0x0000, 0x0000, 0x0000, 0x0000, 0x0000, 0x0000, 0x0000, 0x0000, 0x0000, 
  0x0000, 0x0000, 0x0000, 0x0000, 0x0000, 0x0000, 0x0000, 0x0000, 0x0000, 0x0000, 0x0000, 0x0000, 
  0x0000, 0x0000, 0x0000, 0x0000, 0x0000, 0x0000, 0x0000, 0x0000, 0x0000, 0x0000, 0x0000, 0x0000, 
  0x0000, 0x0000, 0x0000, 0x0000, 0x0000, 0x0000, 0x0000, 0x0000, 0x0000, 0x0000, 0x0000, 0x0000, 
  0x0000, 0x0000, 0x0000, 0x0000, 0x0000, 0x0000, 0x0000, 0x0000, 0x0000, 0x0000, 0x0000, 0x0000, 
  0x0000, 0x0000, 0x0000, 0x0000, 0x0000, 0x0000, 0x0000, 0x0000, 0x0000, 0x0000, 0x0000, 0x0000, 
  0x0000, 0x0000, 0x0000, 0x0000, 0x0000, 0x0000, 0x0000, 0x0000, 0x0000, 0x0000, 0x0000, 0x0000, 
  0x0000, 0x0000, 0x0000, 0x0000, 0x0000, 0x0000, 0x0000, 0x0000, 0x0000, 0x0000, 0x0000, 0x0000, 
  0x0000, 0x0000, 0x0000, 0x0000, 0x0000, 0x0000, 0x0000, 0x0000, 0x0000, 0x0000, 0x0000, 0x0000, 
  0x0000, 0x0000, 0x0000, 0x0000, 0x0000, 0x0000, 0x0000, 0x0000, 0x0000, 0x0000, 0x0000, 0x0000, 
  0x0000, 0x0000, 0x0000, 0x0000, 0x0000, 0x0000, 0x0000, 0x0000, 0x0000, 0x0000, 0x0000, 0x0000, 
  0x0000, 0x0000, 0x0000, 0x0000, 0x0000, 0x0000, 0x0000, 0x0000, 0x0000, 0x0000, 0x0000, 0x0000, 
  0x0000, 0x0000, 0x0000, 0x0000, 0x0000, 0x0000, 0x0000, 0x0000, 0x0000, 0x0000, 0x0000, 0x0000, 
  0x0000, 0x0000, 0x0000, 0x0000, 0x0000, 0x0000, 0x0000, 0x0000, 0x0000, 0x0000, 0x0000, 0x0000, 
  0x0000, 0x0000, 0x0000, 0x0000, 0x0000, 0x0000, 0x0000, 0x0000, 0x0000, 0x0000, 0x0000, 0x0000, 
  0x0000, 0x0000, 0x0000, 0x0000, 0x0000, 0x0000, 0x0000, 0x0000, 0x0000, 0x0000, 0x0000, 0x0000, 
  0x0000, 0x0000, 0x0000, 0x0000, 0x0000, 0x0000, 0x0000, 0x0000, 0x0000, 0x0000, 0x0000, 0x0000, 
  0x0000, 0x0000, 0x0000, 0x0000, 0x0000, 0x0000, 0x0000, 0x0000, 0x0000, 0x0000, 0x0000, 0x0000, 
  0x0000, 0x0000, 0x0000, 0x0000, 0x0000, 0x0000, 0x0000, 0x0000, 0x0000, 0x0000, 0x0000, 0x0000, 
  0x0000, 0x0000, 0x0000, 0x0000, 0x0000, 0x0000, 0x0000, 0x0000, 0x0000, 0x0000, 0x0000, 0x0000, 
  0x0000, 0x0000, 0x0000, 0x0000, 0x0000, 0x0000, 0x0000, 0x0000, 0x0000, 0x0000, 0x0000, 0x0000, 
  0x0000, 0x0000, 0x0000, 0x0000, 0x0000, 0x0000, 0x0000, 0x0000, 0x0000, 0x0000, 0x0000, 0x0000, 
  0x0000, 0x0000, 0x0000, 0x0000, 0x0000, 0x0000, 0x0000, 0x0000, 0x0000, 0x0000, 0x0000, 0x0000, 
  0x0000, 0x0000, 0x0000, 0x0000, 0x0000, 0x0000, 0x0000, 0x0000, 0x0000, 0x0000, 0x0000, 0x0000, 
  0x0000, 0x0000, 0x0000, 0x0000, 0x0000, 0x0000, 0x0000, 0x0000, 0x0000, 0x0000, 0x0000, 0x0000, 
  0x0000, 0x0000, 0x0000, 0x0000, 0x0000, 0x0000, 0x0000, 0x0000, 0x0000, 0x0000, 0x0000, 0x0000, 
  0x0000, 0x0000, 0x0000, 0x0000, 0x0000, 0x0000, 0x0000, 0x0000, 0x0000, 0x0000, 0x0000, 0x0000, 
  0x0000, 0x0000, 0x0000, 0x0000, 0x0000, 0x0000, 0x0000, 0x0000, 0x0000, 0x0000, 0x0000, 0x0000, 
  0x0000, 0x0000, 0x0000, 0x0000, 0x0000, 0x0000, 0x0000, 0x0000, 0x0000, 0x0000, 0x0000, 0x0000, 
  0x0000, 0x0000, 0x0000, 0x0000, 0x0000, 0x0000, 0x0000, 0x0000, 0x0000, 0x0000, 0x0000, 0x0000, 
  0x0000, 0x0000, 0x0000, 0x0000, 0x0000, 0x0000, 0x0000, 0x0000, 0x0000, 0x0000, 0x0000, 0x0000, 
  0x0000, 0x0000, 0x0000, 0x0000, 0x0000, 0x0000, 0x0000, 0x0000, 0x0000, 0x0000, 0x0000, 0x0000, 
  0x0000, 0x0000, 0x0000, 0x0000, 0x0000, 0x0000, 0x0000, 0x0000, 0x0000, 0x0000, 0x0000, 0x0000, 
  0x0000, 0x0000, 0x0000, 0x0000, 0x0000, 0x0000, 0x0000, 0x0000, 0x0000, 0x0000, 0x0000, 0x0000, 
  0x0000, 0x0000, 0x0000, 0x0000, 0x0000, 0x0000, 0x0000, 0x0000, 0x0000, 0x0000, 0x0000, 0x0000, 
  0x0000, 0x0000, 0x0000, 0x0000, 0x0000, 0x0000, 0x0000, 0x0000, 0x0000, 0x0000, 0x0000, 0x0000, 
  0x0000, 0x0000, 0x0000, 0x0000, 0x0000, 0x0000, 0x0000, 0x0000, 0x0000, 0x0000, 0x0000, 0x0000, 
  0x0000, 0x0000, 0x0000, 0x0000, 0x0000, 0x0000, 0x0000, 0x0000, 0x0000, 0x0000, 0x0000, 0x0000, 
  0x0000, 0x0000, 0x0000, 0x0000, 0x0000, 0x0000, 0x0000, 0x0000, 0x0000, 0x0000, 0x0000, 0x0000, 
  0x0000, 0x0000, 0x0000, 0x0000, 0x0000, 0x0000, 0x0000, 0x0000, 0x0000, 0x0000, 0x0000, 0x0000, 
  0x0000, 0x0000, 0x0000, 0x0000, 0x0000, 0x0000, 0x0000, 0x0000, 0x0000, 0x0000, 0x0000, 0x0000, 
  0x0000, 0x0000, 0x0000, 0x0000, 0x0000, 0x0000, 0x0000, 0x0000, 0x0000, 0x0000, 0x0000, 0x0000, 
  0x0000, 0x0000, 0x0000, 0x0000, 0x0000, 0x0000, 0x0000, 0x0000, 0x0000, 0x0000, 0x0000, 0x0000, 
  0x0000, 0x0000, 0x0000, 0x0000, 0x0000, 0x0000, 0x0000, 0x0000, 0x0000, 0x0000, 0x0000, 0x0000, 
  0x0000, 0x0000, 0x0000, 0x0000, 0x0000, 0x0000, 0x0000, 0x0000, 0x0000, 0x0000, 0x0000, 0x0000, 
  0x0000, 0x0000, 0x0000, 0x0000, 0x0000, 0x0000, 0x0000, 0x0000, 0x0000, 0x0000, 0x0000, 0x0000, 
  0x0000, 0x0000, 0x0000, 0x0000, 0x0000, 0x0000, 0x0000, 0x0000, 0x0000, 0x0000, 0x0000, 0x0000, 
  0x0000, 0x0000, 0x0000, 0x0000, 0x0000, 0x0000, 0x0000, 0x0000, 0x0000, 0x0000, 0x0000, 0x0000, 
  0x0000, 0x0000, 0x0000, 0x0000, 0x0000, 0x0000, 0x0000, 0x0000, 0x0000, 0x0000, 0x0000, 0x0000, 
  0x0000, 0x0000, 0x0000, 0x0000, 0x0000, 0x0000, 0x0000, 0x0000, 0x0000, 0x0000, 0x0000, 0x0000, 
  0x0000, 0x0000, 0x0000, 0x0000, 0x0000, 0x0000, 0x0000, 0x0000, 0x0000, 0x0000, 0x0000, 0x0000, 
  0x0000, 0x0000, 0x0000, 0x0000, 0x0000, 0x0000, 0x0000, 0x0000, 0x0000, 0x0000, 0x0000, 0x0000, 
  0x0000, 0x0000, 0x0000, 0x0000, 0x0000, 0x0000, 0x0000, 0x0000, 0x0000, 0x0000, 0x0000, 0x0000, 
  0x0000, 0x0000, 0x0000, 0x0000, 0x0000, 0x0000, 0x0000, 0x0000, 0x0000, 0x0000, 0x0000, 0x0000, 
  0x0000, 0x0000, 0x0000, 0x0000, 0x0000, 0x0000, 0x0000, 0x0000, 0x0000, 0x0000, 0x0000, 0x0000, 
  0x0000, 0x0000, 0x0000, 0x0000, 0x0000, 0x0000, 0x0000, 0x0000, 0x0000, 0x0000, 0x0000, 0x0000, 
  0x0000, 0x0000, 0x0000, 0x0000, 0x0000, 0x0000, 0x0000, 0x0000, 0x0000, 0x0000, 0x0000, 0x0000, 
  0x0000, 0x0000, 0x0000, 0x0000, 0x0000, 0x0000, 0x0000, 0x0000, 0x0000, 0x0000, 0x0000, 0x0000, 
  0x0000, 0x0000, 0x0000, 0x0000, 0x0000, 0x0000, 0x0000, 0x0000, 0x0000, 0x0000, 0x0000, 0x0000, 
  0x0000, 0x0000, 0x0000, 0x0000, 0x0000, 0x0000, 0x0000, 0x0000, 0x0000, 0x0000, 0x0000, 0x0000, 
  0x0000, 0x0000, 0x0000, 0x0000, 0x0000, 0x0000, 0x0000, 0x0000, 0x0000, 0x0000, 0x0000, 0x0000, 
  0x0000, 0x0000, 0x0000, 0x0000, 0x0000, 0x0000, 0x0000, 0x0000, 0x0000, 0x0000, 0x0000, 0x0000, 
  0x0000, 0x0000, 0x0000, 0x0000, 0x0000, 0x0000, 0x0000, 0x0000, 0x0000, 0x0000, 0x0000, 0x0000, 
  0x0000, 0x0000, 0x0000, 0x0000, 0x0000, 0x0000, 0x0000, 0x0000, 0x0000, 0x0000, 0x0000, 0x0000, 
  0x0000, 0x0000, 0x0000, 0x0000, 0x0000, 0x0000, 0x0000, 0x0000, 0x0000, 0x0000, 0x0000, 0x0000, 
  0x0000, 0x0000, 0x0000, 0x0000, 0x0000, 0x0000, 0x0000, 0x0000, 0x0000, 0x0000, 0x0000, 0x0000, 
  0x0000, 0x0000, 0x0000, 0x0000, 0x0000, 0x0000, 0x0000, 0x0000, 0x0000, 0x0000, 0x0000, 0x0000, 
  0x0000, 0x0000, 0x0000, 0x0000, 0x0000, 0x0000, 0x0000, 0x0000, 0x0000, 0x0000, 0x0000, 0x0000, 
  0x0000, 0x0000, 0x0000, 0x0000, 0x0000, 0x0000, 0x0000, 0x0000, 0x0000, 0x0000, 0x0000, 0x0000, 
  0x0000, 0x0000, 0x0000, 0x0000, 0x0000, 0x0000, 0x0000, 0x0000, 0x0000, 0x0000, 0x0000, 0x0000, 
  0x0000, 0x0000, 0x0000, 0x0000, 0x0000, 0x0000, 0x0000, 0x0000, 0x0000, 0x0000, 0x0000, 0x0000, 
  0x0000, 0x0000, 0x0000, 0x0000, 0x0000, 0x0000, 0x0000, 0x0000, 0x0000, 0x0000, 0x0000, 0x0000, 
  0x0000, 0x0000, 0x0000, 0x0000, 0x0000, 0x0000, 0x0000, 0x0000, 0x0000, 0x0000, 0x0000, 0x0000, 
  0x0000, 0x0000, 0x0000, 0x0000, 0x0000, 0x0000, 0x0000, 0x0000, 0x0000, 0x0000, 0x0000, 0x0000, 
  0x0000, 0x0000, 0x0000, 0x0000, 0x0000, 0x0000, 0x0000, 0x0000, 0x0000, 0x0000, 0x0000, 0x0000, 
  0x0000, 0x0000, 0x0000, 0x0000, 0x0000, 0x0000, 0x0000, 0x0000, 0x0000, 0x0000, 0x0000, 0x0000, 
  0x0000, 0x0000, 0x0000, 0x0000, 0x0000, 0x0000, 0x0000, 0x0000, 0x0000, 0x0000, 0x0000, 0x0000, 
  0x0000, 0x0000, 0x0000, 0x0000, 0x0000, 0x0000, 0x0000, 0x0000, 0x0000, 0x0000, 0x0000, 0x0000, 
  0x0000, 0x0000, 0x0000, 0x0000, 0x0000, 0x0000, 0x0000, 0x0000, 0x0000, 0x0000, 0x0000, 0x0000, 
  0x0000, 0x0000, 0x0000, 0x0000, 0x0000, 0x0000, 0x0000, 0x0000, 0x0000, 0x0000, 0x0000, 0x0000, 
  0x0000, 0x0000, 0x0000, 0x0000, 0x0000, 0x0000, 0x0000, 0x0000, 0x0000, 0x0000, 0x0000, 0x0000, 
  0x0000, 0x0000, 0x0000, 0x0000, 0x0000, 0x0000, 0x0000, 0x0000, 0x0000, 0x0000, 0x0000, 0x0000, 
  0x0000, 0x0000, 0x0000, 0x0000, 0x0000, 0x0000, 0x0000, 0x0000, 0x0000, 0x0000, 0x0000, 0x0000, 
  0x0000, 0x0000, 0x0000, 0x0000, 0x0000, 0x0000, 0x0000, 0x0000, 0x0000, 0x0000, 0x0000, 0x0000, 
  0x0000, 0x0000, 0x0000, 0x0000, 0x0000, 0x0000, 0x0000, 0x0000, 0x0000, 0x0000, 0x0000, 0x0000, 
  0x0000, 0x0000, 0x0000, 0x0000, 0x0000, 0x0000, 0x0000, 0x0000, 0x0000, 0x0000, 0x0000, 0x0000, 
  0x0000, 0x0000, 0x0000, 0x0000, 0x0000, 0x0000, 0x0000, 0x0000, 0x0000, 0x0000, 0x0000, 0x0000, 
  0x0000, 0x0000, 0x0000, 0x0000, 0x0000, 0x0000, 0x0000, 0x0000, 0x0000, 0x0000, 0x0000, 0x0000, 
  0x0000, 0x0000, 0x0000, 0x0000, 0x0000, 0x0000, 0x0000, 0x0000, 0x0000, 0x0000, 0x0000, 0x0000, 
  0x0000, 0x0000, 0x0000, 0x0000, 0x0000, 0x0000, 0x0000, 0x0000, 0x0000, 0x0000, 0x0000, 0x0000, 
  0x0000, 0x0000, 0x0000, 0x0000, 0x0000, 0x0000, 0x0000, 0x0000, 0x0000, 0x0000, 0x0000, 0x0000, 
  0x0000, 0x0000, 0x0000, 0x0000, 0x0000, 0x0000, 0x0000, 0x0000, 0x0000, 0x0000, 0x0000, 0x0000, 
  0x0000, 0x0000, 0x0000, 0x0000, 0x0000, 0x0000, 0x0000, 0x0000, 0x0000, 0x0000, 0x0000, 0x0000, 
  0x0000, 0x0000, 0x0000, 0x0000, 0x0000, 0x0000, 0x0000, 0x0000, 0x0000, 0x0000, 0x0000, 0x0000, 
  0x0000, 0x0000, 0x0000, 0x0000, 0x0000, 0x0000, 0x0000, 0x0000, 0x0000, 0x0000, 0x0000, 0x0000, 
  0x0000, 0x0000, 0x0000, 0x0000, 0x0000, 0x0000, 0x0000, 0x0000, 0x0000, 0x0000, 0x0000, 0x0000, 
  0x0000, 0x0000, 0x0000, 0x0000, 0x0000, 0x0000, 0x0000, 0x0000, 0x0000, 0x0000, 0x0000, 0x0000, 
  0x0000, 0x0000, 0x0000, 0x0000, 0x0000, 0x0000, 0x0000, 0x0000, 0x0000, 0x0000, 0x0000, 0x0000, 
  0x0000, 0x0000, 0x0000, 0x0000, 0x0000, 0x0000, 0x0000, 0x0000, 0x0000, 0x0000, 0x0000, 0x0000, 
  0x0000, 0x0000, 0x0000, 0x0000, 0x0000, 0x0000, 0x0000, 0x0000, 0x0000, 0x0000, 0x0000, 0x0000, 
  0x0000, 0x0000, 0x0000, 0x0000, 0x0000, 0x0000, 0x0000, 0x0000, 0x0000, 0x0000, 0x0000, 0x0000, 
  0x0000, 0x0000, 0x0000, 0x0000, 0x0000, 0x0000, 0x0000, 0x0000, 0x0000, 0x0000, 0x0000, 0x0000, 
  0x0000, 0x0000, 0x0000, 0x0000, 0x0000, 0x0000, 0x0000, 0x0000, 0x0000, 0x0000, 0x0000, 0x0000, 
  0x0000, 0x0000, 0x0000, 0x0000, 0x0000, 0x0000, 0x0000, 0x0000, 0x0000, 0x0000, 0x0000, 0x0000, 
  0x0000, 0x0000, 0x0000, 0x0000, 0x0000, 0x0000, 0x0000, 0x0000, 0x0000, 0x0000, 0x0000, 0x0000, 
  0x0000, 0x0000, 0x0000, 0x0000, 0x0000, 0x0000, 0x0000, 0x0000, 0x0000, 0x0000, 0x0000, 0x0000, 
  0x0000, 0x0000, 0x0000, 0x0000, 0x0000, 0x0000, 0x0000, 0x0000, 0x0000, 0x0000, 0x0000, 0x0000, 
  0x0000, 0x0000, 0x0000, 0x0000, 0x0000, 0x0000, 0x0000, 0x0000, 0x0000, 0x0000, 0x0000, 0x0000, 
  0x0000, 0x0000, 0x0000, 0x0000, 0x0000, 0x0000, 0x0000, 0x0000, 0x0000, 0x0000, 0x0000, 0x0000, 
  0x0000, 0x0000, 0x0000, 0x0000, 0x0000, 0x0000, 0x0000, 0x0000, 0x0000, 0x0000, 0x0000, 0x0000, 
  0x0000, 0x0000, 0x0000, 0x0000, 0x0000, 0x0000, 0x0000, 0x0000, 0x0000, 0x0000, 0x0000, 0x0000, 
  0x0000, 0x0000, 0x0000, 0x0000, 0x0000, 0x0000, 0x0000, 0x0000, 0x0000, 0x0000, 0x0000, 0x0000, 
  0x0000, 0x0000, 0x0000, 0x0000, 0x0000, 0x0000, 0x0000, 0x0000, 0x0000, 0x0000, 0x0000, 0x0000, 
  0x0000, 0x0000, 0x0000, 0x0000, 0x0000, 0x0000, 0x0000, 0x0000, 0x0000, 0x0000, 0x0000, 0x0000, 
  0x0000, 0x0000, 0x0000, 0x0000, 0x0000, 0x0000, 0x0000, 0x0000, 0x0000, 0x0000, 0x0000, 0x0000
};

// *** BẢNG TRA CỨU ĐỂ DỄ DÀNG TRUY CẬP ICON BẰNG CHỈ SỐ (INDEX) ***
const uint16_t* const weather_icons[] = {
  WEATHER48_ICON_0,
  WEATHER48_ICON_1,
  WEATHER48_ICON_2,
  WEATHER48_ICON_3,
  WEATHER48_ICON_4,
  WEATHER48_ICON_5,
  WEATHER48_ICON_6,
  WEATHER48_ICON_7
};

// *** NHÃN (LABEL) ĐA NGÔN NGỮ ***
const char* const WEATHER_LABELS_VI[] PROGMEM = {
  "Trời quang", "Ít mây", "Nhiều mây", "Mưa", 
  "Dông", "Tuyết", "Sương mù", "Không rõ"
};

const char* const WEATHER_LABELS_EN[] PROGMEM = {
  "Clear", "Partly Cloudy", "Cloudy", "Rain", 
  "Storm", "Snow", "Fog", "Unknown"
};